user_id,comment,rating,timestamp,image_count,is_purchased,product_id,shop_id,h1_content,h2_duplicate,h3_burst,h4_semantic,is_suspicious,char_length,word_count
32c5f9a9ab7bf51986bc859e9a81e9d728dfc28fe758833dc457074f1e28c866,"Đúng với mô tả:đúng Màu sắc:xanh & đen Chất liệu:vải thoáng khí Quá tuyệt vời, chất liệu thoáng, thấm hút tốt & bay hơi cũng tốt ! Rất thoải mái khi tập thể dục cường độ cao ! Giá cũng mềm, săn sale còn có 79k/ áo thôi ! Quá xịn rồi !",5,2023-07-01 18:50:50,3,True,10280321597,24710134,0,0,0,0,0,234,53
2315bcb79ea83e91eb31627e4a5d56af3e5840cd3d52303f76938c515ee5912f,"Đúng với mô tả:tốt Chất lượng sản phẩm:tốt Mỏng, nhẹ, nhanh khô Co giãn, thoải mái Màu nâu bên ngoài nhạt hơn trên ảnh 1m75 67kg Đóng gói cẩn thận Giao hàng nhanh",5,2025-01-04 11:02:25,4,True,10280321597,24710134,0,0,0,0,0,162,33
2315bcb79ea83e91eb31627e4a5d56af3e5840cd3d52303f76938c515ee5912f,"Chất lượng sản phẩm:rất tốt Áo đẹp, màu đẹp Nhẹ, thoáng, nhanh khô 1m75 66kg size M ôm đẹp, L thoải mái Đóng gói và giao hàng rất nhanh",5,2024-08-17 11:06:13,5,True,10280321597,24710134,0,0,0,0,0,135,29
2315bcb79ea83e91eb31627e4a5d56af3e5840cd3d52303f76938c515ee5912f,"Đúng với mô tả:tốt Chất lượng sản phẩm:tốt Mỏng, mát, thoáng, nhanh khô 1m75 66kg size S ôm sát, M L thoải mái Đóng gói cẩn thận, giao hàng rất nhanh",5,2024-08-02 11:59:17,5,True,10280321597,24710134,0,0,0,0,0,149,31
dc5e001d87186723088ea509177535e69107f1cf2b5644e42404a3ccbc3a0dc1,"Chất liệu:vải lưới nhỏ, thoáng khí Màu sắc:xanh nary Đúng với mô tả:đúng là thấm hút nhanh và cũng thoáng khí mau khô Hợp với hoạt động thể thao và là chiếc áo mỏng nhẹ dành cho những người hay bị nóng",5,2022-05-28 10:51:12,2,True,10280321597,24710134,0,0,0,0,0,201,42
f885486772e8d3b27e8b05ff50775d22d38544f49c0be64c4f9977b11bde3823,"Chất liệu:49% polyester 51% recycle Đúng với mô tả:good Màu sắc:4 màu 310k 4 cái, 1 cái 77k, giá ok ,chất liệu vải vừa, ko mỏng quá cũg ko dày, vải này mặc thoág mát, co giản, chủ yêu mua để mặc đi ngủ, mặc ở nhà hoặc chơi thể thao, đường chỉ may đẹp ko chỉ thừa hay bụi vải, phần cổ áo có may thêm đường vải rất êm,cao m7 nặng 64kg. lúc đầu cũg hơi lăn tăn tuy nhiên rất hài lòg với SP ,cũg mua nhìu ở coolmate rồi, rất tuyệt sẽ mua tiếp",5,2023-10-17 12:31:51,5,True,10280321597,24710134,0,0,0,0,0,438,98
aa70200610ad49e2fb1ab45f0cedb9e1cfadec28980f8362743aef990b8a3420,"Đúng với mô tả:đúng Chất lượng sản phẩm:good for the price Áo phông chất vải mềm mại, mát và co giãn tốt. Form áo vừa vặn, đường may chắc chắn. Mặc lên rất thoải mái và đẹp, đáng mua!",5,2025-04-09 21:51:03,3,True,10280321597,24710134,0,0,0,0,0,183,39
2315bcb79ea83e91eb31627e4a5d56af3e5840cd3d52303f76938c515ee5912f,"Chất lượng sản phẩm:tốt 176 66kg size L vừa, size M ôm đẹp Thoáng, nhanh khô, màu xanh Cobalt rất đẹp Đóng gói cẩn thận, giao hàng nhanh",5,2024-07-17 15:00:59,5,True,10280321597,24710134,0,0,0,0,0,136,28
e38634a537572c5f540ce738996a6fc52aa407f9478a692b6f4de5673513eb90,"Chất liệu:cotton lạnh Màu sắc:xanh, đen Vải lạnh. Giao hàng nhanh. chất liệu lạnh tốt, 5 sao ủng hộ cho hàng Việt..mua sale 6/6 giá tốt",5,2022-06-12 11:46:49,2,True,10280321597,24710134,0,0,0,0,0,135,26
d78ce02a4bc277b7906e5372f9bb8629d594b4b180a99fed7dfa9620b2a50b1d,"Chất liệu:có in trên áo Màu sắc:đen và xanh mint Đúng với mô tả:đúng Áo mỏng, nhẹ mà mát lắm mọi người. Thích hợp mặc nhà hoặc đi tập thể dục. Lần trước mua thử 1 cái thấy ổn áp nên lần này mua thêm 2 cái nữa. ^^",5,2022-09-12 16:05:53,2,True,10280321597,24710134,0,0,0,0,0,212,49
15dcf8ed30342f94a8c551b102aadc99efe56229eda69c3d5d76a9424f298348,"Chất lượng sản phẩm:Ok Đúng với mô tả:Đúng Áo rất vừa vặn, mỏng mát, thấm hút tốt, chuẩn bị và giao hàng nhanh, ok nhé",5,2024-06-05 23:24:49,1,True,10280321597,24710134,0,0,0,0,0,118,25
5d2149082c099d86d2b1b3658f47993d4c6a8003e919c3c0de9e14dc8e9dafc9,"Chất lượng sản phẩm:Siêu chất lượng Đúng với mô tả:Đúng Đồ coolmate thì không phải bàn cãi rồi Chất lượng dịch vụ cũng rất tốt Chất vải mặc rất thoải mái, mát, bền",5,2024-09-13 07:41:02,1,True,10280321597,24710134,0,0,0,0,0,163,33
a19a1987ef4efdf90aa6bb9f467f7ee83b113631d3497c632b69bbd1da63340f,"Shop giao hàng nhanh. Đóng gói cẩn thận. Áo mặc mát, co giãn thoải mái. Màu sắc feedback do đt chụp ko giống ngoài thực tế.",5,2023-10-09 09:57:29,1,True,10280321597,24710134,0,0,0,0,0,123,26
0be57253a8d6d8dcbfa32ef767a52eef284f412686a4e340435e9e6db488fc7f,"Đúng với mô tả:đúng màu và size mình đặt Chất lượng sản phẩm:tốt trong tầm giá Đóng gói hàng rất đẹp, thời gian giao hàng 3 ngày từ hn vào hcm, chất áo bận vào mát mỏng nhẹ, size bận rất thoải mái vừa người",5,2024-01-07 18:59:33,2,True,10280321597,24710134,0,0,0,0,0,206,45
7bac3de23c1361d7c2be362d6a58b24acbca437c5784d58b922c7f83bc551710,"Đúng với mô tả:đúng Chất lượng sản phẩm:tốt Hàng coolmate thì khỏi chê rồi Fom chuẩn, đường may mũi chỉ chính xác, vải và màu áo tốt. 5 sao.",5,2025-03-09 21:45:17,4,True,10280321597,24710134,0,0,0,0,0,140,29
b98c98a04a51653b854eb4f590c317bfaa9e3a853e15417b427e4f7e4cdaad71,Chất lượng sản phẩm:ổn Đúng với mô tả:đúng Mua live tưởng áo chạy nhận được sản phẩm mới biết chỉ là áo thể thao thông thường. Chạy thử vẫn thấy thoáng mát Đóng gói cẩn thận giao hàng nhanh chóng 5 sao tặng shop nhé,5,2025-02-19 12:39:30,4,True,10280321597,24710134,0,0,0,0,0,215,45
94306bd89dc18ca67d550e43cbd1e245b0e913f1a1ab4e1c83e612f801c3f580,"Chất vải đầm mỏng nhẹ, Shop tư vấn chọn đúng size nên mặc lên vừa vặn đẹp. Vải đũi thoáng mát, mặc vào không bị nóng. Đóng gói cẩn thận nênsẽ ủng hộ sản phẩm tiếp theo.",5,2024-07-27 18:11:20,0,True,10280321597,24710134,0,0,0,0,0,168,37
52d15dd985f2b7e2d5dbe092e5375c10bc52a7028b8e81fe3e498ff622e5bdb0,"Đúng với mô tả:Đúng Áo đẹp ạ! Chất vải mỏng mát, kiểu dáng đơn giản, thích hợp cho các hoạt động thể thao. Đường may chắc chắn, ngay ngắn. Lần đầu mua hàng của Coolmate và thấy rất ưng ý. Nên mua nhé mn!",5,2023-03-23 00:24:44,4,True,10280321597,24710134,0,0,0,0,0,203,44
e5cb930013ef49277bd909ed0f9205dcbc09e690d5e95a228ca8f84e3057f10f,"Đúng với mô tả:100% Màu sắc:Xanh Chất liệu:Vải thể thao Coolmate đóng gói cẩn thận, tỉ mỉ, trau chuốt, giao hàng nhanh. Uy tín, chuyên nghiệp, chất lượng đảm bảo. Về áo basic, dáng áo dài vì là áo thể thao, chất áo thuộc loại ko dão, không nhăn, có thể sử dụng lâu dài, thoáng mát, nhanh khô.",5,2023-04-24 20:08:47,2,True,10280321597,24710134,0,0,0,0,0,292,59
34d48867cbf994ae712d7b8254e9ce875abb439a00cd7e5e5c5eaf3c1447ca42,"Màu sắc:đúng như hình chụp Chất liệu:ok 👍, đúng kì vọng Lần thứ 2 nhận hàng từ thương hiệu Coolmate, thực sự hài lòng về chất lượng, giá cả cũng như tốc độ giao hàng (đặt ngày 14.6 đến 15, 16.6 nhận lần lượt 2 đơn) và sẽ còn đặt mua nữa. Well done 👌",5,2023-06-16 18:42:44,4,True,10280321597,24710134,0,0,0,0,0,249,55
4d05c6881b6366e4e9aaf65c2e934302a719e35bb3b6289ba99ec733246db0aa,"Áo màu xanh cool rất đẹp. Chất vải đẹp, màu áo đơn giản mà sang. Mua bằng tk mới chỉ 116k/ 2 áo, quá hời. Bảng size chính xác",5,2024-07-26 15:48:26,2,True,10280321597,24710134,0,0,0,0,0,125,29
ace84cb83b4b141b669ad842f6a644922fd976ca042e7cdef020047f7e38b085,"Đúng với mô tả:đúng Màu sắc:đen xanh navy Chất liệu:thun Shop gói kỹ giao cũng nhanh , áo đẹp chất vải mát đường may kỹ , giá hợp lí , nên mua , ủng hộ lần sau , shipper vui vẻ",5,2023-06-26 11:02:44,4,True,10280321597,24710134,0,0,0,0,0,176,41
6bf6a0b7d466657bd63ca3a658cfd0e787e56e50c2f2a96820f53ea39860595b,"Chất liệu:coolmate recycle Màu sắc:xanh bóng đêm Đúng với mô tả:đúng với mô tả Hàng được đóng gói cẩn thận, giao khá nhanh, đúng màu sắc và số lượng, chất lượng hàng đẹp",5,2022-09-04 14:23:36,1,True,10280321597,24710134,0,0,0,0,0,169,33
58167945f7191a9058d59e15d82f3380653b02ccf22eb960575e1d13d6714556,"Mua áo coolmate hơn chục cái rồi , rất tuyệt vời , áo thấm hút mồ hôi tối , nhanh khô , dặc biệt là áo ít bị ám mùi mồ hôi",5,2022-10-28 13:06:57,2,True,10280321597,24710134,0,0,0,0,0,122,32
3d34a18358e21ddbaa5c6efe278f74f2f446f99d1673f297f368cba24f627a1a,"Đúng với mô tả:quá chuẩn luôn👍 Chất liệu:áo có lỗ thông hơi, mát mẻ, thoáng khí. 👏 Màu sắc:đúng với quảng cáo Shop gói hàng quá đẹp 🔟đ. Giao hàng cũng khá nhanh. Cảm ơn Coolmate, Shopee và a Ship. 👍😄😎😊👏",5,2022-09-16 15:37:00,1,True,10280321597,24710134,0,0,0,0,0,202,41
f5651c047a80cda622eef686608c9e5e34d0e6fdbab834e196788aa768d1db8d,"Chất lượng sản phẩm:đẹp Đúng với mô tả:đúng Sản phẩm đẹp, đường may cẩn thận không giống với các loại hàng TQ giá rẻ. Vải mát. Shop hỗ trợ nhiệt tình đổi hàng chuyên nghiệp.",5,2023-12-07 20:41:52,1,True,10280321597,24710134,0,0,0,0,0,173,35
daaf7330758d9e124c9aa42b11395a23797e42d19c347f52c25def3ca19fb493,"Chất lượng sản phẩm:tot Đúng với mô tả:dung Chất lượng quá tốt so với giá. Đã mua rất nhiều hàng của coolmate rồi. Chăm sóc kh tốt, gói hàng chỉn chu. Vừa rồi còn dc nhận quà sn của shop nữa",5,2024-02-18 10:51:09,3,True,10280321597,24710134,0,0,0,0,0,190,41
9340a92625c52b1f735fb7e012749fae83c463a02ea2e6653d645f077355704f,Đúng với mô tả:đúng Chất lượng sản phẩm:tốt Săn sale trên live được mã mua áo giá hời. Sản phẩm chất lượng tốt. Áo có độ co giãn. Sẽ tiếp tục ủng hộ shop trong thời gian tới. Shop đóng gói cẩn thận và tỉ mỉ. Shipper thân thiện. Ship hàng toàn quốc nhanh chóng. Cảm ơn shop nhiều . Nên mua nhé mọi người,5,2024-08-23 21:14:12,1,True,10280321597,24710134,0,0,0,0,0,302,65
7f39dde219f115d074c57abcad55b21db16d76406088e2c8ca1c9f93d8a9cdcf,"Chất lượng sản phẩm:Tốt Đúng với mô tả:Đúng Chất lượng sản phẩm 10/10, rất ưng ý; các chi tiết trên sản phẩm được làm cực kì nét, chuẩn chỉnh; cách đóng gói đẹp và chỉn chu. Mua hàng trên live với giá siêu hời và recommend nên mua nha 🦾",5,2024-03-05 15:00:38,1,True,10280321597,24710134,0,0,0,0,0,236,50
bc6c826b838b85f0e5eecd1b4e02733dc1db21d560a8ef82ae015f9f7acb84f3,"Đúng với mô tả:Đúng Màu sắc:Đúng Chất liệu:Thoáng mát Hàng của Coolmate thì yên tâm về chất lượng. Vải mỏng nhẹ, khô tháng, mau khô. Sẽ tiếp tục ủng hộ shop ❤️",5,2023-05-09 19:56:26,1,True,10280321597,24710134,0,0,0,0,0,159,32
fcaafd7e79c7e9e4a6d5dfab7b005a7b5d6bb62f10c5121a6de744f36744d514,"Chất lượng sản phẩm:vừa ý Đúng với mô tả:sản phẩm như quảng cáo Vải đẹp, mỏng, thoáng mát, mặc vào rất thoải mái. Đường chỉ may chắc chắn, sử dụng hài lòng sẽ tiếp tục tin tưởng và ủng hộ Coolmate.",5,2024-08-17 11:33:10,3,True,10280321597,24710134,0,0,0,0,0,197,41
e5cb930013ef49277bd909ed0f9205dcbc09e690d5e95a228ca8f84e3057f10f,"Chất liệu:Thể thao Màu sắc:Ghi xám Đúng với mô tả:100% Áo đẹp, mình rất thích chất áo như này, giống với đồ đá bóng vì thoáng mát, nhanh khô, không bị nhàu, dão vải. Trong các sản phẩm của shop thì mình ưng loại này nhất, giá cả hợp lý, mặc cực kỳ thoải mái, dễ chịu. Mình cao 1m69, nặng 67kg mặc áo vừa đẹp.",5,2023-10-09 12:55:10,2,True,10280321597,24710134,0,0,0,0,0,308,66
b4ac5bb4206038391f37e3152b87f62f15b29120540a8027e33764debf1a19a7,"Đúng với mô tả:Màu đen trơn Chất lượng sản phẩm:Cao Shop giao hàng nhanh, đóng gói cẩn thận. Sản phẩm tốt và chất lượng ạ, rất đáng mua. Mình 1m76 60kg mặc 2XL là đẹp luon",5,2025-02-10 11:28:40,1,True,10280321597,24710134,0,0,0,0,0,171,36
b785493f9c840b83cd7afaa352fbb5f7825345171c6d8a66b35fa6f4391bc264,"Coolmate đóng gói không bao giờ làm mình thất vọng. Chất lượng, mặc mát, giad thành rất hợp lý. Vận chuyển rất nhanh chóng. Sẽ tiếp tục ủng hộ coolmate.",5,2023-11-10 10:19:29,1,True,10280321597,24710134,0,0,0,0,0,152,30
ed74b0fee5fbd8c91301c0821f34264fcd2a3372f290ffbfeb540c655b4ac708,"Chất lượng sản phẩm:tốt Đúng với mô tả:giống quảng cáo Hàng coolmate xài rất thích, vải thoáng khí, vận động thể thao thoải mái. Giá cả phù hợp.",5,2025-07-10 18:50:11,1,True,10280321597,24710134,0,0,0,0,0,144,28
d78ce02a4bc277b7906e5372f9bb8629d594b4b180a99fed7dfa9620b2a50b1d,"Thấm hút:tốt Vật liệu:co giãn, thoáng mát, mau khô Độ bền:bền Giá cả phải chăng, ổn áp, mặc nhà, đi tập hay đi chơi đều ổn.",5,2025-12-04 10:01:56,3,True,10280321597,24710134,0,0,0,0,0,123,26
e93ffa4491206648a84c0a0822e177c859b1470436c1ebb17fefbbbb09c898f9,"Đúng với mô tả:chất lượng tốt Chất lượng sản phẩm:phù hợp giá tiền Với combo 350k cho 2 bộ thể thao thì mình thấy hợp lý, áo với giá thành dưới 100k rất phù hợp mặc ở nhà và đi chơi đảm bảo thoáng mát, thấm hút mồ hôi nhanh. Giao hàng nhanh đúng chất lượng và hỗ trợ khách hàng tốt",5,2025-06-29 14:49:12,2,True,10280321597,24710134,0,0,0,0,0,281,62
304f69138f7113461dc8daada27f60993bb91f2345b03cfb35a3aac36257452e,"Thấm hút:Kiểu vải thoáng khí thoát mồ hôi Vật liệu:Chất vải dày dặn, thoáng khí Độ bền:Có vẻ sẽ bền Hàng nhận được đẹp, chắc chắn, thiết kế thoáng khí, màu sắc sạch đẹp. Phù hợp với tập thể thao. Ship nhanh",5,2026-04-30 06:02:32,1,True,10280321597,24710134,0,0,0,0,0,206,42
b98c98a04a51653b854eb4f590c317bfaa9e3a853e15417b427e4f7e4cdaad71,Đúng với mô tả:đúng Chất lượng sản phẩm:ổn Sản phẩm ngon bổ rẻ Phù hộp mấy môn vận động nhẹ như yoga Đóng gói cẩn thận Bàn giao hàng nhanh chóng Chất liệu phù hợp với giá tiền Sẽ còn ủng hộ những lần sau 5 sao cho shop,5,2025-05-11 19:02:56,3,True,10280321597,24710134,0,0,0,0,0,218,49
2315bcb79ea83e91eb31627e4a5d56af3e5840cd3d52303f76938c515ee5912f,"Thấm hút:tốt, nhanh khô Vật liệu:nhẹ, thoáng Độ bền:vài năm Màu sắc đẹp, thoáng khí, nhanh khô Shop cắt giảm khá nhiều so với trước, ko còn hộp giấy và cây thước giấy nữa, chỉ gói trong túi nhựa :D Đóng gói cẩn thận, giao hàng nhanh",5,2026-04-01 12:42:24,4,True,10280321597,24710134,0,0,0,0,0,232,47
d149e061571e0df96fe16ec8a370b01a6685331d209bc9025b3c9771f9b4ef58,"Quá tuyệt vời, chất liệu thoáng, thấm hút tốt & bay hơi cũng tốt ! Rất thoải mái khi tập thể dục cường độ cao ! Vải lạnh. Giao hàng nhanh. chất liệu lạnh tốt, 5 sao ủng hộ cho hàng Việt..mua sale 6/6 giá tốt Giá cũng mềm, săn sale còn có 79k/ áo thôi ! Quá xịn rồi ! Mỏng, nhẹ, nhanh khô Co giãn, thoải mái Màu nâu bên ngoài nhạt hơn trên ảnh 1m64 55 kg size M Đóng gói cẩn thận Giao hàng nhanh",5,2025-12-20 05:50:04,1,True,10280321597,24710134,0,0,0,0,0,394,89
84d31692222db1c6c1d63c0b6c0adc3ffc76cff16f6436bae14577e1a8519344,"Đúng với mô tả:dung mo ta Chất lượng sản phẩm:chat luong tot Vải nhẹ, chât liệu ok, mặc rất thoáng mát, sẽ ủng hộ thương hiệu Việt tiếp",5,2025-09-19 10:55:56,3,True,10280321597,24710134,0,0,0,0,0,135,28
8f5f4ba9da2c6d505d4b9e0cc771e6244a843f85afd3aacaef2c330718b2ba17,"Áo thoáng khí, thấm hút mồ hôi tốt, phù hợp cho tập luyện và hoạt động ngoài trời. Chất liệu mềm mại, co giãn tốt, mặc rất thoải mái. Kiểu dáng đơn giản nhưng năng động, dễ phối đồ. Một lựa chọn đáng giá cho anh em yêu thể thao! 🚀💪",5,2025-03-09 19:11:03,1,True,10280321597,24710134,0,0,0,0,0,231,51
577933b4b8e0fb790af2788b8ae1e67f37803d9109bfcad0d2644fd8a001dacc,Đúng với mô tả:ddungs Chất lượng sản phẩm:rất tốt Đã mua lần hai . Dòng sp này rất tuyệt giá rẻ giao nhanh . Ko có j để chê❤️,5,2024-05-10 08:33:01,1,True,10280321597,24710134,0,0,0,0,0,125,29
c16e83ae65358a0062fdd4022f53e9827c72b820cffa08383b0a108a409ae39e,Áo thấm hút mồ hôi rất tốt khô nhanh sau khi vận động chất liệu vải nhẹ mềm mại và thoáng mát khi mặc tôi chưa thể hiện tượng rách hạt giãn sau nhiều lần giặt,5,2026-05-29 19:22:53,1,True,10280321597,24710134,0,1,0,0,1,158,36
6285114fcf4937b9bd36151f9ff1427523c2a162ef7d8bae56652593155d6457,"Đúng với mô tả:đúng Chất lượng sản phẩm:tốt Coolmate lúc nào giao hàng cũng siêu nhanh, chỉn chu, đóng gói gọn gàng, đẹp mắt. Săn sale giá mềm mà sản phẩm thì chất lượng, có quà nữa. Áo mỏng nhẹ, thoáng mát, mau khô, thích hợp để vận động nhiều. Màu y hình nha, đt mình quay chụp hơi xu.",5,2025-12-14 17:41:41,2,True,10280321597,24710134,0,0,0,0,0,287,60
5366e7ba0329f68fb2ae1a0ff3f5d39b7b48b5648a412a0cd5265941a5aa110a,"Chất lượng sản phẩm:tốt Đúng với mô tả:đúng Hàng giao nhanh, đóng gói cẩn thận. Mua trên shopee video được áp mã giảm giá nên giá rẻ mn nhé",5,2024-04-28 16:04:15,1,True,10280321597,24710134,0,1,0,0,1,139,29
cb01c74eadf6ba65debc735c019b083957446514b565fa9734a7144e54f0a2a5,"Thấm hút:Áo thấm hút mồ hôi rất tốt, khô nhanh sau khi vận động Vật liệu:Chất liệu vải nhẹ, mềm mại và thoáng mát khi mặc Độ bền:Tôi mới mặc nên không đánh giá được nhưng luôn tin tưởng chất lượng của coolmate",5,2026-02-23 13:30:06,1,True,10280321597,24710134,0,0,0,0,0,209,43
d2fc565dab00c99cde7eeb5b8ccbe1ee23534fb31c76116bbd459ad4771e4f72,"Áo thì chất lượng miễn bàn (số tiền = chất lượng), đóng gói cẩn thận hàng còn nguyên tem và giao hàng nhanh nữa thì giá hợp lý thì dứt. 1m65 nặng 70kg thì L là fit",5,2025-07-12 14:50:03,2,True,10280321597,24710134,0,0,0,0,0,163,37
9333be69f6018264b09f26d804cd8f3c1097c0449ec688325360cd6989e3c4b5,"Nhận hàng rất nhanh, quá ok luôn. Chất liệu vải nhẹ, thoáng mát, nhanh khô và thấm mồ hôi. Màu áo đẹp thoải mái phù hợp khi vận động thể thao. Tuyệt vời.",5,2025-09-19 17:08:58,3,True,10280321597,24710134,0,0,0,0,0,153,33
217e47345c7433d0927d809f7035764f8a1d59cac73fcb6fcdff3a1072bddec5,"Thấm hút:thấm hút tốt và rất nhanh khô Vật liệu:mềm nhẹ thoải mái Độ bền:oke nha shop giao nhanh đúng và đủ đồ. Hàng Cool Mate thì khỏi chê rồi, mãi iuuuu.",5,2026-04-01 13:55:56,2,True,10280321597,24710134,0,0,0,0,0,155,32
3ece88584c02ddd9d626fa976e1a124a41429459fcbd8526397e938a351bc40d,"Đúng với mô tả:đúng Chất lượng sản phẩm:đúng ⭐⭐⭐⭐⭐ | Sự lựa chọn hoàn hảo cho vinh danh và kỷ niệm Tôi đã đặt mua kỷ niệm chương [Tên sản phẩm hoặc thương hiệu] cho sự kiện [Tên sự kiện hoặc mục đích sử dụng], và thực sự hài lòng với chất lượng sản phẩm. ✨ Thiết kế tinh tế, sang trọng Kỷ niệm chương được thiết kế rất đẹp, tinh xảo với các chi tiết sắc nét. Chất liệu [thủy tinh/acrylic/gỗ/kim loại] mang lại cảm giác sang trọng và chuyên nghiệp. Đặc biệt, phần khắc logo và nội dung rất rõ ràng, không bị nhòe hay mờ. 🏆 Chất liệu bền đẹp, chắc chắn Cầm trên tay cảm giác rất chắc chắn, không quá nặng nhưng vẫn đủ độ bền để trưng bày lâu dài. Bề mặt nhẵn mịn, không có vết trầy xước hay lỗi sản xuất.",5,2025-03-27 10:33:33,4,True,10280321597,24710134,0,0,0,0,0,702,149
8cfd5983039b66b1798621e2211e723b60e483980e3e69baa52e65d94c664adf,"Chất liệu:mát Màu sắc:xanh Đúng với mô tả:99% Đóng hộp rất đẹp, phù hợp làm quà tặng, chất áo mỏng mát thấm hút mồ hôi tốt, k sợ bị nhão",5,2023-08-20 13:16:59,2,True,10280321597,24710134,0,0,0,0,0,136,30
e93ffa4491206648a84c0a0822e177c859b1470436c1ebb17fefbbbb09c898f9,"Thấm hút:áo thấm hút tốt Vật liệu:chất liệu vải nhẹ Độ bền:để dùng rồi mới đánh giá dc Áo màu sắc bắt mắt, cầm rất nhẹ tay, để mặc rồi mới bt dc, sẽ đánh giá cho lần mua sau.",5,2026-04-01 19:51:40,2,True,10280321597,24710134,0,0,0,0,0,174,40
1187296557fd40f1abbf555b3214592f6b71286f31d4b6354feadba2495e8476,"Đúng với mô tả:Đúng Chất lượng sản phẩm:Xuất sắc Chất vải mềm và có nhiều lỗ thoáng nên mặc vào rất thoải mái. Độ mỏng vừa phải, độ co dãn tốt. Trong phân khúc giá rẻ thì chắc nó tốt nhất rồi. Mình đã mua mấy chiếc để thay đổi trong mua hè này, 10 sao cho shop luôn.",5,2025-07-31 18:46:58,1,True,10280321597,24710134,0,0,0,0,0,266,59
48af7c065ef116777f594b87e7e5309bbf6719f79b71926cef18068c97a7c13b,"Thấm hút:vừa phải, phơi nhanh khô Vật liệu:mềm nhẹ Độ bền:đã mua 1lần rồi, nên thấy bền nha Size L dài áo 69cm, ngang ngực 54cm mọi người tham khảo nha. Shop giao hàng nhanh gói hàng cũng cẩn thận.",5,2026-03-05 14:54:09,1,True,10280321597,24710134,0,0,0,0,0,197,40
30e65668ab662ab78ef2cb41f2e0a3b08d3f79515c9b846848f31be1796c2eb0,Đúng với mô tả:đúng mô tả Chất lượng sản phẩm:ok Áo mỏng nhẹ dùng cho chơi thể thao. Nào mặc chơi thể thao rồi đánh giá lại. Chất liệu chắc sẽ nong hơn các loại chuyên dụng khác.,5,2024-02-27 21:19:25,1,True,10280321597,24710134,0,0,0,0,0,178,38
3e8110ac3093487f1f6acc73d722bcfac0537a73139d1d96a9cbd7ab6ba84b9e,Chất lượng sản phẩm:ok Đúng với mô tả:ok Giao hàng nhanh nè. Chất liệu thoáng mát. Săn sale đc giá hời nên mua mặc tập thể dục nhẹ lắm,5,2025-02-28 06:49:58,2,True,10280321597,24710134,0,0,0,0,0,134,29
a817193ce6689224be8821655b13c3b42d432c568a8794882d88c15d2d799222,"Chất lượng sản phẩm:Tuyệt vời Đúng với mô tả:Đúng Áo đẹp, chất vải mặc thoáng mát, thoải mái Giao hàng siêu nhanh, đóng gói cẩn thận",5,2025-05-12 20:42:36,1,True,10280321597,24710134,0,0,0,0,0,132,26
b71b25863ce41c5962c55fa72bf11b3adee0a58cd444b820936dc4cdaf1bf929,Chất liệu:caj Đúng với mô tả:yes Màu sắc:đen Giao hàng nhanh Sản phẩm như mô tả rất thoáng Đóng gói đẹp Chưa bh thất vọng về coolmate,5,2023-04-28 10:25:34,2,True,10280321597,24710134,0,0,0,0,0,133,27
217e47345c7433d0927d809f7035764f8a1d59cac73fcb6fcdff3a1072bddec5,"Thấm hút:thấm mồ hôi tốt và rất mau khô nha Vật liệu:vải mềm nhẹ, ko xù lông Độ bền:xịn luôn shop giao nhanh đúng và đủ hàng, vải bền màu đẹp. Mãi iuuuu Cool Mate.",5,2026-03-30 19:47:19,1,True,10280321597,24710134,0,0,0,0,0,163,35
517333ac250c47e0ec0c304e787bed0e96a1559929dd6cdab552994938557be9,"Thấm hút:oke tham hut tot Vật liệu:vải mềm nhẹ Độ bền:khá ok Áo mặc vải mềm mát mặc nhẹ thấm hút mồ hôi ok lắm ạ, săn sale được giá rẻ nữa chứ form dáng cũng vừa người ưng ý ghê, đúng kiểu form vừa phải giống mình thích. Mua bên này khá nhìu sp rùi sẽ ủng hộ tiep. Mà có vấn đề gì shop hỗ trợ rất nhanh và nhiệt tình nữa ạ. Cảm ơn shop nhìu lắm 🥰",5,2026-04-29 05:30:27,1,True,10280321597,24710134,0,0,0,0,0,346,81
8c69ee48aacdf51f478fb90bf553be94ecad316bd29a91dd76e6b7becbb13006,"Thấm hút:nhanh kho khi van dong Vật liệu:mem , thoang mat,dep Giao hàng nhanh, đóng gói cẩn thận, vải áo mềm , thoáng mát , 5* ủng hộ shop nha",5,2026-05-10 16:58:44,2,True,10280321597,24710134,0,0,0,0,0,142,30
5e76377de564142beaf4f9d01f0861422cf6f210ac9ca109e27d13c7c5588edd,"Áo thun rất đẹp, đường may và chất liệu rất tốt!!! mặc￼ lên rất thoải mái!!! shop giao hàng rất nhanh mới đặt hôm qua hôm nay đã có rồi!!! cảm ơn shop nhiều nhé!!! bé giao hàng dễ thương xinh gái nhiệt tình!!!￼",5,2026-04-23 20:18:06,1,True,10280321597,24710134,0,0,0,0,0,210,44
fc377d6f5efcf620066c1567cc35bee5f99c6261dac1b15323fcfb1a5586b938,"Đóng gói đầy đủ sản phẩm, cẩn thận , ngăn lắp , giao hàng nhanh chóng, giá thành quá ổn ,.mua dc giá tốt, sẽ ủng hộ tiếp",5,2026-04-06 19:12:40,1,True,10280321597,24710134,0,0,0,0,0,120,28
1a7eb995e506b43fc58102a5d7b4b94b616508efc4bea9fa373a6d3c37c40cad,"Thấm hút:tốt Vật liệu:nhe Độ bền:beenf Đag bế con nên chỉ chụp đc có thế. Ship siêu nhanh, về rruowcs tết nhưng thiếu 1 áo đen tận miền nam ra",5,2026-02-15 11:21:57,5,True,10280321597,24710134,0,0,0,0,0,142,30
50d17dcdb20bd7a96355b0d73c1b1fabd84b10719c70a10d3e33924a4723bac2,Đúng với mô tả:sản phẩm đúng với mô tả Chất liệu:vải thoáng mát Màu sắc:màu đen Sản phẩm hợp túi tiền Chất lượng sản phẩm ok,5,2023-10-01 10:41:08,1,True,10280321597,24710134,0,0,0,0,0,124,26
418ff59fc744781611fcc49b5ef6b246335660301409bf91aabfcad564640433,"Chất lượng sản phẩm:tot Đúng với mô tả:chuan Áo đẹp Chất liệu mát, vừa vặn Người mặc rất hài lòng với chất lượng của sản phẩm Sẽ tiếp tục ủng hộ shop lần sau",5,2025-09-04 10:00:22,1,True,10280321597,24710134,0,0,0,0,0,157,34
8a0ff0987539bbb9e1751ba0b5cd0d2cc7b09b14e31692608ee286c7e140c7c3,"Chất lượng sản phẩm:tốt Đúng với mô tả:đúng Sản phẩm phù hợp giá tiền, giá cả phải chăng, giao hàng nhanh chóng, vải mát , chờ mặc vài hôm quay lại đánh giá sau",5,2025-03-21 17:06:11,1,True,10280321597,24710134,0,0,0,0,0,160,34
1187296557fd40f1abbf555b3214592f6b71286f31d4b6354feadba2495e8476,"Đúng với mô tả:Đúng mô tả Chất lượng sản phẩm:Rất tốt Chất áo kiểu lỗ kim nên rất thoáng mát, co dãn rất tốt. Thấm hút mồ hôi tốt, nhưng nhanh khô. Độ hoàn thiện tốt, áo ko có chỉ thừa. Chất lượng rất tốt trong tầm giá, mình đã mua nhiều lần cho mình và người thân.",5,2025-06-27 18:57:37,3,True,10280321597,24710134,0,0,0,0,0,265,58
32c5f9a9ab7bf51986bc859e9a81e9d728dfc28fe758833dc457074f1e28c866,"Chất lượng sản phẩm:tốt Đúng với mô tả:đúng quảng cáo Vải đẹp thoáng mát, mjnh mua hàng của shop nhju lần r, shop giao hàng nhanh nên mua nhé",5,2025-02-04 15:38:23,1,True,10280321597,24710134,0,0,0,0,0,141,29
bcc1164ca79c57d611339892c7f356048ad835e4631475ee24447634e127358b,"Thấm hút:Áo nhẹ, mặc thoải mái, nhanh khô Vật liệu:chất liệu mềm mại, thoải mái vận động Độ bền:vải may chắc chắn, bền màu Quá ưng ý cho 1 con áo đa năng, mặc nhà, đi chơi, đi tập, chạy bộ đều ok. Lên áo rất thoải mái, dáng áo chuẩn, nhanh khô, nhẹ nhàng thanh lý. Giá thì quá rẻ, chỉ bằng 1/5 so với các nhãn hàng khác mà cũng không thua kém gì.",5,2026-03-30 00:20:22,1,True,10280321597,24710134,0,0,0,0,0,346,76
5079aeb6e6d2e4ba761d4b42990c7286fbd2b25a7baf6339e6528e38cd924931,"Đúng với mô tả:áo dễ thương Chất lượng sản phẩm:thun mềm Shop đóng gói cẩn thận. Mình mua cũng rất nhiều lần, lần nào shop đóng gói vừa ý. Đánh giá tốt về shop",5,2023-11-20 11:27:13,1,True,10280321597,24710134,0,0,0,0,0,159,34
db01f3da3c4a74078b088afe8f2e949418e73bc6fe0d001294cb8b7944c46640,"Vật liệu:Vải thun mềm, co giãn tốt Thấm hút:Tốt Giao hàng rất nhanh, đóng gói cẩn thận. Áo màu đẹp, giá cả hợp lý. Cảm ơn Coolmate và Shopee. Tuy nhiên khâu vận chuyển cũng cần lưu ý bảo vệ hàng hóa của khách, đừng để khi khách nhận hàng phải nhìn hàng hóa của mình bị đè dẹp, nhăn nhúm, rất là không chuyên nghiệp !",5,2025-11-11 15:53:36,1,True,10280321597,24710134,0,0,0,0,0,316,67
f17f941b4b5736b15f8e90120efdc9baf23cbd89ae672d8b7c789c25277ceffb,"Chất lượng sản phẩm:tốt Đúng với mô tả:tốt Shop giao hàng nhanh,tư vấn nhiệt tình đặt hàng chưa nhắn hỏi gì shop đã nhắn tin tư vấn liền và luôn cập nhật tình trạng hàng hoá cho khách,rất ưng cách chăm sóc khách hàng.Sản phẩm đẹp,đường may chắc chắn.Cho shop 5 ngôi sao nhé.",5,2025-07-03 13:54:54,1,True,10280321597,24710134,0,0,0,0,0,274,54
b04102c77cffca2a74b0c6fb06fbe0cf8a529eb29ad97fbbba2a0a0d47e5516b,"Chất lượng sản phẩm:chuẩn màu Đúng với mô tả:chuẩn thoáng mát giá rẻ mà được con áo brand việt thì còn gì bằng, mặc nhẹ thoáng mát, chuẩn size của shop, mik m65 60kg mặc vừa in",5,2025-06-24 13:56:03,1,True,10280321597,24710134,0,0,0,0,0,176,37
08a466d78cd102547e94c3d271799d5f88304ce7215d1cc6ebf2935bebffa072,"Thấm hút:khô nhanh Vật liệu:mềm mại vận động thoải mái Độ bền:bền ổn định Sản phẩm đẹp, chất liệu vận động thể thao rất thoải mái, giao hàng nhanh, đóng gói sản phẩm cẩn thận",5,2025-12-29 09:41:26,1,True,10280321597,24710134,0,0,0,0,0,174,35
5366e7ba0329f68fb2ae1a0ff3f5d39b7b48b5648a412a0cd5265941a5aa110a,"Chất lượng sản phẩm:tốt Đúng với mô tả:đúng Hàng giao nhanh, đóng gói cẩn thận. Mua trên shopee video được áp mã giảm giá nên giá rẻ mn nhé",5,2024-04-28 15:41:40,1,True,10280321597,24710134,0,1,0,0,1,139,29
00c128aaab419026cf63e89fc7f2ea80f1c37ee9d4bc47c56e5f68b36cc49582,Sản phẩm y hình mặc mát vải mỏng thấy ti.shop giao hàng nhanh chóng đóng gói chắc chắn.màu xanh ve chai mà chụp lên thành blue,5,2025-10-26 10:20:20,1,True,10280321597,24710134,0,0,0,0,0,126,26
3af5a49eee1a8352c660fd8eeab1b7e53b254e3c552a5f8fed6419fa38c0cb67,"Đúng với mô tả:y hình Chất lượng sản phẩm:vải mát Vải nhà cool mate xịn ghê á, nên mua nha mn, nay chắc đổi qua cool mate sài luôn cho rẻ mà chất lượng thì tuyệt vời",5,2024-10-11 12:29:16,1,True,10280321597,24710134,0,0,0,0,0,165,37
aec0a132fccaae5b6b5e57acc9882bee01a49260dca0f5e276f10da78930f5a4,"Thấm hút:tốt Vật liệu:thoáng Độ bền:ok Giao nhanh, đóng gói cẩn thận. Chất thoáng mát, áo trơn. Kể ra có thêm chút logo họa tiết sẽ đẹp hơn",5,2026-04-09 19:16:32,1,True,10280321597,24710134,0,0,0,0,0,139,28
e1e0535439a82f2cc05860ff23cc999dd74dd497b7d50b7b20e91ef479d97973,"Chất lượng sản phẩm:tốt Đúng với mô tả:đúng Đã mua sản phẩm lần 2, chồng mình mặc rất hợp, giá cả phù hợp với chất lượng, sẽ ủng hộ shop lâu dài",5,2025-06-28 09:08:17,1,True,10280321597,24710134,0,0,0,0,0,144,32
126fe32c6c841206b5979da98221eec289167fb69403afa6078bdf26a449e76f,"Đúng với mô tả:Đúng Chất liệu:Đúng Màu sắc:Xám Sản phẩm giao hàng đúng hạn. Vải mềm mịn, đẹp. Đóng gói gọn gàng, sạch sẽ và bắt mắt. Mọi người ủng hộ shop nhé!",5,2023-07-02 09:59:20,2,True,10280321597,24710134,0,0,0,0,0,159,33
dc6c5ea4ea34d9ba367f9e024f5fdaf4939af44d032f25d071efeeed93de5084,"Thấm hút:tốt Vật liệu:dai, mềm Độ bền:có vẻ sẽ bền Sản phẩm mỏng, nhẹ, màu sắc như hình ảnh quảng cáo, mặc cảm giác thoải mái.",5,2026-05-13 09:07:02,5,True,10280321597,24710134,0,0,0,0,0,126,26
bc6c826b838b85f0e5eecd1b4e02733dc1db21d560a8ef82ae015f9f7acb84f3,Màu sắc:Đen Đúng với mô tả:Đúng Chất liệu:Vải thoáng mát Hàng của Cool Mate thì khá an tâm và chất lượng. Ship hàng khá nhanh. Cảm ơn shop ❤️,5,2023-05-19 22:09:53,1,True,10280321597,24710134,0,0,0,0,0,141,29
e0d78e48a1225c00e6e5d508eb253e78ddd093025a6c4ac67153efa2e4a8cddc,"Chất lượng sản phẩm:tốt Đúng với mô tả:99 Sản phẩm đóng gói chỉnh chu và chắc chắn, chất lượng vải ổn, đường may đẹp phù hợp giá tiền",5,2025-05-16 18:46:58,1,True,10280321597,24710134,0,0,0,0,0,133,28
f4897f785991786799f939cd02be74e8706852f076fa17a945097d22deff22d3,"Thấm hút:ok Vật liệu:ok Độ bền:ok Áo thun màu đen size L chất liệu thoáng mát, vừa vặn Đóng gói vận chuyển nhanh chóng, hqua đặt hôm nay đã có luôn siêu nhanh. Đã mua rất nhiều đồ của coôlmate vì mặc hợp 👍",5,2026-04-13 13:05:25,2,True,10280321597,24710134,0,0,0,0,0,205,44
a2fb845289045b65570219b4ee056cf7235e531ff2ed25d8c72623017bc349ed,"Chất lượng sản phẩm:ổn Đúng với mô tả:đúng Áo kiểu dáng bắt mắt, độ dài phù hợp, sử dụng 1 thời gian mới biết được có bền hay không.",5,2024-10-12 18:47:55,0,True,10280321597,24710134,0,0,0,0,0,132,29
e0d19cc00929b9a7f496ea2efd1a258edd3c99364a26e7c00c6e7c9afcc7795a,Chất lượng sản phẩm:đẹp Đúng với mô tả:yes Áo mỏng thoáng khi Áo đen bản mới có bo thêm nửa cổ vs khác mỗi logo,5,2024-04-04 00:36:08,2,True,10280321597,24710134,0,0,0,0,0,111,25
ceeedf52c34a0f603362c9d88507e876290d0307e2bad601c19e5d75fce1527c,Thấm hút:tham hut tot mang di the duc the thao rat oke Vật liệu:nhe nhang thoai mai mat me giat nhanh kho Độ bền:ben mau chiếc áo thứ 1x rồi mua cho cả nhà dùng luôn sản phẩm săn sale rẻ mua nhìu dùng thích đi bộ mặt mát thoải mái sản phẩm vn chất lượng quá oke,5,2025-11-12 20:25:55,1,True,10280321597,24710134,0,0,0,0,0,261,58
dd009796daf35da86efdfc9776fdabbda73859537a75b12d9819d1eb335a920a,"Đúng với mô tả:ok Chất lượng sản phẩm:ổn Lần thứ 2 mua sp của shop, mà lần nào cũng mua đc đợt sale nên giá hạt dẻ cực. Áo mặc nhẹ cũng thấm mồ hôi tốt. Lần này mua mà có gần 80k 1 cái áo luôn",5,2024-07-31 14:09:42,2,True,10280321597,24710134,0,0,0,0,0,192,47
5824856e24d135e976bcb30cc5d45cb976093d30f92649d7d66febca47933e0c,"Màu sắc:xám nhạt Chất liệu:49% polyester 51% recycle Đúng với mô tả:đúng với mô tả Giao hàng nhanh, đóng gói cẩn thận, mặc khá vừa, người hơi gầy nên thân áo hơi rộng",5,2023-05-07 21:06:12,2,True,10280321597,24710134,0,0,0,0,0,166,33
642ba8395955034d70199f5957096caf8809238bffde881f51ce795e20cd3717,"Đúng với mô tả:good Chất lượng sản phẩm:form đẹp size phù hợp vừa vặn, thoáng mát Đóng gói gọn, chất lượng tốt trong tầm giá, gia công chất lượng không có chỉ thừa, form dáng đẹp",5,2025-07-26 20:25:19,2,True,10280321597,24710134,0,0,0,0,0,178,36
1164da49232c06e689fae5954fdb4d2276bfe0e3c98b9ff738e4a57eec79798e,"Thấm hút:Thấm hút mồ hôi tốt Vật liệu:Vải nhẹ, thoáng mát Áo thể thao này có chất liệu thoáng khí và thấm hút tốt, giúp người mặc thoải mái khi vận động. Áo phù hợp cho các hoạt động thể thao. Hơi mỏng",5,2025-12-15 21:25:29,1,True,10280321597,24710134,0,0,0,0,0,201,43
53ece4f9dbc5cef080dbf961cb124036b02b186c005c86c448f85c46b2952992,"Thấm hút:Chat vai thoang mat mem min Độ bền:giat may thoai may Shop ship hàng nhanh chóng, đã mua nhiều màu loại này rồi! Mặc rất mát thích hợp chơi thể thao",5,2026-05-24 12:47:43,1,True,10280321597,24710134,0,0,0,0,0,157,32
ac35f0859e7cbae66a4ecfcfda305bd330defbf62bf8f403c6d44d42acc07b02,"Áo rất đẹp và nhẹ. Phù hợp mặc đi tập, vận động thấm mồ hôi tốt, thoáng khí Mik mấy lần rồi ok lw mn nên mua",5,2025-03-04 17:47:44,3,True,10280321597,24710134,0,0,0,0,0,108,27
4872736cdc57f3ee70451ac6c5d2a0798cff130b8b307330dc29e6c239477976,"Áo mặc vừa vặn, thoải mái, chất liệu thoáng mát, giao hàng nhanh và đóng gói cẩn thận. Rất hài lòng với chất lượng sản phẩm",5,2026-04-02 22:39:10,2,True,10280321597,24710134,0,0,0,0,0,123,26
6c038c2c2cd18bf7edb0efefebc1ff0de3cfc4a00b544ecaca4d50bfab6d4ea1,"Màu sắc:đen Đúng với mô tả:đúng với mô tả Chất liệu:vải thoáng mát Sản phẩm giao hàng rất nhanh, shop đóng gói cẩn thận, chất vải mỏng và thoáng khí phù hợp với mùa hè. Thanks",5,2023-04-16 15:06:33,2,True,10280321597,24710134,0,0,0,0,0,175,36
13e46ab30f6071f196d1182f8f2ec29dc8b12e6edf7e3e24da5521d5a52566bf,"Đúng với mô tả:đúng Chất lượng sản phẩm:tốt Vải mỏng thoáng khí, tem cổ áo silicon đở ngứa kgi mặc. Màu sắc trung tính dễ mặc cới cái quần khác 😍",5,2024-12-03 09:52:26,1,True,10280321597,24710134,0,0,0,0,0,145,31
137fb6177823766baff6ee408df6f652989dd9f92c14d544186798759d9a4db9,"Đóng gói bao bì cẩn thận, bọc rất kỹ, sản phẩm đúng như miêu tả, sản phẩm rất đẹp và dễ thương, chất lượng sản phẩm tuyệt vời, sẽ mua thêm và ủng hộ shop lần sau. Mua sản phẩm còn được giảm giá chiết khấu. Giao hàng nhanh chóng. Cám ơn shopee.",5,2024-12-01 12:50:52,1,True,10280321597,24710134,0,0,0,0,0,243,53
7c93091ae88c56384ba0b77f6688eafce3fa6c60acab6dec390bdd48b9b7f531,"giao hàng nhanh sản phẩm y hình mặc mát, thoáng mua Coolmate từ lúc mới ra mắt thị trường, còn chưa lên sharktank cơ mình đã rất ưng sản phẩm từ lúc đó rồi mà giờ còn có nhiều sản phẩm chất lượng hơn nữa đáng mua lắm nhé mng",5,2023-05-27 12:38:12,1,True,10280321597,24710134,0,0,0,0,0,224,50
2bda429e7e99a14ce4ce2486f20fded6d12f0a06a713ed87ca82b9a563962c14,Quả áo ngon bổ rẻ nhất mùa nóng này. Áo mặc rất thoải mái nên mình mua luôn 3 cái 3 size khác nhau cho cả nhà mặc. Cái màu xanh size S này vừa y form mẹ mình (1m52-55kg).,5,2026-05-17 00:20:28,2,True,10280321597,24710134,0,0,0,0,0,170,40
37a902e31a3594f90b5b2dc07f2afc291aa7682ffb4946f16e516d1f4523f32e,Áo rẻ đẹp quá. Trước đó mua 4 áo như này ở chỗ khác ko đẹp bằng. Giờ mới biết shop này đẹp rẻ như vậy. Mua liên tục 3 lần liên tiếp rồi. Áo này đẹp quá. Nếu có màu khác sẽ mua thêm,5,2025-05-24 11:18:46,3,True,10280321597,24710134,0,0,0,0,0,180,45
55925e7bdbe90cb3e84314018a1645c5b80759c968071e0240b235aa42a3dd5b,"Đúng với mô tả:đúng màu (đen ) Chất lượng sản phẩm:thoáng mát , chắc chắn Shop ship nhanh trước cả thời gian dự kiến, được tẳng bình nước nữa,quần đẹp áo đẹp ủng hộ shop tiếp. Không biết trên shopee coolmate có cho khách ưu đãi tích điểm như mua trên web không nhỉ ?",5,2023-11-18 17:35:50,1,True,10280321597,24710134,0,0,0,0,0,266,55
dc5e001d87186723088ea509177535e69107f1cf2b5644e42404a3ccbc3a0dc1,"Thấm hút:khoo nhanh Vật liệu:vari mongr nhej Độ bền:ddax giatwj masy vafi laafn aso khoong giaxn Áo mỏng thoáng mặc mát thích hophw khí hậu nóng, săn sale giá ổn nêb mua",5,2026-02-11 22:34:22,1,True,10280321597,24710134,0,0,0,0,0,169,32
fc377d6f5efcf620066c1567cc35bee5f99c6261dac1b15323fcfb1a5586b938,Đóng gói hàng rất là đẹp và nhanh ship hàng rất là nhanh chất lượng rất là ổn đợt này là khuyến mãi nhiều mua ủng hộ rất là nhiều rồi.￼,5,2026-04-02 11:43:32,1,True,10280321597,24710134,0,0,0,0,0,135,31
77aaf786a37475c656b2de2f36511365b7e25cafe562287b9883b63da42f3370,"Thấm hút:tham hut mo hoi tot Vật liệu:nhe thoang khi Độ bền:mac dc 1 thang ok Áo mặc rộng rãi khá thoải mái khi vận động, chất lượng tương xứng với giá tiền. Giao hàng nhanh chóng . Nói chung đc 9.5/10 điểm. Khá đáng để mua",5,2026-04-02 15:33:41,2,True,10280321597,24710134,0,0,0,0,0,223,47
7ffbfbc33115827f58e9d64ce49c597d71f338fcd5816fdd614965c80ec43a85,"Shop đóng gói rất đẹp ạ. Áo và quần vải đẹp, mặc rất mát và thoải mái. Size quần và áo rất chuẩn lun ạ.",5,2025-05-27 20:42:07,3,True,10280321597,24710134,0,0,0,0,0,103,25
5d5d6396d12f24c17656577f229e33a8891a45e6c1848d8e1f2549ce2025c02a,"Thấm hút:tốt Vật liệu:vài nhẹ, mịn, thoải mái Độ bền:tốt Đã từng mua đồ của coolmate, rất ưng ý, giá rẻ và chất lượng tuyệt vời",5,2025-11-17 14:18:30,0,True,10280321597,24710134,0,0,0,0,0,127,26
7ba9c54c13b8572db2409b9b86826e0b59f29d7620c18f3d0c941eaf1d0ad56b,"Chất lượng sản phẩm:Chat luong Đúng với mô tả:Dung Sản phẩm ổn, chất lượng, phù hợp với những lúc đi tập luyện thể thao. Sản phẩm tốt với môi trường và được chăm sóc hậu mãi một cách tuyệt vời. Rất đáng để mua để trải nghiệm sản phẩm từ Coolmate",5,2024-06-14 14:38:33,1,True,10280321597,24710134,0,0,0,0,0,245,51
bab0f8d24cd2052303894b2808dd4b8f60cd4bc5ce15e611e36fc6f1ca14bf06,"Thấm hút:chưa mặc nên chưa đánh giá được Vật liệu:vải nhẹ, thoáng, có lỗ thoát khí Độ bền:được Shop giao hàng nhanh, đóng gói chắc chắn",5,2026-03-31 22:18:46,2,True,10280321597,24710134,0,0,0,0,0,135,26
937de7bb57e93b9c340d9117d212ec685ab871cb049b406dada89c47d187ba0e,"Chất lượng sản phẩm:tuyệt vời Đúng với mô tả:đúng Sản phẩm tốt với tầm giá, shop hỗ trợ nhiệt tình, đóng gói sản phẩm chắc chắn, giao hàng đúng hẹn",5,2025-06-05 17:17:54,3,True,10280321597,24710134,0,1,0,0,1,147,30
48af7c065ef116777f594b87e7e5309bbf6719f79b71926cef18068c97a7c13b,"Thấm hút:thấm mồ hôi tốt Vật liệu:vải nhẹ nhàng thoáng mát Độ bền:bền nha Mình đã quay lại mua lần t3 rồi, giá thành rẻ nhiều so với chất lượng nha. Chỉ 68k 1áo nhưng không có điểm gì để chê luôn. Size L mình đo là như thông số shop mô tả, mn tham khảo nè",5,2026-04-23 11:22:50,1,True,10280321597,24710134,0,0,0,0,0,255,57
0ec13d62dc94808b7fe9e4c7e2c5f2610c1fd4c9e7cfc3cdc1236543b44c081e,Đúng với mô tả:tuyệt vời Chất liệu:tốt Màu sắc:đẹp Hàng coolmate đến giờ mua lần thứ n rồi ko có gì phải bàn cãi nhiều nữa. Rất chi là vừa ý!,5,2023-06-21 07:57:19,4,True,10280321597,24710134,0,0,0,0,0,141,31
3de0c8bdbd2b6eb343cb086577c368c12474a9bb310fed4feb512dbf0b7979d6,"Chất lượng sản phẩm:ok Đúng với mô tả:đúng Shop giao hàng nhanh đóng gói cẩn thận,đúng màu sắc kích thước Chất vải mặc mát,nhanh khô phù hợp chơi thể thao,chạy bộ,gym…",5,2025-09-10 19:06:48,1,True,10280321597,24710134,0,0,0,0,0,167,31
21d735365993d59eedeb4ec82e2e83c048e48faada261794c1312b3f8745366b,"Đúng với mô tả:Richtig Chất lượng sản phẩm:Tốt Đã mua hơn 4 cái, áo phù hợp với tập luyện thể thao, mặc đi làm cũng rất mát. Phù hợp với bạn nào đi làm tài xế công nghệ. Đơn giản mà tiện lợi",5,2025-11-02 20:37:30,3,True,10280321597,24710134,0,0,0,0,0,190,43
9b3c7a9fa333b00053230a4f40130c5a1d5c18bfcf5edbdb8da06f3cec4ff2e7,"Chất lượng sản phẩm:ok Đúng với mô tả:đúng Hàng chất mát, sờ đã sướng rồi chứ chưa cần mặc, hàng mỏng nhẹ nhưng chắc chắn, giá lại quá hợp lý.",5,2024-08-02 12:23:27,1,True,10280321597,24710134,0,0,0,0,0,142,30
ace84cb83b4b141b669ad842f6a644922fd976ca042e7cdef020047f7e38b085,"Màu sắc:xám Đúng với mô tả:đúng Chất liệu:thun Shop gói kỹ giao nhanh áo chất vải vừa mặc đi thể dục tuyệt vời mát , ủng hộ lần sau shipper vui vẻ",5,2023-06-26 11:12:25,2,True,10280321597,24710134,0,0,0,0,0,146,32
3a5bfb8f3c189170f5d076a7b7409864ca5d1086a3b62134ac60fddea5f47546,Chất lượng sản phẩm:good Đúng với mô tả:đen Giao hàng nhanh Chuẩn Chất vảo mát Đường may rất kĩ chuẩn không có chỉ thừa Đóng gói rất là cẩn thận,5,2024-12-03 20:14:14,1,True,10280321597,24710134,0,0,0,0,0,144,30
dd3b8256a21f0b804fd3244ef237813d08262805ec6f35744dd465bc00448a7e,"Chất lượng sản phẩm:goood Đúng với mô tả:đúng Áo thoải mái, thấm hút mồ hôi tốt và khô nhanh. Màu này người nào da trắng thì mặc rất đẹp, còn tui da đen nhìn hơi đần.",5,2025-09-16 18:00:05,1,True,10280321597,24710134,0,0,0,0,0,166,36
4fc314edbfb552a3926ae35d38bff7bb15be306a1787ed086b54e345d71696bf,"Màu sắc:xanh navy Đúng với mô tả:chính xác Giao hàng nhanh, vải mỏng mát và thích hợp cho hoạt động thể thao. Sản phẩm coolmate chất lượng",5,2023-03-12 13:02:22,1,True,10280321597,24710134,0,0,0,0,0,138,27
21d735365993d59eedeb4ec82e2e83c048e48faada261794c1312b3f8745366b,"Chất lượng sản phẩm:Áo co dãn tốt Đúng với mô tả:Hợp với các bạn hay tập thể thao cadio Chất lượng vải tốt thoáng mát, mặc vừa vặn mọi thứ đều ổn đóng gói cẩn thận Ok",5,2025-06-21 17:16:51,2,True,10280321597,24710134,0,0,0,0,0,166,37
24d4c04e85e3ca6f6477a3282adfbf4821f0f4bc60cd7ddbe29e144fa6c9cf1e,"Chất lượng sản phẩm:Rất tốt Đúng với mô tả:đúng Áo đẹp, shop giao hàng nhanh, mình rất ưng ý, lần đầu mua của shop nên không đánh giá nhiều. Rất đáng mua nhé mn ❤❤❤",5,2024-12-01 22:31:12,2,True,10280321597,24710134,0,1,0,0,1,164,35
24d4c04e85e3ca6f6477a3282adfbf4821f0f4bc60cd7ddbe29e144fa6c9cf1e,"Chất lượng sản phẩm:Rất tốt Đúng với mô tả:đúng Áo đẹp, shop giao hàng nhanh, mình rất ưng ý, lần đầu mua của shop nên không đánh giá nhiều. Rất đáng mua nhé mn ❤❤❤",5,2024-12-01 22:30:23,2,True,10280321597,24710134,0,1,0,0,1,164,35
82d1d09c6b3a56c795bf4b696d4756daf3796e1850cf1bda07de0ec15760f12e,"Chất lượng sản phẩm:ok Đúng với mô tả:ok Giao hàng nhanh, đúng sản phẩm và số lượng. Chất lượng sản phẩm ok. Mặc vừa form",5,2025-10-03 15:58:13,5,True,10280321597,24710134,0,0,0,0,0,121,25
4d08a37fee31643df29e3061ab09784a3acab447b4d01a7b9937a50b6ac2145a,"Thấm hút:ao nhe, thong thoang Vật liệu:chat vai mem mai, Độ bền:chua su dung nene ch hả biét Shop giao hàng nhanh, đóng gói cẩn thận",5,2026-03-31 21:00:15,1,True,10280321597,24710134,0,0,0,0,0,132,26
8004139c210d9ca61f7924f9e11bd87a9088e0d231a7a078c79eba6d1fead821,"Đúng với mô tả:Yes Chất lượng sản phẩm:Tốt Áo đúng với mô tả Mỏng, mát, nhẹ, thoáng Mới mặc thấy hơi lạ lạ y như không mặc 🤣🤣🤣",5,2024-03-28 13:00:37,1,True,10280321597,24710134,0,0,0,0,0,126,28
e93ffa4491206648a84c0a0822e177c859b1470436c1ebb17fefbbbb09c898f9,"Đúng với mô tả:đúng Chất lượng sản phẩm:tốt Áo đẹp, vừa vặn, thấm hút mồ hôi tốt, thoải mái vận động, chất lượng vải rất tốt. Shop giao hàng nhanh, chăm sóc khách hàng tận tình. Tuyệt vờiiiii",5,2024-08-10 22:51:20,1,True,10280321597,24710134,0,0,0,0,0,191,38
33847b0115e9b8e2d7152082965b7dccce42b910b8636abc74c5babb84dbec24,"Đúng với mô tả:đúng Chất lượng sản phẩm:tốt Với việc nhìn sách từ nhiều góc độ: sử học về khoa học, tư tưởng, văn hóa, xã hội, nghệ thuật; thư mục học; văn học; ngôn ngữ; codex học; cổ tự; văn khắc; thủ thư; bảo tồn sách; nhân chủng học; khảo cổ học…, cuốn sách đã mang đến hiểu biết mới mẻ về sách, khám phá vai trò của sách, cung cấp một cái nhìn “đa văn hóa” về những yếu tố tạo nên một “cuốn sách”, đồng thời cho chúng ta có cái nhìn bao quát hơn về lịch sử của sách.",5,2024-06-25 12:43:28,2,True,10280321597,24710134,0,0,0,0,0,471,103
5d8196b911440a34275bd35886cc13bfd53eca0d2c48c0090a322449eb45caa1,"Áo đẹp .mặc lên rất đẹp,rất đáng mua nha mấy bạn ,bạn nào còn đang phân Vân thì mua ngay nha,phom dáng size đều chuẩn ok lắm nha",5,2025-05-29 20:20:03,5,True,10280321597,24710134,0,1,0,0,1,128,28
06204b87692a3fae5b2efaa50d0be8b80be586c800bb22f0aa14ac29fc16cb94,Đúng với mô tả:đúng Màu sắc:đen Chất liệu:cotton Vu Dieu Thuy Em tưởng chị viết sách thì tư duy phải tốt. Phân tích thì dài mà toàn sai. Dạy người khác cách thành công trong khi tư duy mình thì thất bại. Đọc sách của chị em thà đọc sách thầy Huấn còn hơn!,5,2023-04-06 06:24:54,4,True,10280321597,24710134,0,0,0,0,0,255,54
81a9e5b6c5429bf172416211fc4175029ca1e0a5bc8a41bfac7a348342de1c67,"Sản phẩm dễ phối và thích hợp cho nhiều môn thể thao chi tiết cắt sẻ tinh tế tỉ mỉ cùng đường may chắc chắn thoải mái khi vận động sản phẩm được phát triển và phục vụ việc vận động và tập luyện các môn thể thao chất liệu co giãn thoải mái, thoáng khí",5,2025-11-14 21:50:05,1,True,10280321597,24710134,0,0,0,0,0,250,56
75862523c878f1c881d96707405a345a16b92145c00225e68db13744205566f8,Đúng với mô tả:đúng Chất lượng sản phẩm:tốt Thời gian vận chuyển rất hợp lí. Tôi đã đặt hàng với tâm thế hào hứng chờ đợi để được trải nghiệm sản phẩm và tôi không hề bị chờ mỏi cổ. Có thể thấy bên vận chuyển không quản ngại thời tiết và đường xá xa xôi để đưa sản phẩm cho tôi trong thời gian ngắn nhất.,5,2024-11-10 10:10:13,1,True,10280321597,24710134,0,1,0,0,1,304,67
17d4386ae96709ad392ba25edef7cdd42cb3882501bb53ef9c3d4ae47aaeaa00,Thấm hút:ao tham hut mo hoi tot kho rat nhanh Vật liệu:chat lieu vai mem mai thoang khi thoai mai Độ bền:chua thasy hien tuong rach Áo rất đẹp. Mềm mại thosng mát khi mua quần lót cho nó ngon lắm chị ạ huhu em cũng đang mua đồ cho chị luôn,5,2026-04-09 13:07:19,0,True,10280321597,24710134,0,0,0,0,0,239,52
abd0d1896d3613585bfaa4b18b5590061ceb1e67b4973dca541b8a1459209cd8,"Vẫn là hàng coolmate chuẩn chỉ , khá thích vì sp có thể rẻ nhưng có tỉ mỉ chăm chút sản phẩm từ cách đóng gói, tag nhãn, cảm ơn shop vì sp chất lượng",5,2022-09-28 18:37:37,3,True,10280321597,24710134,0,0,0,0,0,149,35
4481631441f8f16c8b65d88ba215f0e2a06923bed460b8985e331f38c800a52b,Màu sắc:xanh da trời pha chút xám nhẹ. Đúng với mô tả:ok Chất liệu:ok với mức giá Hi. Vẫn tiếp tục mua coolmate ở dòng khác. Mong shop có nhiều màu tươi sáng hơn,5,2023-08-16 08:06:45,3,True,10280321597,24710134,0,0,0,0,0,161,34
db01f3da3c4a74078b088afe8f2e949418e73bc6fe0d001294cb8b7944c46640,"Chất lượng sản phẩm:Tốt Đúng với mô tả:Đúng với mô tả Áo rất đẹp, nhẹ, đường may đều, không có chỉ thừa. Giao hàng nhanh, đúng như mẫu mã đã đăng. Nói đến trang phục của Coolmate thì khách hàng luôn yên tâm về chất lượng. Tặng Coolmate 5 sao, lần sau mua tiếp !",5,2025-10-01 10:59:18,1,True,10280321597,24710134,0,0,0,0,0,261,55
3d4dbbb1649d6c28c0f736ba71e038f574223d0d2a464d4d6e467243e86e83fa,"mình đã mua nhiều lần cho chồng, vải mỏng nhẹ thoáng mát, kiểu dáng năng động, chồng mình rất thích! đợt này do mình chọn sai size mà mẫu, nhưng shop hỗ trợ đổi lại rất dễ mà miễn phí! cảm ơn shop! sẽ ủng hộ lâu dài!",5,2025-01-07 13:17:29,1,True,10280321597,24710134,0,0,0,0,0,216,48
98eabfad771691f2ed7a236268ef3c644c4231da2d72b8bdb74ac68c72007e5b,"Chất lượng sản phẩm:tot In terms of appearance, the product is packaged firmly, safely, and carefully with no adverse effects on the product. Delivery time is quite fast, about 3 days after placing an order. The product is the same with pictures and good. I am satisfied with the product.",5,2025-03-21 15:52:02,1,True,10280321597,24710134,0,0,0,0,0,288,50
d7e8d72c1b6f5bfd5e76f5b21b920fd9a0bd646fa1d694354155fd20e135dc3e,"Đúng với mô tả:ok Chất lượng sản phẩm:ok Đóng gói cẩn thận, giao hàng Nhanh nhưng lại k nhanh bằng SPX. Đổi size S vừa như in luôn. M65 nặng 62kg.",5,2025-05-09 11:11:59,2,True,10280321597,24710134,0,0,0,0,0,146,31
c16e83ae65358a0062fdd4022f53e9827c72b820cffa08383b0a108a409ae39e,Áo thấm hút mồ hôi rất tốt khô nhanh sau khi vận động chất liệu vải nhẹ mềm mại và thoáng mát khi mặc tôi chưa thể hiện tượng rách hạt giãn sau nhiều lần giặt,5,2026-05-29 19:24:11,1,True,10280321597,24710134,0,1,0,0,1,158,36
9424c0574403144d90f3fe2da8d5e9437a56f892e24b88683554cc79fd4d5da0,"Chất lượng sản phẩm:ổn với tầm giá Đúng với mô tả:đúng với mô tả Đóng gói cẩn thận. Kích thước áo chuẩn, màu dễ phối. Cảm ơn shop.",5,2025-04-03 09:50:48,0,True,10280321597,24710134,0,0,0,0,0,130,28
735522e56891618c2864774470b601a55212ce4128d12768cf920be37cec6153,"Đúng với mô tả:yes Chất lượng sản phẩm:ok Áo vải mềm mại, thoải mái. Mặc mát mẻ, phù hợp dân gym, cầu lông, bóng bàn, đá bóng, trekking, cafe cà pháo.................... Lên form rất đẹp vừa y. Nói chung hàng coolmate là quá okela",5,2025-07-27 18:42:47,1,True,10280321597,24710134,0,0,0,0,0,230,44
f9cbbcf7bf184dff70d667c144ee49327073f99bf5f1ab72239fa3327c72e3bb,Thấm hút:tốt Vật liệu:tuyệt Độ bền:cao Sản phẩm tuyệ vời. Thun mát. Mịn. Giá quá tốt. Nên mua. Cao1m72. Nặng 65k. Size xl quá vừa vặn. Đúng size. Thak sop.sẻ tiếp tục mua thêm.,5,2026-03-05 15:18:43,1,True,10280321597,24710134,0,0,0,0,0,176,34
9eba4af96f3a26b5abe4140187f783c5cf30aa77375c321dd85fb8a113e7012a,bạn mình cao 1m7 nặng 78kg theo size của shop là phải mặc size 2XL nhưng shop tư vấn nên mặc XL nen mình lấy. hàng về rất ưng ý. chất mát. cảm ơn shop,5,2023-03-23 12:42:17,1,True,10280321597,24710134,0,0,0,0,0,150,35
1aee8d0854feaabb2960a74b90d5e4d1f6043560b48714e809b1376d29800c8b,"Chất liệu:Polyester, Recycle Màu sắc:xám Đúng với mô tả:đúng Gói hàng cẩn thận, chỉnh chu. Giao hàng nhanh chóng. Áo mỏng, nhẹ, mát, phù hợp mặt đi tập",5,2022-07-28 17:08:04,1,True,10280321597,24710134,0,0,0,0,0,151,28
d41f250aedb89d7f2587d22b8c8d831a0315ad6261fc5ae62ea90ab023a90e4a,"Chất lượng sản phẩm:ok Đúng với mô tả:sản phẩm đúng mô tả Giao hàng nhanh, về kích thước rất chuẩn, mặc rất vừa ý, về chất lượng thì phải dùng một thời gian dài xem thế nào. Nói chung là giá cả phải chăng, rất ổn!",5,2024-08-04 23:32:09,1,True,10280321597,24710134,0,0,0,0,0,213,46
f9cbbcf7bf184dff70d667c144ee49327073f99bf5f1ab72239fa3327c72e3bb,Thấm hút:tốt Vật liệu:chất lượng Độ bền:tốt Đúng đơn hàng. Chất lượng tuyệt. Giá quá tốt. Có thuơng hiệu. Dùng bền lâu. Đã mua nhìu. Thak sop,5,2026-04-15 14:50:13,1,True,10280321597,24710134,0,0,0,0,0,141,27
b3bf017a2ea92caa76f619312eb6131b746cde7ac78e045c5faa3b7b15b34070,"Thấm hút:áo thấm hút mồ hôi tốt ,khô nhanh sau khi vận động Vật liệu:chất liệu vải nhẹ .mềm mại thoáng mát Độ bền:chưa dùng nên chưa đánh giá được độ bền Sẽ ủng hộ shop lần sau nếu khi mặc ưng ý ,vải không bị giãn ,cảm ơn shop",5,2026-03-31 15:43:41,1,True,10280321597,24710134,0,0,0,0,0,226,50
2315bcb79ea83e91eb31627e4a5d56af3e5840cd3d52303f76938c515ee5912f,"Chất liệu:thoáng, mau khô, thấm hút tốt Màu sắc:đẹp Đúng với mô tả:co giãn tốt Sản phẩm tốt, đã mua nhiều lần, 1m75 73kg size L vừa vặn, shop đóng gói rất cẩn thận",5,2023-07-28 14:17:11,2,True,10280321597,24710134,0,0,0,0,0,163,34
a44df38bb51584b65c3d3f747d74e18005b2a42fb8e7eb38cc32ae0e353b23c1,"Thấm hút:áo thấm hút tốt, nhanh khô mồ hôi Vật liệu:chất vải nhẹ, thoáng mát Độ bền:vải cũng không quá dày, không biết ảnh hưởng như thế nào tới độ bền về lâu dài ra sao",5,2026-04-16 21:01:24,1,True,10280321597,24710134,0,0,0,0,0,169,36
bd3d30238e79d95b6ac62d9c8419e319b7122dba24cd5a43ed11b678901af5b3,"Thấm hút:áo thấm hút tốt, khô nhanh khi vận động Vật liệu:chất liệu nhẹ, mềm mại Độ bền:mới giặt lần đầu thấy vẫn tốt Hình ảnh chỉ mang tính nhận xu, nhưng sản phẩm thì oke",5,2026-04-14 08:05:46,1,True,10280321597,24710134,0,0,0,1,1,172,36
be90ad040530498b1ca1b3d32331e3c34ea4aac29442eb5a684d7e04a1b169d9,Chất lượng sản phẩm:ok Đúng với mô tả:ok Áo thun thể thao chất liệu phù hợp với khí hậu thoáng mát mặc vô dễ chịu cảm ơn shop 3 mình rất thích sẽ tiếp tục ủng hộ shop👍🌸🌸🌸🌸,5,2026-01-31 22:50:52,1,True,10280321597,24710134,0,0,0,0,0,171,38
086ec88de4b1e95e2e382e5f79ae3554591b9b394e8f4a0c43e07493cd4e0555,"U mê nha shop ơi, hàng chất lượng, giao hàng nhanh, săn sale rẻ lắm luôn. Shop hỗ trợ nhiệt tình, sẽ ủng hộ lần sau.",5,2026-01-22 08:31:01,1,True,10280321597,24710134,0,0,0,0,0,116,26
ceeedf52c34a0f603362c9d88507e876290d0307e2bad601c19e5d75fce1527c,Thấm hút:th hut ok san pham mat nhe Vật liệu:nhe thoang mat de giat de phoi Độ bền:ben mau dung rat thich chiếc áo thứ 1x rồi mua cho cả nhà dùng luôn sản phẩm săn sale rẻ mua nhìu dùng thích đi bộ mặt mát thoải mái sản phẩm vn chất lượng quá oke,5,2025-11-12 20:25:03,2,True,10280321597,24710134,0,0,0,0,0,246,55
887ae652ce4d78bde899fb30e97f1f7960a08f3f8a6b2796f706db8e5bdb0d9d,"Thấm hút:tốt Vật liệu:mềm Độ bền:trải nghiệm Sản phẩm nhận đúng mô tả, đóng gói chắc chắn, dùng ổn áp. Shop giao nhanh, giá hợp lý, sẽ ủng hộ tiếp.",5,2025-11-19 12:19:06,0,True,10280321597,24710134,0,0,0,0,0,147,30
854740d26d36988c983284e6285ab29490d418b25ddb5755a5823a75b116d7e1,Áo đẹp vải bền giá cả rất tốt so với chất liệu và hiệu năng sử dụng Đây là cái áo thứ 12 t mua của coolmate,5,2023-04-08 21:47:10,1,True,10280321597,24710134,0,0,0,0,0,107,27
2a4f209f2137c40be89eaa8aa767d2275b9cdc824b5d6d0b4492ada4f9e74b5e,"Shop xử lý hàng nhanh và bên giao hàng cũng vậy. Sản phẩm chất lượng hơn so với giá tiền. Áo đúng kích cỡ, màu sắc mình đã đặt. Một sản phẩm vừa có lợi cho người tiêu dùng vừa tránh ảnh hưởng xấu đến môi trường rất nên được ủng hộ nhiều. Cảm ơn shop!",5,2023-09-06 18:50:56,2,True,10280321597,24710134,0,0,0,0,0,250,56
2dcfa10d8fb0fad14874aed0ef60c784e067bd3f0cee6565f5f8c2c78939777d,"Chất liệu:yess Đúng với mô tả:yes Màu sắc:xanh navy Mát, mỏng, nhẹ, thoáng khí. Phù hợp với các môn thể thao nhiều mồ hôi. Nên mua nhé",5,2023-08-16 21:08:22,1,True,10280321597,24710134,0,0,0,0,0,134,27
893a2d9309ef5874dd6f2e351b442173b486d40f18a383cda901d72289cf1e9b,Đúng với mô tả:đúng mô tả Chất lượng sản phẩm:Rất tốt Đồ của coolmate thì mình giặt hầu như k ra màu trừ jean! Nhưng màu sắc của cool phải suy tính mới phối đc.,5,2024-03-31 16:42:26,5,True,10280321597,24710134,0,0,0,0,0,160,35
4ea489186d2b24280b32433cd6eb693508f7a30c32cbf5fa5f40ee9cbf8c725b,Đúng với mô tả:đúng Chất lượng sản phẩm:tốt Sản phẩm tốt mua giá rẻ mà chất lượng vải và đường kim mũi chỉ đều chỉn chu sẽ ủng hộ shop tiếp,5,2025-04-24 09:42:42,1,True,10280321597,24710134,0,0,0,0,0,139,31
0d657da5d676b38f1a9cf9eeb50f4251de82e6149f98f15e31d59c69af6b23b7,Áo mát mẻ hợp chơi thể thao nhé. Săn sale thứ 4 giảm 30% giá ổn áp mua mấy màu về để chơi thể thao,5,2026-05-21 22:49:46,1,True,10280321597,24710134,0,0,0,0,0,98,25
937de7bb57e93b9c340d9117d212ec685ab871cb049b406dada89c47d187ba0e,"Chất lượng sản phẩm:tuyệt vời Đúng với mô tả:đúng Sản phẩm tốt với tầm giá, shop hỗ trợ nhiệt tình, đóng gói sản phẩm chắc chắn, giao hàng đúng hẹn",5,2025-06-07 18:50:46,1,True,10280321597,24710134,0,1,0,0,1,147,30
b3bf017a2ea92caa76f619312eb6131b746cde7ac78e045c5faa3b7b15b34070,"Thấm hút:áo thấm hút mồ hôi tốt ,khô nhanh sau khi vận động Vật liệu:chất liệu vải nhẹ mềm thoáng co giãn tốt Độ bền:chưa thể đánh giá độ bền do chưa mặc chưa biết có bền khoong",5,2026-03-31 15:46:49,1,True,10280321597,24710134,0,0,0,0,0,177,38
b169398e1a06a4e5993722e33de0330db4b9bdfe9ea107e56117558ece0a1de5,"Mua có 64k hài lòng cực , giá rẻ mà chất lượng sản phẩm rất tốt , hàng coolmate quá chất lượng trừ quần jean ra thì các sp khác khá ok",5,2026-02-14 12:44:04,1,True,10280321597,24710134,0,0,0,0,0,134,32
934828b0fd2d59f41b13baf7930fb3dceb6ef7c27cd949fb6536d11509fbb53b,"Đúng với mô tả:sản phẩm đúng mô tả Chất lượng sản phẩm:áo mỏng nhẹ, thoáng mát, dễ vận động Áo mặc cảm giác mát mẻ",5,2025-01-18 20:25:04,1,True,10280321597,24710134,0,0,0,0,0,114,25
8939d56f69a260711e6190f8324af0ed626b1953f360a86823196a6efd62b0a7,"Mình mua áo thun Coolmate và khá bất ngờ vì chất lượng tốt hơn kỳ vọng trong tầm giá. Vải cotton mặc mềm, thoáng, thấm hút mồ hôi ổn nên mặc đi làm, đi chơi hay ở nhà đều thoải mái. Form áo vừa người, không quá rộng cũng không quá bó nên dễ phối với quần jean hoặc short. Sau vài lần giặt áo vẫn giữ form khá tốt, chưa thấy xù lông nhiều. Đường may khá ổn, cổ áo không bị bai nhanh",5,2026-05-05 08:48:05,1,True,10280321597,24710134,0,0,0,0,0,381,85
6a0737c24fa971627dd3e39e41b03dd3edb65011e15cc5938ae6f01b7e08acea,"Đúng với mô tả:ddusng moo tar Chất lượng sản phẩm:mỏng, mềm mại, thoáng mát, thấm mồ hôi Chất mềm thoáng mát, áo này rẻ mà mát, áo đắt hơn thì lại k mát bằng. Nhà mình đã mua đến 5 caia áo chất này.",5,2025-07-26 15:50:56,1,True,10280321597,24710134,0,0,0,0,0,198,44
2db96ba50a06fa39abb4b9551835f532b0ad428a2191261de852b57f2724e793,"Thời gian giao hàng tương đối, chất liệu ổn. Chất vải mềm mịn, áo mặc sẽ rất mát. Giá cả phù hợp, không đắt. Sẽ ủng hộ lần sau.",5,2023-02-03 15:40:00,2,True,10280321597,24710134,0,0,0,0,0,127,29
73dad61d2d22dfadd9f1cc37e79b7d1e172a38b4b98e817c0cebcad5efb339f1,Chất lượng sản phẩm:tot Đúng với mô tả:on sản phẩm tốt chat lượng bải co giãn thoáng mát giá cả hợp mặc đi tập gym hay chạy bộ đều rất ok cho shop 5 sao nên mua nhe mng,5,2024-09-17 12:07:34,1,True,10280321597,24710134,0,0,0,0,0,168,39
c33b464f64efb92b158fe42f1c08e6ea032abea6336d9bf00ef47efb1a1a598d,"Đã nhạn được hàng, giao hàng nhanh chóng, áo mỏng nhẹ , thoáng mát , có lỗ thoát khí tốt, săn sale giá tốt chỉ 60k nên khá hài lòng!",5,2025-03-19 11:43:44,1,True,10280321597,24710134,0,0,0,0,0,132,30
e0e161c4a9ef8a368c2136d8cb664d099c052f93a403a14396dc586e8f990a62,Đúng với mô tả:dung voi mo ta Chất lượng sản phẩm:hợp lý với giá tiền Chất liệu oki mỏng nhẹ hợp lý đi thể thao thấm hút mồ hôi,5,2025-09-22 18:48:33,1,True,10280321597,24710134,0,0,0,0,0,127,29
d9a6eb8eed379da8683fec7fe59e0e3141ca85fa1e14e52c29717aeca5ef95b1,"Thấm hút: Áo thấm hút mồ hôi rất tốt, khô nhanh sau khi vận động. Vật liệu: Chất liệu vải nhẹ, mềm mại và thoáng mát khi mặc. Độ bền: Tôi chưa thấy hiện tượng rách hoặc giãn sau nhiều lần giặt.",5,2026-05-19 17:54:16,1,True,10280321597,24710134,0,0,0,0,0,193,42
06efa2225e04418bb7b7870f4bb2a082fe81189a0a486c29a7ab31c0a60d7fd4,Màu sắc:mau sắc đen xid Chất liệu:tươi mát Đúng với mô tả:đúng với mô tả Áo ổn nha mặc mát lắm không tin thì thôi,5,2023-04-19 14:36:32,1,True,10280321597,24710134,0,0,0,0,0,113,25
7f1e967a59591ab5ae30a1dda5dce6e34afe635013c04933279fe2482418bf09,"Sản phẩm tốt, thoáng mát, dễ chịu, thấm hút mồ hôi tốt. Thương hiệu lớn, làm ăn uy tín, không cần phải giới thiệu nhiều",5,2025-10-11 11:46:25,1,True,10280321597,24710134,0,0,0,0,0,119,25
e700a8d64d47bae37384e723aef33257067c7646879553d6a2e720c70053b1cc,"Đúng với mô tả:áo đẹp, vải mỏng thoáng mát Chất lượng sản phẩm:phù hợp giá tiền Chất polyeste còn recycle mình không rõ, áo mặc mát, giặt nhanh khô, mình mua về tối mặc ngủ, ủng hộ hàng Việt Nam",5,2024-04-12 20:30:39,2,True,10280321597,24710134,0,0,0,0,0,194,40
c21c03076f94f83f85f6f2f930863dbade78f6bb39a54ce62122c8799ec27593,"Chất lượng sản phẩm:ổn Đúng với mô tả:đúng Giảo hàng nhanh. Sản phẩm ổn áp, giá thành rẻ, phù hợp vs nhiều môn thể thao",5,2025-07-03 10:54:59,1,True,10280321597,24710134,0,0,0,0,0,119,25
fb6bff3f23e319e716616e3735f4778fe60c14469b97b03a63bbbd21385ff7b1,"Đúng với mô tả:Đúng Chất lượng sản phẩm:thun 1m7,62-63kg mình mặc size L chuẩn đẹp ,áo mát nhẹ, thoải mái, mặc thể thao quá ok",5,2025-11-30 13:31:29,1,True,10280321597,24710134,0,0,0,0,0,126,25
1e73d6e5158e6a7e9cb0ef07c0a5e71ae19353172e67a01ac7d17b6b1f649fb0,"Chất liệu:cotton Đúng với mô tả:đúng Màu sắc:đen Áo thấm hút tốt, mau khô, size vừa người, giao hàng nhanh, sẽ ủng hộ lần sau.",5,2023-08-29 20:58:53,1,True,10280321597,24710134,0,0,0,0,0,126,25
aac2fd4054c7e4f68643b293b6f4718d7324b8619a7ff73b8d71555fe162a2e4,"Vải mát, mặc thoải mái vô cùng. Đang sale nên tranh thủ mua đi rẻ lắm, mình mua còn 3 món chia ra có 69k/món",5,2024-08-04 12:57:57,1,True,10280321597,24710134,0,0,0,0,0,108,25
8e9fb3fb7eca25602c499381e68dc6c8d85b84c0dfa7dfa517961de75a9394db,"Đơn hàng được giao khá nhanh, đóng gói cẩn thận nên sản phẩm bên trong không bị hư hỏng hay trầy xước. Chất lượng sản phẩm đúng như mô tả, màu sắc và kích thước chuẩn, sử dụng ổn định. Nhân viên giao hàng thân thiện, liên hệ trước khi giao nên rất tiện. Tuy nhiên, phần bao bì bên ngoài có thể cải thiện thêm để chắc chắn hơn. Nhìn chung, tôi khá hài lòng với trải nghiệm mua sắm lần này và sẽ cân nhắc tiếp tục ủng hộ trong những lần mua sau.",5,2026-03-30 15:59:55,1,True,10280321597,24710134,0,0,0,0,0,443,96
6359cc95ddf720ea40720d01e0e5c71982813fa17848e66f7c1bbbbae8675908,"Đúng với mô tả:đúng sản phẩm Chất lượng sản phẩm:tốt Giao hàng đúng sản phẩm, hàng đi nhanh, không lỗi, không hỏng, giao đủ số lượng. Lần đầu mình đặt khi nhận mình thấy yên tâm. Em cản ơn shop.",5,2024-10-30 21:09:56,5,True,10280321597,24710134,0,0,0,0,0,194,40
eaf67be93df9dd228b6432b50ac2700ada72240803555ef2ad7fbc04b13e1b75,"Đúng với mô tả:tuyệt vời Màu sắc:đẹp Chất liệu:thoáng mát, dễ giặt, dễ là Áo rất chất lượng nhé mọi người, chất liệu thoáng mát mặc thoải mái, thủ tục đổi size đơn giản, hỗ trợ tận nơi, rất đáng mua ạ.",5,2023-08-13 16:59:26,0,True,10280321597,24710134,0,0,0,0,0,201,42
1b3142cc3e0197fbd4a6ff620d8dcdb252405d2cf50c69145ecdb65fd2c631c9,Màu sắc:sáng hơn ảnh Chất liệu:mịn mát Áo mặc mát….đúng size chất lượng vải đúng mô tả… đóng gói đẹp… giá cả phù hợp với giá tiền,5,2022-11-24 21:22:32,1,True,10280321597,24710134,0,0,0,0,0,129,27
ac58edf7dfd5186858979dfa50dc001254c582141033a6f9c7f67c6750571548,"Đóng gói rất chỉnh chu. Áo chất liệu khá tốt, vải khá thoáng mát. Mình mua tặng nên thấy đóng hộp đàng hoàng vậy rất là ưng.",5,2022-01-25 11:51:26,1,True,10280321597,24710134,0,0,0,0,0,124,27
f1d8f7f61a06593fb43ca7c6776fbb65bb6c385d7d82ac848f06eba959a69cd7,"Thấm hút:ok Vật liệu:ok Độ bền:ok Sản phẩm tuyệt vời! Chất liệu tốt, đúng như mô tả, giao hàng nhanh. Sẽ tiếp tục ủng hộ shop."" Mẫu 2 (Đánh giá chi tiết - Thời trang): ""Váy lên form rất xinh, vải mát, không nhăn. Đường may kỹ càng. Shop tư vấn size rất chuẩn nhé, 10 điểm!"" Mẫu 3 (Đánh giá chi tiết - Điện tử/Gia dụng): ""Máy chạy êm, thiết kế nhỏ gọn, rất tiện dụng. Đóng gói cẩn thận, hàng về tới nơi vẫn nguyên vẹn. Nên mua nhé mọi người.""",5,2026-04-13 13:36:09,1,True,10280321597,24710134,0,0,0,0,0,441,93
1f25a115041da1667a0f4e197a05aa26cbaac8803659a022655bb5b009676c11,Đúng với mô tả:dung Chất lượng sản phẩm:tot áo okk mỏng mặc mátt lên from đẹp nhiều màu xinh giao hàng nhanh đóng góp đẹp ạ,5,2024-07-19 23:49:57,1,True,10280321597,24710134,0,0,0,0,0,123,26
bbc0bcbc617be68d4a6ad4304a48c2ec823a856c8a576ae0730e35ebfccced9f,"Thoáng khí, thoải mái, giao hàng nhanh, cực nhẹ, thấm hút mồ hôi tốt, mình săn sale giá rẻ 2 quần 1 aoa chỉ 210k. Rất yêu shop. Tuy nhiên màu này thì minh chưa ưng lắm",5,2024-05-21 09:26:05,1,True,10280321597,24710134,0,0,0,0,0,167,37
db499e2480d66fbd3eaf8ff001a5877ecc82ec05c5845a706e47d22a75fe0831,"Đúng với mô tả:10/10 Chất lượng sản phẩm:Tốt Vải mát, mỏng, mềm, thấm hút tốt, khô nhanh, form áo thoải mái. Đóng gói gọn gành chỉnh chu, hộp đẹp, giao nhanh. Thích hợp cho người vận động nhiều. Sẽ ủng hộ trong những lần mua sau...",5,2024-04-24 22:57:25,0,True,10280321597,24710134,0,0,0,0,0,231,46
7460642879e9af1a3fc631858d478b77da4bcf4fd4bac52babde3e7277f6cf31,"Đúng với mô tả:đúng với mô tả Chất lượng sản phẩm:chất lượng sản phẩm tốt Áo màu như hình, mỏng tang nhưng co giãn tốt, chắc sẽ rất thoáng khí",5,2025-02-27 00:18:58,2,True,10280321597,24710134,0,0,0,0,0,142,30
f1e7dbc3fe3331bbf933326fb5d99573feff8cce6aec2ca691cb88ed0c45b194,"Màu sắc:xanh Đúng với mô tả:đúng Chất liệu:không rõ ổn áp ạ, màu sắc mẫu mã đúng với mô tả, chất lượng thì cần kiểm chứng",5,2023-04-27 17:37:33,1,True,10280321597,24710134,0,0,0,0,0,121,26
52fd2b0b0675f1f1688409f4556fe0b7f82be7ffb1ede82ccbd009ab2dde1406,"Thấm hút:Áo thấm hút mồ hôi, khô nhanh Vật liệu:Chất liệu vải nhẹ, mềm mại Độ bền:Bền Đồ coolmate chưa bao giờ làm người dùng thất vọng!",5,2026-02-26 13:51:30,1,True,10280321597,24710134,0,0,0,0,0,136,27
a2677f91c5ac1f43fa4b22deede16b042784a961403a727768bafe483cb7f7fc,"Áo Coolmate Basic mang đến sự thoải mái tuyệt vời với chất liệu vải cotton mềm mại, thấm hút mồ hôi tốt. Thiết kế đơn giản, dễ phối đồ và rất phù hợp cho những ngày hè oi ả. Sản phẩm có độ bền cao, màu sắc không phai sau nhiều lần giặt. Rất đáng giá với mức giá hợp lý.",5,2025-04-01 09:24:18,0,True,10280321597,24710134,0,0,0,0,0,269,61
6af9abce2216a1f2352c42d5e6b5c10ed56c7a6c3f121fd42b3b27e664c62485,"Đúng với mô tả:đúng Màu sắc:giống như hình Áo được đóng trong hộp sản phẩm đẹp, có thư cảm ơn. Hộp lại được đóng trong thùng vận chuyển. 91k thôi mà trông xịn xò. Vải mỏng nhẹ mát, nhưng loại này cũng dễ bị xước.",5,2023-04-19 22:02:02,1,True,10280321597,24710134,0,0,0,0,0,212,45
94a1499ab2017b0447d84cba257e0689a12b309becc35508cd4790a7cf6dd87c,"Đúng với mô tả:đúng Chất lượng sản phẩm:tốt Áo chất lượng, giá săn sale cực tốt, nên không có gì để chê hết, hy vọng mua được đồ giá tốt từ shop nữa.",5,2025-07-09 18:56:17,1,True,10280321597,24710134,0,0,0,0,0,149,33
5d8196b911440a34275bd35886cc13bfd53eca0d2c48c0090a322449eb45caa1,"Áo đẹp .mặc lên rất đẹp,rất đáng mua nha mấy bạn ,bạn nào còn đang phân Vân thì mua ngay nha,phom dáng size đều chuẩn ok lắm nha",5,2025-05-29 20:14:29,3,True,10280321597,24710134,0,1,0,0,1,128,28
8743e3109773b10d7ed0c11461cf14f0af94d44c88ab4ce7677805c70f0d798e,"Trước cứ sợ áo coolmate bó quá body không đẹp nên ngại nhưng mà đợt này mua cái sale có 69k nhưng mà chất lượng không chê vào đâu dc, khó bó đâu các bác ạ, béo tí mặc vẫn dc. mát, thấm mồ hôi tốt lại giá rẻ, nhìn thì đơn giản thôi nhưng 69k chất lượng ngang mấy cái shop khác mà 200-300k",5,2025-08-12 20:22:20,1,True,10280321597,24710134,0,0,0,0,0,287,65
585eb3d36f35c9ce589e5c5fe11725b09e2bfb24ae52875c53a6cbcfe3da11dd,"Chất lượng sản phẩm:tốt Đúng với mô tả:đúng như mô tả của shop Hàng chất vải đẹp, co dãn thoáng mát, có hệ thống lỗ thoáng khí. Rất phù hợp mặc chơi thể thao, vận động mạnh hay trong thời tiết mùa hè nóng nực. Lúc đặt hơi nghi ngại vì giá quá rẻ, nhưng khi nhận hàng cảm thấy rất hài lòng.",5,2024-04-09 18:01:12,1,True,10280321597,24710134,0,0,0,0,0,289,63
5672c7ca4a89afaf2beb92d30bfef673fd6a23b927c549c6cb638cfc971fbe2a,"Đúng với mô tả:dung Chất lượng sản phẩm:ổn Theo cảm nhận của riêng mình thì áo chất lượng của áo nam không bằng áo nữ. Nhưng cũng tạm ổn, mỏng nhẹ và thấm hút mồ hôi tốt. Phù hợp với nhu cầu của mình. Lần sau mínhex ủng hộ tiếp",5,2025-12-04 10:15:03,1,True,10280321597,24710134,0,0,0,0,0,227,50
a48dc5365806e637c7927f19f9d21ba46d243d99604292ac6311389ceaa4fc82,"Đúng với mô tả:Đúng Chất lượng sản phẩm:Tốt Vải thoáng mát co giãn tốt, vừa làm áo tập vừa làm áo ngủ rất oke. 10 điểm.",5,2025-10-07 20:56:32,1,True,10280321597,24710134,0,0,0,0,0,119,26
10ffe28f2c6b46a84308cabee60208d585ccc5004fcdea87a4b82fcb6ff3ff93,"Thấm hút:thấm hút tốt nha, còn khô nhanh nữa Vật liệu:vải thun, co dãn nhẹ, thoáng khi Độ bền:mới mua nên chưa biết sẽ ra sao",5,2026-04-16 18:31:26,1,True,10280321597,24710134,0,0,0,0,0,125,26
3050c7d1c84ba68f1af8822efbd9ab00d87e9065c58a08fdf14e2ce20becdcfe,"Chất lượng sản phẩm:9.5/10 Đúng với mô tả:10/10 lần đầu mua coolmate, khá bất ngờ, giao hàng nhanh, áo màu đẹp form đẹp, chất vải poly đúng ý mình",5,2025-03-09 16:11:41,1,True,10280321597,24710134,0,0,0,0,0,146,29
149b6f3c0cad381ff81d375c7f4e0ff794f514a71911a391765603cc65aeaa78,"Chất lượng sản phẩm:tốt Đúng với mô tả:chuẩn Sản phẩm đúng mô tả, shop giao hàng nhanh chóng. Nhìn chung là hài lòng với sản phẩm của shop.",5,2025-03-28 21:35:52,1,True,10280321597,24710134,0,0,0,0,0,139,28
35a678c51140280fef3acc2e3c999893416f41da907cf8150679e7922c59f68e,Chất lượng sản phẩm:ổn Đúng với mô tả:vâng Mình thường xuyên sử dụng các mặt hàng của Coolmate. Canh sale mua được giá tốt. Rất hài lòng với chất lượng sản phẩm bên shop,5,2025-03-18 14:16:15,1,True,10280321597,24710134,0,0,0,0,0,169,34
f3f9d56c5ce3ee138c858f9603d385e53c259a9e4ab2f74715107fe515ebb983,"Đúng với mô tả:ok Chất lượng sản phẩm:ok Hàng cool mate- hàng Việt Nam chất lượng cao: mỏng, nhẹ, mát. Mình sắm cho mình nhiều đồ lắm 👍👍👍 Quá ok nhé mọi người",5,2025-04-20 21:10:37,2,True,10280321597,24710134,0,0,0,0,0,158,33
8e6033be5e81bbfb351656869108d00ad38a46244fb368a6fdb778247cdb27cb,Đúng với mô tả:9/10 Chất liệu:poly quick dry Màu sắc:xám Bên ngoài kiểu xám hơi ngả xanh một tẹo. Áo mỏng mặc mát phù hợp mặc ở nhà,5,2022-08-26 09:45:48,1,True,10280321597,24710134,0,0,0,0,0,131,28
17a046f1421d86a648d312e7eb14b0f0adf65cc3845c6d7fe4eb23b60c64c0e1,"Chất lượng sản phẩm:tốt Đúng với mô tả:mầu sắc đúng mô tả Áo mặc thoáng mát , đúng size . Shop đóng gói cẩn thận .",5,2024-06-26 16:41:38,2,True,10280321597,24710134,0,0,0,0,0,114,26
587ad96efe9885011574e0d4a19dbe39aa57153886b5f717231c851425bb5242,"Chất liệu:thun Màu sắc:du mau Đúng với mô tả:dung mo ta Giao hàng nhanh , giá cả vừa tầm tiền và sản phẩm , đóng gói rất đẹp và chỉnh chu",5,2022-10-09 10:23:36,1,True,10280321597,24710134,0,0,0,0,0,137,31
59bd0e1fd99b7e5ebc037527b3e744109d8774a0c4aedb11ae93318ed127b0fe,"Chất lượng sản phẩm:mỏng, mát, mặc đi tập gym, chơi thể thao Đúng với mô tả:đúng với mô tã Mình mặc thấy thoải mái, mặc đi chơi tập gym. Quất phát 2 cái",5,2025-06-22 15:00:51,1,True,10280321597,24710134,0,0,0,0,0,152,33
e5807cf56b8d7428f854112528a724685e9b7df11ccabba56d4b554552740a49,"Đúng với mô tả:như hình Màu sắc:xanh bóng đêm Chất liệu:thun lạnh Đã mua lần thứ ba, sản phẩm rất ok nha mọi người, form basic dễ mặc, vải lại rất mát",5,2023-08-16 19:24:34,1,True,10280321597,24710134,0,0,0,0,0,150,32
5c4f6a0f41b72ea903640be882eef2dd623d28d2d8b7f9d5059f547274b46485,"Đúng với mô tả:đúng với mô tả Chất lượng sản phẩm:xịn Vải thoáng mát, mình mua tặng người ấy mà người ấy khen lắm. 1m58 - 64kg size L vừa in, ko quá dài. Cảm ơn shop đã cho 4 cái thước nha, nhưng mình ko tặng bạn ấy 4 đó đâu :)))",5,2025-06-04 17:58:10,1,True,10280321597,24710134,0,0,0,0,0,229,53
ec093e5ea8044c8e35436f0a8f36e1d07b398fa698898e27351f3bc3a063fbe6,Thấm hút:tốt Vật liệu:nhẹ Độ bền:ổn định áo siêu đẹp vải rất mát độ co giãn tốt thấm hút mồ hôi rất phù hợp,5,2026-05-20 11:07:09,4,True,10280321597,24710134,0,0,0,0,0,107,24
78d2fe9d4ce31a2881ebe5e54c770b132f82d272ac66449df387fd023a8f7cc3,"Sản phẩm nhận được đúng mẫu mã, màu sắc đẹp như hình. Chất lượng ổn so với giá, dùng thử thấy rất ok. Giao hàng nhanh, đóng gói chắc chắn. Shop uy tín, sẽ giới thiệu cho bạn bè!",5,2026-05-07 22:13:55,1,True,10280321597,24710134,0,0,0,0,0,177,39
9c8b574acaedc0b6ea1361ff6a497bb279655b6e1c3f7443dbb9984587ef62e4,"Thấm hút:khô nhanh khi vận động Vật liệu:chất liệu nhẹ Độ bền:chua dùng khó đánh giá độ bền Shop đóng hàng tạm ổn giao hàng nhanh ! Đúng mẫu , size đã đặt ! Chất liệu nhẹ mặc rất thích hợp khi đi thể dục ! Síp 5 sao !",5,2026-04-29 16:00:41,0,True,10280321597,24710134,0,0,0,0,0,217,50
a66b4e4b96e85bb53466599a06dd11e8f7b92595e81bfe23320c805d2c789001,"Thấm hút:áo thấm hút tốt Vật liệu:vải nhẹ, co giãn đàn hồi tốt Độ bền:chưa rõ. nhưng coolmte thì ok rồi Giá cả hợp lý và khá ứng ý",5,2026-04-22 19:06:12,0,True,10280321597,24710134,0,0,0,0,0,130,29
47579455adc744b377bcb9046677d56d4353369f96548d592c53bbf4b2bf55e6,"Chất lượng sản phẩm:thấy tốt Đúng với mô tả:đúng size, đúng màu Mua về để chạy bộ, áo nhẹ, có vẻ mát, đợi mặc thử mới biết chính xác",5,2024-11-05 14:04:47,1,True,10280321597,24710134,0,0,0,0,0,132,29
3b02515d244c9c963ebb081a5f72956d5d63017babec6a5c233cbca0af4e3ae5,"Chất lượng sản phẩm:Thường xuyên mua của shop, nghiện luôn không mặc đồ khác được. Màu hồng này đẹp à, màu lạ tính Gatcha mà quay được secret!",5,2025-06-07 23:13:50,2,True,10280321597,24710134,0,0,0,0,0,142,28
e671053b0177fefd8959c77a9e244ab77e386bab66fb0642d36bf3ccfafa9af4,"Đúng với mô tả:đúng Chất lượng sản phẩm:tốt Áo đẹp,chất vải tốt. Shop giao hàng nhanh lắm. Lần thứ 2 mình mua hàng bên shop rồi ạ. Mình rất hài lòng và sẽ quay lại ủng hộ shop nhiều lần nữa.",5,2025-03-13 20:40:41,1,True,10280321597,24710134,0,0,0,0,0,190,41
58167945f7191a9058d59e15d82f3380653b02ccf22eb960575e1d13d6714556,"Áo này mặc hơi rộng thoải mái, mình đậm ng mặc áo này thoải mái , catm giác lớn hơn 1 size so với áo đen cả về chiều dài với rộng . mình thích áo rộng này",5,2022-06-26 11:40:17,1,True,10280321597,24710134,0,0,0,0,0,154,38
165e0b88a7a09e3950c997a1f693c107b9eb36c496a28a58fc6ba4cb777b3a26,"Chất liệu:vải đẹp Màu sắc:đúng với mô tả Giao hàng nhanh, chất lượng, khuyến mãi tốt, đóng gói an toàn",5,2022-08-28 12:36:46,3,True,10280321597,24710134,0,0,0,0,0,102,20
52d15dd985f2b7e2d5dbe092e5375c10bc52a7028b8e81fe3e498ff622e5bdb0,"Vải đẹp. Hàng thương hiệu nên thấy ổn áp. Mình mua dùm do bạn mình thích chất vải nhẹ. Thể thao mặc thoáng mát. Đợt sau chắc mua thêm 2, 3 cái do mình ko biết size vừa ko do bạn mình tới 85kg lận mua size 3xl mua thử 1 cái mặc ổn lần sau mua 2 3 cái cho nhiều mặc. Chất có co dãn nha. Siêu nhẹ, vải mịn, thoáng nên nhanh khô. Giao hàng siêu nhanh mới đặt chủ nhật thứ 2 có hàng nên ko chờ đợi quá lâu. Nên mua nha Hình ảnh mang tính nhận xu, ko liên quan tới sản phẩm mình nhận",5,2024-07-08 10:00:54,1,True,10280321597,24710134,0,0,0,1,1,477,111
1b4b358f3d4a04c1593849b5f57a86bdff68a69dd4c8df610b17ad1cd5d1dd23,"Coolmate là thương hiệu nổi tiếng và đây là lần đầu mình mua. Cảm nhận đầu tiên là sp chắc chắn, thấm hút tốt, nhẹ, không bị ngứa da, màu sắc đẹp đúng như quảng cáo. Cảm thấy rất hài lòng về sản phẩm! Cảm ơn bạn admin đã hỗ trợ nhiệt tình!",5,2025-09-12 19:33:42,1,True,10280321597,24710134,0,0,0,0,0,239,53
5de266082d0a5e86a59e390aa961b3ff375d84a92e0c81035cfed236154364e7,"Đúng với mô tả:hàng ổn trong tầm giá Chất lượng sản phẩm:8/10 Chất lượng là không phải bàn tới, mặc chơi thể thao cà phê cà pháo ổn nha",5,2024-10-14 11:22:35,1,True,10280321597,24710134,0,0,0,0,0,135,29
49c2df17f5dfbe9d0a57f0652d5ec921d17d1914e557a1bf02695f54d089a82f,"Đúng với mô tả:đúng Chất lượng sản phẩm:tốt so với giá Hàng ok, giao nhanh, chất lượng phù hợp giá tiền, sẽ ung hộ thêm, nhóm mình quyết đinh đặt áo trơn rồi làm áo nhóm",5,2024-06-28 10:58:05,1,True,10280321597,24710134,0,0,0,0,0,169,36
a0d09cc7a6d860202b541537e9708f1f6de28a49744b8a68fd1ed9907973e575,"Chất liệu:thun Màu sắc:xanh đậm navy Đúng với mô tả:đúng Mê quá chừng mê nha coolmate.me ơi!Từ hộp đựng cho đến tag đến áo đều chỉnh chu lắm luôn, vải mỏng mát,ông xã mình thích lắm.Theo Coolmate.me luôn oy",5,2022-11-14 15:33:31,2,True,10280321597,24710134,0,0,0,0,0,206,39
8179ff7c8869f8c8649517b7e8795bedf40bcb3c176334810c333c036637a959,"Màu sắc:sống động Đúng với mô tả:sản phẩm đẹp, chất lượng tốt Chất liệu:đẹp, thấm hút mồ hôi tốt, mặc dễ chịu Chất lượng sản phẩm tuyệt vời",5,2022-08-24 11:30:41,0,True,10280321597,24710134,0,0,0,0,0,139,28
e700a8d64d47bae37384e723aef33257067c7646879553d6a2e720c70053b1cc,"Chất liệu vải thoáng mát, giặt nhanh khô và thấm hút mồ hôi tốt, mình 76kg có tập gym mặc fit người, lên form đẹp. Cảm ơn shop nhiều sẽ ủng hộ shop nhiều lần sau",5,2025-09-16 10:43:02,1,True,10280321597,24710134,0,0,0,0,0,161,36
930c1dc546ff5d347e5fbd76cd65356cf71d963a7f4b6a3cd5eb041fbc27a3ff,Đúng với mô tả:dung Chất lượng sản phẩm:tot hình ảnh chỉ mang tính chất minh hoạ để lấy xu. Chứ đồ coolmate là khỏi chê vào đâu nha mọi người,5,2023-11-16 17:33:57,0,True,10280321597,24710134,0,0,0,1,1,141,30
30e65668ab662ab78ef2cb41f2e0a3b08d3f79515c9b846848f31be1796c2eb0,"Đúng với mô tả:đúng Màu sắc:đen Vải mặc nhẹ, thoáng, nhanh khô, đã mua của shop nhiều lần, sản phẩm chất lượng và uy tín, giao hàng nhanh...",5,2023-03-04 14:43:01,1,True,10280321597,24710134,0,0,0,0,0,140,28
232df804748f05d60a5b373bdb773683dc6ff8bc43c22d0fe26b406c13f95788,Chất liệu co dãn tốt. Sản phẩm đẹp phù hợp với giá tiền. Giao hàng nhanh. Đóng gói cẩn thận. Không biết có chương trình gì nhưng mua 4 cái áo được tặng 1 quần lót. Mặc lên ngy bảo mông ngon @@,5,2022-08-13 09:40:14,1,True,10280321597,24710134,0,0,0,0,0,192,43
d50535e49033c418b8c307f58f8b4dbe3aca2c973f43942a64cc31c20e3a6a0b,"Đầu tiên phải khen là đóng gói vô cùng chỉn chu, áo có tag đầy đủ. Chất áo mỏng nhẹ thấm hút mồ hôi tốt, phù hợp chạy bộ",5,2024-12-24 00:11:14,1,True,10280321597,24710134,0,0,0,0,0,120,29
43140c42de6957679a280351678d0126fbc4098b3abee16dafe0dc42f8f9e2f7,Chất liệu:Poly Màu sắc:Đen Áo thấm hút mồ hôi hiệu quả. Mình tập gym cả buổi vẫn không thấy áo thấm đẫm mồ hôi. Mình hài lòng lắm,5,2023-04-03 10:30:05,1,True,10280321597,24710134,0,0,0,0,0,129,28
eb2726314b59494924ba3cf1f84bd7a51f8985ab9ae2b32e3b71163345fb4ba8,"Thấm hút:tot Vật liệu:nhe Độ bền:tot Ao đẹp, mỏng, nhẹ, thậm hút mồ hôi tốt. Thich hợp thời tiết mùa he va hoat dong thể thao. Chất luong tuyệt vời. Tôi đã mua cho con trai voi tật cả cac màu mà shop có. Khuyen cao moi nguoi nên mua.",5,2026-01-13 09:41:23,0,True,10280321597,24710134,0,0,0,0,0,233,50
1c32dd425d23c4895c4be29e9f2a8a6ebc81e238d2c8b7a4d034da9979bf702b,"Màu sắc:Xanh da trời Đúng với mô tả:Hàng đúng với mô tả trên gian hàng Shopee Chất liệu:100% cotton Chất vải cotton mặc thoáng mát, thấm mồ hôi tốt. Màu sắc da trời trông cũng trẻ trung. Mình mặc khi chạy bộ, vận động thể dục thể thao thấy rất thoải mái. 5* cho shop.",5,2022-09-29 06:43:01,2,True,10280321597,24710134,0,0,0,0,0,267,55
8cd1b0978eed0fca07e83e7bc25ad7bbd781e7bbfdd1bf1d32f83f368ae593f2,"Màu sắc:đúng xanh navi Đúng với mô tả:đúng mô tả Chất liệu:polyester Quá êm, vải mịn, mát, đàn hồi tốt, phù hợp cho vận động. Gia công đẹp, không sợi vải thừa.",5,2023-09-22 16:16:51,1,True,10280321597,24710134,0,0,0,0,0,159,32
d395b44c69946ecc477ad0de814a36ee8fc0dd63f2ac725e0d99a3801345297a,"Mặc thoải mái lắm nha Đã vậy còn đc tặng chiếc quần bé xinh Chưa đânh giá đc chất lượng, nhưng cảm nhận ngay khi nhận hàng là 5*",5,2024-05-30 00:43:29,2,True,10280321597,24710134,0,0,0,0,0,128,29
0f724b6ede1bf1f092c9001fce9c9fb03834fec04277c63c74c1de4730ad7798,"Vẫn chiếc hộp đó, vẫn là chất liệu vải đó. Mặc thích, thoáng khí. Rất đẹp vừa vặn mà lại giá rẻ chứ. Mọi người nên mua nhá ủng hộ cho coolmate tí nha hehhehehe",5,2026-04-15 12:12:02,1,True,10280321597,24710134,0,0,0,0,0,159,35
a5755de71fac8aca0acfabebb21047697e5135f979b948d2be5a0a3d97d6f68e,Chất liệu:thun Đúng với mô tả:đúng Màu sắc:xanh than Áo mặc mát lắm. Rộng rãi hợp với người. Quá rẻ khi mua trên live. Không nghĩ là giá rẻ vậy mua đc cái áo đẹp vậy ạ. 46k. Đỉnh. Cảm ơn shop ạ,5,2023-07-03 20:45:58,1,True,10280321597,24710134,0,0,0,0,0,193,43
549683fcfdc107da9dc65efdaa5bddace17c6a4f5735d50e7683d95d71dc300d,Áo siêu nhẹ nha. Thoáng khí thoát mồ hôi nhanh mặc chạy 2 tiếng mà. mồ hôi vẫn k đọng lên áo được size khá chuẩn cứ theo kích thước áo là đẹp,5,2025-03-28 13:06:23,2,True,10280321597,24710134,0,0,0,0,0,141,33
2765eaea5535e66f515c6c49f4e02538d53a0df8984c9494686ec52a63c23b7d,"Thấm hút:okay Vật liệu:nhe Độ bền:okay Hàng giao nhanh Hàng giao đúng như mô tả Chất liệu đi đôi với giá thành Hàng việt nam chất lượng cao Mặc mát, thoải mái Sẽ còn mua thêm",5,2026-04-12 10:34:48,1,True,10280321597,24710134,0,0,0,0,0,174,36
719512823d7513a3f82f88bab7572bcf7107ffd52a6bad3dcc5b42882a1eb46e,"Áo thấm hút mồ hôi rất tốt, khô nhanh sau khi vận động. Chất liệu vải nhẹ, mềm mại và thoáng mát khi mặc. Có vẻ như chất liệu ổn định",5,2026-05-07 13:03:26,1,True,10280321597,24710134,0,0,0,0,0,133,31
7a882df4441aa3c3dc88dbcbafc397227e0114fa77d06b932a49d8cfa9480c18,"Chất liệu:tHoáng mát Màu sắc:XAnh navy Nhận hộp hàng cảm thấy rất hài lòng, từ cách đóng gói cho đến chất lượng sản phẩm. Rất nên mua",5,2022-07-26 19:08:00,1,True,10280321597,24710134,0,0,0,0,0,133,27
b393daf74a7bb893815181f2319dc45d1a6e40b7f7cf8addeb16963546af022b,"Áo thoáng mát phù hợp cho vận động, chơi các môn thể thao. Shop xử lý đơn hàng hợp lý và đúng cách, khi báo giao thiếu shop xử lý gửi bù rất nhanh.",5,2026-04-05 13:03:58,2,True,10280321597,24710134,0,0,0,0,0,147,34
1c6e09431933d830fe60ac7d11d16f05df7cd870c7c896c91751dd09c30b7dc3,"Thấm hút:ok Vật liệu:mềm, nhẹ Độ bền:ok Shop chuẩn bị và giao hàng nhanh, chất lượng sản phẩm tốt trong tầm giá. Màu thật đậm hơn trong ảnh. Sẽ ủng hộ shop tiếp.",5,2026-04-25 10:12:04,1,True,10280321597,24710134,0,0,0,0,0,161,33
6aabd3a49e8fbb73c55f92a1155965197a1551ce71f783052337336b658bb776,"Hàng đã nhận như mô tả, sản phẩm tốt, hình thức đẹp. Đơn hàng giao nhanh, đóng gói kỹ càng. Dùng thời gian mới biết chất lượng sp.Thanks shop.",5,2025-09-14 11:46:58,2,True,10280321597,24710134,0,0,0,0,0,142,29
ce84089a9f14b08a6b74ef8f7268c3faaa21d44fea49d9e7735b4921a36de2a8,Đúng với mô tả:đúng Màu sắc:xanh nhạt Hàng dùng ok đã mua vài lần và giờ mua lại thôi. Áo cũng khá ổn so với giá tiền mọi người nên mua nhé,5,2023-06-20 08:25:42,3,True,10280321597,24710134,0,0,0,0,0,139,32
21f9eb241b8b1da10dd365b2de2aad31e04cae8dac4b3be0b9e0cef88c966559,"Thấm hút:áo thấm mồ hôi tốt, thích hợp cho vận động Vật liệu:chất liệu vải mềm. nhẹ, thoáng khí khi mặc, thoải mái vận động, đôn co giãn tốt Độ bền:có vẻ ổn, nhưng chắc phải qua thời gian mới biết được",5,2026-04-16 15:35:42,0,True,10280321597,24710134,0,0,0,0,0,201,42
e42673d81ed09b7308336c5e08423e3b01cedf961ca0e28502f33ddb5f7490ac,"Màu sắc:xanh than, đúng mô tả Chất liệu:thoáng, có vẻ hơi nhiều Poly 1 chút nhưng ổn, khó nhăn Đúng với mô tả:Yes Có 2 ưu điểm rõ ràng của Coolmate hiện nay: chất lượng sản phẩm/giá tiền = tốt và dịch vụ sau bán hàng tốt. Việc đổi hàng dễ dàng và chuyên nghiệp khi shop tự tạo đơn 2 chiều đổi rất nhanh cho KH. Sẽ là 1 KH trung thành",5,2023-07-13 17:03:06,0,True,10280321597,24710134,0,0,0,0,0,333,73
68ac4a62c3a234c337eab4063a958840212d2d478b95443a8eb5497a3f514844,"Thấm hút:áo thấm hút mồ hôi rất tốt, khô nhanh sau khi phơi. Vật liệu:chất liệu vải nhẹ, mềm Độ bền:khá bền, ko có hiện tượng giãn chỉ",5,2026-03-21 21:39:01,0,True,10280321597,24710134,0,0,0,0,0,134,28
f9274a77e8f1fb66838f762662d6c4a787a3f35cee30260f4690d9155591b748,"Đúng với mô tả:áo ưng lắm nha mn mặc vào vừa khít luôn mình m7,60kg mặc ok lắm 10/10 lại còn ship nhanh vãi=)) Màu sắc:đen",5,2023-07-30 18:53:56,1,True,10280321597,24710134,0,0,0,0,0,122,26
382d75fbe590eb6885df1f72af279cf149c1238b1e124e2fe373493c87bacff7,"Màu sắc:Xám Áo đẹp, có hộp xịn sò nha mn. Nói chung vậy là quá ổn cho 91k 1 cái áo thun nam thông hơi. Form cũng đẹp nữa",5,2023-07-07 13:12:59,0,True,10280321597,24710134,0,0,0,0,0,120,29
ceeedf52c34a0f603362c9d88507e876290d0307e2bad601c19e5d75fce1527c,"Chất lượng sản phẩm:ngon Đúng với mô tả:ngon bo re san phảm này mua 6 món rồi, ngon bổ rẻ để đi tập thể thao, bận ngủ thì mát",5,2025-01-17 18:18:50,1,True,10280321597,24710134,0,0,0,0,0,125,29
9a8b4f21eeaaa61daca057228190ec0c224c6ee45d60071f0c7d553310095d24,"Chất lượng sản phẩm:ok Đúng với mô tả:OK Sản tốt bền phù hợp với giá tiền, ko chê gì được cả chấm 5 sao luôn",5,2024-05-04 21:28:02,1,True,10280321597,24710134,0,0,0,0,0,108,25
e88b7562b2c81883191ee856d51ce99bb348890cc87abdb2f9911a0bc45df7e7,"Đúng với mô tả:đúng Chất lượng sản phẩm:tuyệt vời Đã mua hàng ở shop Coolmate nhiều lần rồi, lần nào cũng đạt chất lượng cao hết cả. Nên với sản phẩm mới này thì không gì phải bận tâm quá nhiều nữa rồi... Áo mang thoáng khí, thuận lợi cho việc hoạt động thể thao ra mồ hôi nhiều",5,2025-07-02 16:00:13,1,True,10280321597,24710134,0,0,0,0,0,278,59
3f384b767955e7be3bbe4ae874f063053ce38ee7bbcc8501213f4fecc9d10777,Chất liệu:THun Màu sắc:đen Áo vải mát thấm hút mồ hôi nhanh vải giặt mau khô lắm mà giá phải chăng sẽ tiếp tục ủng hộ,5,2022-06-13 21:59:04,1,True,10280321597,24710134,0,0,0,0,0,117,26
3e8110ac3093487f1f6acc73d722bcfac0537a73139d1d96a9cbd7ab6ba84b9e,Thấm hút:áo thấm hút mồ hôi tốt Vật liệu:chất liệu vải nhẹ mềm mỏng Độ bền:ok Sản phẩm ok mặc dễ chịu dễ khô ráo sau khi vận động,5,2026-04-14 11:44:05,1,True,10280321597,24710134,0,0,0,0,0,129,29
22dd18bfa36998c2c3d36e4bffaf4a35348b712f174868c083eb3c576b28ee47,Áo đẹp đường may cũng ok vải mỏng nhẹ không biết có thấm hút mồ hôi không để mặc đi tập thể dục rồi đánh giá sau,5,2026-05-09 12:10:50,4,True,10280321597,24710134,0,0,0,0,0,112,27
5cf6ffc637e1090484354ae9232f44a08d0b275c383e595ad1050f91840c97e8,"Chất lượng sản phẩm:tot Đúng với mô tả:có Áo vải sợi lỗ, mát, thoáng khí, phù hợp với nhu cầu vận động thể thao. Mua cho ông xã sz L, tầm 68-69kg vừa.",5,2024-03-28 21:28:18,1,True,10280321597,24710134,0,0,0,0,0,150,33
22f945a0751d7f253f6359ed963768b149601afac3a78d501f908542cd5ffcf7,"Giao nhanh, đóng hộp đẹp và chắc chắn, chất vải có vẻ không mát bằng áo màu xám, mình 1m7 68kg mặc XL vừa vặn ko bó ko rộng",5,2023-02-16 20:43:39,3,True,10280321597,24710134,0,0,0,0,0,123,29
c28b99868f1689e9cd6d309748ce8b460fbede275c6b3807fc4e0cd6aba42e1d,"Chất lượng sản phẩm:ok Đúng với mô tả:đúng với mô tả Chất vải có lỗ thoáng, chất cũng nhẹ hợp mặc thể thảo hoặc lao động ra nhiều mồ hôi cần thoáng khí",5,2025-08-11 22:34:55,1,True,10280321597,24710134,0,0,0,0,0,151,33
798a0c77ee6fa505ff96983a9c2d4e85e7c23f3e2c3afb4f9d7f035729214a75,"Chất liệu:vải Màu sắc:giống hình Đúng với mô tả:đúng Áo đẹp nha mn, mua của coolmate mấy lần rồi nên thấy rất hài lòng. Vải mát, mỏng, có điều size M mà thấy vânz hơi dài. Nv tư vấn nhiệt tình, mình vó bị nhâmg size mà nv hỗ trợ đổi size rất nhiệt tình. Hàng đổi lại rất nhanh. Nói chung 10d",5,2022-12-24 23:25:44,4,True,10280321597,24710134,0,0,0,0,0,291,63
d7e8d72c1b6f5bfd5e76f5b21b920fd9a0bd646fa1d694354155fd20e135dc3e,"Thấm hút:Áo thoáng nhưng chất poly hơi nhiêif Vật liệu:Poly có lỗ li ti Độ bền:K bai xù, chảy xệ Trc mua 2 cái mặc thấy ổn. Đợt này mua thêm cái nữa mặc",5,2026-04-07 22:19:31,2,True,10280321597,24710134,0,0,0,0,0,152,34
a87ca7fab8fbefe9ac727d1f1b22401bd2e7deabcb75411c9906bae150fd6ebe,"Chất lượng sản phẩm:tot Đúng với mô tả:đúng giao hàng nhanh, chất lượng sản phẩm tốt, hàng bọc cẩn thận sau sẽ ủng hộ shop",5,2024-09-11 21:33:39,1,True,10280321597,24710134,0,0,0,0,0,122,25
64a9ad333d0ed12debc870af21913e1edbb8aaf4b1c87b0f9826cf8aeceb9144,"áo đẹp chất lượng tốt mặc mát, phơi nhanh khô, giá cả hợp lý đẹp",5,2024-06-03 00:16:07,2,True,10280321597,24710134,0,0,0,0,0,64,15
f2c4c4efb419179c6ac9fcd8096b0aea3dc55522a1e8cd39fd3c8249625fd3ec,"Sản phẩm này thật sự tuyệt vời! Chất lượng vượt xa mong đợi, thiết kế tinh tế và tiện dụng, phù hợp với mọi nhu cầu sử dụng hàng ngày. Độ bền cao, chịu lực tốt, giúp tôi yên tâm khi sử dụng trong thời gian dài. Giá cả hợp lý, xứng đáng với chất lượng mà sản phẩm mang lại. Đặc biệt, dịch vụ khách hàng hỗ trợ nhanh chóng và nhiệt tình, làm tôi cảm thấy rất hài lòng. Đây chắc chắn là lựa chọn hàng đầu cho bất kỳ ai đang tìm kiếm sản phẩm đáng tin cậy và giá trị",5,2025-06-23 13:39:34,0,True,10280321597,24710134,0,0,0,0,0,462,104
a44df38bb51584b65c3d3f747d74e18005b2a42fb8e7eb38cc32ae0e353b23c1,"Chất lượng sản phẩm:depj Đúng với mô tả:dụg Shop giao nhanh. Sp đẹp và rất ưng ý, lên fom đẹp dã man , moin thứ đều tốt",5,2024-08-23 03:48:47,1,True,10280321597,24710134,0,0,0,0,0,119,27
548913701a750c8aab158c2ab8aa597b227d7570de2361c1494e509c72150cb4,"Chất lượng sản phẩm:tốt Đúng với mô tả:đúng giao hàng nhanh, áo thấm hút mồ hôi nên mỏng nha, giao đúng hàng, chất lượng oke nè",5,2024-10-22 10:02:54,1,True,10280321597,24710134,0,0,0,0,0,127,26
415a43016fa4586b07506dde067cf79ea470412926ac78b71596421412ce9581,"Đúng với mô tả:đúng Chất liệu:co dãn Màu sắc:đen xám Chất liệu thoáng mát và thoát mồ hôi tốt, quần có hơi rộng size hơn xíu nhưng co dãn và thoải mái rất nhiều mua nhiều lần rất ưng bụng",5,2023-05-17 09:36:07,0,True,10280321597,24710134,0,0,0,0,0,187,40
d17f60658f548a10cb9cb8a123303f171ba78ad93fa7f79527961f1ecd5efc2c,"Shop giao hàng nhanh, Sản phẩm tốt, các thông số chuẩn nên chọn áo là đúng luôn và hàng đẹp, nên mua mọi người nhé. Ủng hộ shop các đơn tiếp.",5,2025-03-19 20:43:36,4,True,10280321597,24710134,0,0,0,0,0,141,31
bc6c826b838b85f0e5eecd1b4e02733dc1db21d560a8ef82ae015f9f7acb84f3,"Màu sắc:Đúng màu Đúng với mô tả:Đúng Chất liệu:Thoáng mát Sản phẩm của Cool mate thì hoàn toàn yên tâm rồi. Vải mỏng nhẹ, thoáng khí, khá ổn trong tầm giá.",5,2023-04-21 23:24:38,1,True,10280321597,24710134,0,0,0,0,0,155,31
f1e6332772d3f9504ea24bfe140de196f6e6001b82403d1caf27cc19986b1ec2,"Thấm hút:hút nhanh, mau khô Vật liệu:thoáng mát, mềm mại Độ bền:tốt Đúng mô tả, mua nhiều lần rồi nên không có gì để chê",5,2025-11-17 21:26:46,2,True,10280321597,24710134,0,0,0,0,0,120,25
e9b6a4414586fe92e57e77d933d55e5b95d1bd6306a1dd37a62857704dbb864b,"Thấm hút:oke Vật liệu:tot mem mai Độ bền:tốt Áo có thiết kế đơn giản nhưng rất tinh tế, form mặc lên gọn gàng và tôn dáng. Chất vải mềm, thoáng, mặc cả ngày vẫn thấy dễ chịu, không bị bí hay nóng. Đường may chắc chắn, hoàn thiện khá tốt nên nhìn tổng thể khá chỉn chu. Màu sắc đúng như mô tả, dễ phối với nhiều kiểu quần khác nhau, đi làm hay đi chơi đều hợp. Nói chung với mức giá này thì chất lượng ổn áp, đáng để mua thêm vài màu cho tủ đồ. 👌",5,2026-03-06 09:28:26,0,True,10280321597,24710134,0,0,0,0,0,445,99
b858e6f200e6a4f59424df6e6921c27c71407d692c35ad4d504f71489048fde6,"mua rất nhiều loại áo bên Coolmate, chất liệu rất ok và thoải mái, giá hợp lí ♥️♥️♥️",5,2022-11-13 11:43:43,1,True,10280321597,24710134,0,0,0,0,0,84,18
7a525c61cd4a399f5ff4bfaa9e4dad677f4f8070471ba9497f4b984a8afcf21e,"Đúng với mô tả:ok Chất lượng sản phẩm:tốt Shop chuẩn bị hàng và giao hàng nhanh Sản phẩm như giới thiệu! Đầy đủ và đúng số lượng,phân loại Gói hàng kỹ, chắc chắn Rất hài lòng về cách phục vụ! Hình ảnh và video chỉ mang tính chất nhận xu!",5,2024-01-22 11:48:21,2,True,10280321597,24710134,0,0,0,1,1,237,50
490f3bee6867b346b788061833d8000a153f093d80db3140aaa23ae27ab4d996,"Em trai mình 1m77 nặng 77kg mặc 2XL đẹp nha. Tà áo không quá dài nên bé rất thích. Chất vải mịn mát, thích hợp mặc mùa hè này lắm nha. Video nhận xuuuuuuuuuuuu",5,2024-05-25 13:29:14,2,True,10280321597,24710134,0,0,0,1,1,159,34
527c28016363b04391a2f1e7add30708bd6db1e6daca40cf8d844dcd1564f431,"Sale sale giá rẻ, chất khá thoáng khí, màu sắc cũng đẹp. Thanks",5,2023-11-06 21:52:03,1,True,10280321597,24710134,0,0,0,0,0,63,13
73a3c230a0fc215a7ce5a8ea608d4ce7c5fdd9a4cde3207f82d42a253bb2ee00,"Chất lượng sản phẩm:ok Đúng với mô tả:đúng Shop ngoài Bắc ,nhưng giao hàng nhanh so với các shop khác, phản hồi tốt, quan trọng là đúng số lượng, đúng size, sẽ ủng hộ thêm.",5,2025-09-22 15:22:44,1,True,10280321597,24710134,0,0,0,0,0,172,35
d41f250aedb89d7f2587d22b8c8d831a0315ad6261fc5ae62ea90ab023a90e4a,"Đúng với mô tả:Đúng với mô tả Chất lượng sản phẩm:Tuyet voi! Giao hàng rất nhanh, sản phẩm đúng với mô tả, mặc để đi bộ, chạy bộ rất là thoáng! Mình sẽ tiếp tục ủng hộ thương hiệu này!",5,2024-07-29 18:06:16,1,True,10280321597,24710134,0,0,0,0,0,184,40
d891effd71616e4d71c2adf0794c96323c6044bbb27f80b8f46b75d5ea4932c2,Đồ mang rất đẹp và mát nha mn. Đã dùng nhiều sp của coolmate rất hài lòng với chất lượng. Sẽ còn ủng hộ dài lâu. Cảm ơn shop,5,2023-11-11 10:41:57,2,True,10280321597,24710134,0,0,0,0,0,124,29
7156fad510b02fee5f2c29cb60461102eadb07ec3d0ef19062157f3c36612fef,"Chất lượng sản phẩm:ok Đúng với mô tả:ok Shop giao hàng nhanh, đúng, đủ số lượng, chất lượng ẩn phẩm tốt, áo thể thao nam",5,2025-04-06 12:15:45,1,True,10280321597,24710134,0,0,0,0,0,121,25
1a414e6580be0096ec8cff98e730ad2949b2a142a2ec454e6b6ab238bab963e0,"Đồ coolmate thì quá ok rùi, mình chưa bao giờ ko ưng hết. Giá rẻ phù hợp nhu cầu mà chất lượng ok hơn mong đợi",5,2024-04-18 16:50:54,1,True,10280321597,24710134,0,0,0,0,0,110,26
11837125f11c831e9236b7f47181eaf2fa897824a169452f2a1ccd7f13e218c9,"Thấm hút:tham hut tot Vật liệu:mat Độ bền:tot Áo này mặc lên rất vừa dáng, chất vải mềm và thoáng nên không bị bí hay ngứa. Form áo chuẩn, đường may gọn gàng, nhìn đứng dáng và lịch sự. Màu sắc lên đẹp, dễ phối với quần jean hay kaki. Giặt vài lần vẫn giữ form tốt, không xù lông. Rất đáng tiền!",5,2026-03-02 10:38:28,0,True,10280321597,24710134,0,0,0,0,0,295,63
e5cb930013ef49277bd909ed0f9205dcbc09e690d5e95a228ca8f84e3057f10f,"Màu sắc:Xanh lá sẫm Chất liệu:Cùng chất với áo bóng đá Đúng với mô tả:100% Chính sách của coolmate rất tuyệt vời. 10đ cho các bạn tư vấn, hỗ trợ mua hàng! 10đ cho shop vì cách làm việc rõ ràng, chỉn chu! Đổi trả hàng dễ dàng, ko hề có tâm lý lo lắng khi mua hàng online.",5,2023-04-03 11:51:06,0,True,10280321597,24710134,0,0,0,0,0,270,59
348cd2f967d595b219b907a53053a5463e11d36c08d2adb5e269c043980b67b6,"Tôi rất hài lòng với sản phẩm này. Chất lượng tốt, thiết kế đẹp và dễ sử dụng. So với mức giá thì sản phẩm hoàn toàn xứng đáng, đáp ứng đúng nhu cầu của tôi. Giao hàng nhanh, đóng gói cẩn thận, không bị móp méo hay hư hỏng. Tôi đã sử dụng và cảm thấy sản phẩm hoạt động ổn định, bền bỉ, đúng như mô tả của người bán. Dịch vụ chăm sóc khách hàng cũng rất nhiệt tình, hỗ trợ kịp thời khi tôi cần tư vấn. Tóm lại, đây là một sản phẩm đáng để mua và tôi sẽ tiếp tục ủng hộ nếu có nhu cầu. Tôi cũng sẵn sàng giới thiệu cho bạn bè, người thân nếu họ cần",5,2025-07-20 15:58:28,0,True,10280321597,24710134,0,0,0,0,0,547,126
c22e0aa2abe796deb59398c5e47491fe08c3c968718cbfc3578407895842aeab,Chất lượng sản phẩm:OK Đúng với mô tả:Áo đúng với mô tã Mua trên live nv tv nhiệt tình. Áo chất vải mỏng nhẹ thoải mái. Mặc ở nhà hoặc đi tập thể thao ok 1m7 65kg size XL là vừa. Muốn thoải mái thì 2XL,5,2025-08-25 22:43:37,3,True,10280321597,24710134,0,0,0,0,0,201,46
476b36ba818a861b52e782838b5fe5ac70881a3439b511281ba67ed54a2dde1c,"Chất liệu:mát, hợp mùa hè Màu sắc:xanh navy Đồ Coolmate đẹp, giá cả tốt. Shop hỗ trợ khách hàng rất nhiệt tình. Cảm ơn shop!",5,2023-04-07 14:52:46,1,True,10280321597,24710134,0,0,0,0,0,124,25
26e9d8bc8fde611658da8d86085f44852a5e8cc37c7443fc17780680871d65ad,"Chất lượng sản phẩm tuyệt vời, giá cả hợp lý. Đã giới thiệu cho bạn bè. Sản phẩm dễ sử dụng, có ghi chú hướng dẫn rõ ràng. Tôi vô cùng hài lòng với lần mua sắm này. Giao hàng nhanh, đóng gói kỹ lưỡng. Sản phẩm chất lượng cao, giá khá tốt.",5,2025-09-03 06:04:58,0,True,10280321597,24710134,0,1,0,0,1,238,53
26e9d8bc8fde611658da8d86085f44852a5e8cc37c7443fc17780680871d65ad,"Chất lượng sản phẩm tuyệt vời, giá cả hợp lý. Đã giới thiệu cho bạn bè. Sản phẩm dễ sử dụng, có ghi chú hướng dẫn rõ ràng. Tôi vô cùng hài lòng với lần mua sắm này. Giao hàng nhanh, đóng gói kỹ lưỡng. Sản phẩm chất lượng cao, giá khá tốt.",5,2025-09-03 06:05:46,0,True,10280321597,24710134,0,1,0,0,1,238,53
26e9d8bc8fde611658da8d86085f44852a5e8cc37c7443fc17780680871d65ad,"Chất lượng sản phẩm tuyệt vời, giá cả hợp lý. Đã giới thiệu cho bạn bè. Sản phẩm dễ sử dụng, có ghi chú hướng dẫn rõ ràng. Tôi vô cùng hài lòng với lần mua sắm này. Giao hàng nhanh, đóng gói kỹ lưỡng. Sản phẩm chất lượng cao, giá khá tốt.",5,2025-09-03 06:05:21,0,True,10280321597,24710134,0,1,0,0,1,238,53
c11a2bb388b05d703a385c6d4d13553f32f2162110c6e29e621dae03e0c2a694,Thấm hút:tốt Vật liệu:mỏng nhẹ thoáng Độ bền:cần thời gian Sản phẩm chất lượng. Giá vừa túi tiền. Giao hàng nhanh đúng hẹn. Shipper thân thiện. Sẽ mua lại nhiều lần,5,2026-04-16 16:49:43,0,True,10280321597,24710134,0,0,0,0,0,164,31
210bc8e62071b6ad7b648d7a8afb801a4befa32425aa100d847202e3fe0d6bd3,"Thấm hút:tot Vật liệu:mem mai Độ bền:tot Áo thun thoáng mát, thấm hút mồ hôi tốt, shop giao hàng nhanh",5,2026-03-31 20:59:34,1,True,10280321597,24710134,0,0,0,0,0,102,20
d9dac8bbd7eef03d36a85db38a86758ac50b5b98a0306e712e41e79dc57fde3e,"Màu sắc:đen Chất liệu:Poly thoáng mát Sản phẩm giá hợp lí , vải mềm , thoáng mát , mặc nhanh khô , ủng hộ cho 5 sao , giao hàng nhanh",5,2023-02-09 11:24:21,1,True,10280321597,24710134,0,0,0,0,0,133,31
cd033d9e582323b303b08d3ebaa0ff067b139a330bc4f4847dd13f0652175226,"Sản phẩm tuyệt vời, đúng với mô tả. Giao hàng nhanh chóng, shipper thân thiện dễ mến Đóng gói cẩn thận, có thể thấy tâm huyết của người bán. Hộp không bị móp méo, vận chuyển rất tốt. Thời gian giao hàng nhanh chóng, tôi không phải chờ đợi quá lâu để nhận sản phẩm. Chất lượng sản phẩm vượt mong đợi. Tôi rất hài lòng với trải nghiệm mua hàng này. Sản phẩm chất lượng tốt, đóng gói cẩn thận, giao hàng nhanh.",5,2026-04-26 13:16:19,1,True,10280321597,24710134,0,1,0,0,1,407,84
844223e3884f272e5514cc3f7f5eda957a40e5a168ae1e56ba9630d37d56ea13,"Coolmate là thương hiệu thời trang nam áp dụng công nghệ thời đại 4.0 vào mua sắm giúp phái mạnh tiết kiệm tối đa thời gian, tiền bạc mà vẫn lựa chọn được những món đồ chất lượng nhất. Ngay từ khi mới ra mắt, thương hiệu thời trang này đã nhanh chóng “chiếm trọn spotlight” và được nhiều bạn trẻ yêu thích từ chất lượng sản phẩm tới dịch vụ chăm sóc khách hàng.",5,2024-05-06 11:21:17,1,True,10280321597,24710134,0,0,0,0,0,361,75
1ca5489a28b584a50f88c720dbdff5d81d3700218b5a41c6110b7dbb487eb791,"Chất lượng sản phẩm:tuyệt vời Đúng với mô tả:hoàn toàn chính xác Áo đẹp hoàn hảo, chất vải mềm mịn, mát, đường may chắc chắn, chỉn chu đều thẳng tắp, vô cùng đáng đồng tiền bát gạo. Shipper giao hàng chu đáo và thân thiện. Cảm ơn Coolmate nhiều lắm và vô cùng yêu thích và ngưỡng mộ cách các bạn làm thời trang, vô cùng yêu thương và bảo vệ môi trường.",5,2023-11-09 01:18:45,0,True,10280321597,24710134,0,1,0,0,1,352,73
f7502b2b4fb5e9a3d5dcb8ca72152513930d37effd32734bdb1b3e2773cbac7c,Coolmate thì brand này ok từ chất vải đến form Local brand recommend cho nam giới. Màu và kiểu dáng phù hợp với style mình.,5,2024-12-13 17:10:58,3,True,10280321597,24710134,0,0,0,0,0,123,25
53d3286c1bdd9aa3bd5b1934654180f7073942977d68b6ffb565169495193c6b,"Shop giao hàng nhanh, đóng gói hàng cẩn thận, shop nhiệt tình hỗ trợ, shipper thân thiện, sản phẩm đúng hình chất lượng tốt giá phải chăng",5,2025-06-21 11:15:22,0,True,10280321597,24710134,0,0,0,0,0,138,27
64e049d2e93e5bd5cf1c2d1885160a48cabda24fb1afd3e87b34442b5bea1d0c,"Săn được giá tốt trên live, rất hài lòng. Áo polyester mặc thể dục thể thao thoáng khí, có thể mặc sinh hoạt thường ngày được, bộ sưu tập này có rất nhiều màu hay",5,2025-07-24 22:41:00,1,True,10280321597,24710134,0,0,0,0,0,162,35
55bc1af11ba7fa1ee397c04f5eff2c3fc0676b6f448cc2543b299222b0195ef8,"Đúng với mô tả:ok Chất liệu:thun Màu sắc:xám Chất mềm mịn mỏng mát. Đóng gói hộp xịn xò lắm, ko nghĩ là cái áo chưa tới 100k đâu ạ",5,2022-10-23 22:12:20,1,True,10280321597,24710134,0,0,0,0,0,130,29
8545fd2d31aef4b801121f4136751aafd9ff1947f8398940cd51adfa683dd36e,Màu sắc:grey Chất liệu:good Đúng với mô tả:đúng Áo mẵ khá thoáng mát hợp anh em mặc thể dục thể thao hoặc đi tập Thấm hút mồ hôi tương đối,5,2023-06-04 12:09:07,1,True,10280321597,24710134,0,0,0,0,0,138,30
3a31fc6c352ab2227b608157f2a0e12456fae20e47e773eccfeab31f924aa798,"Chất liệu:thoải mái Màu sắc:màu đẹp Đúng với mô tả:chuẩn với mô tả Màu chuẩn, size ok, mình cứ lo là chật quá mà người mình ốm sợ nó xấu mà lên form cũng đẹp",5,2023-05-25 14:52:47,0,True,10280321597,24710134,0,0,0,0,0,157,35
d1e492bdfe99c92a51fa1133ff1ce992165f25ab77a5c17a0bc767f0f6c6e150,Thấm hút:ok Vật liệu:ok Độ bền:ok dịch vụ tốt giao hàng nhanh đóng gói cẩn thận lần sau sẽ mua lại cua shop 100 lần nữa mọi ngừoi nên mua nha,5,2026-05-03 07:28:43,1,True,10280321597,24710134,0,0,0,0,0,141,31
1c6e09431933d830fe60ac7d11d16f05df7cd870c7c896c91751dd09c30b7dc3,"Thấm hút:ok Vật liệu:ok Độ bền:ok Shop chuẩn bị và giao hàng nhanh. Chất lượng sản phẩm tốt, vật liệu mát, dầy vừa phải. Chất lượng hợp lý với giá tiền. Sẽ mua tiếp để ủng hộ.",5,2026-04-03 07:04:08,1,True,10280321597,24710134,0,0,0,0,0,175,37
32c5f9a9ab7bf51986bc859e9a81e9d728dfc28fe758833dc457074f1e28c866,"Thấm hút:ok Vật liệu:ok Độ bền:ok Shop giao hàng nhanh, đóng gói cẩn thận, sản phẩm đúng mô tả. Sẽ ủng hộ lần sau! Hàng nhận được rất ưng, chất lượng tốt trong tầm giá. Shop phục vụ nhiệt tình. Sản phẩm ok, giống hình, dùng ổn. Giao hàng nhanh, đáng mua.",5,2026-04-10 23:12:10,0,True,10280321597,24710134,0,0,0,0,0,254,52
dce887d3d342f67292ccb914396b29e2f93f20153ee783a4763932715d0a668f,"Ok, đây là bài đánh giá 51 từ cho Shopee: Sản phẩm nhận được đúng như mô tả của shop, chất lượng rất ổn so với giá tiền, đóng gói cẩn thận, chắc chắn, giao hàng nhanh chóng, thái độ phục vụ của shop nhiệt tình, hỗ trợ khách hàng chu đáo, nói chung là rất hài lòng, sẽ tiếp tục ủng hộ shop trong những lần mua sắm tiếp theo. Bạn có muốn mình viết thêm vài bản khác cũng đủ 51 từ để bạn lựa chọn không?",5,2025-08-19 14:28:17,0,True,10280321597,24710134,0,0,0,0,0,400,89
f7bd7423415df0014c40701ba967c0a3ac878c13e4d4d750260166abd2a39e7d,"Mỏng, nhưng ko mỏng quá, nhiều lỗ, nhưng lỗ ko to và ko nhiều quá, form áo vừa vặn ko phải bó eo và ko dài như đồ gym, vừa đúng size hằng ngày nha ae, nên mua lúc sale giá ok",5,2024-10-25 17:58:44,4,True,10280321597,24710134,0,0,0,0,0,174,42
12236c931b901e306b2bfef878fa1ad6ab89e2d6d4b6f8c6c9e1c9ba1f524c1c,"Chất lượng sản phẩm:tốt Đúng với mô tả:áo đẹp giá rẻ phù hợp, chất liệu khá tốt, yên tâm khi sử dụng, giặt không bị co dễ giặt dễ sử dụng nên mua các mẹ nhé",5,2025-07-12 08:04:09,0,True,10280321597,24710134,0,0,0,0,0,156,36
ceeedf52c34a0f603362c9d88507e876290d0307e2bad601c19e5d75fce1527c,Chất lượng sản phẩm:ngon bo re Đúng với mô tả:dung mau xanh dep màu đẹp chiếc áo thứ 5-6 của mình rồi 1m75 69kg XL chuẩn đẹp,5,2025-07-27 18:07:52,1,True,10280321597,24710134,0,0,0,0,0,124,27
7ec9d288df20343cbb5fdde5e23b9ff269b20b040839537270cdd6234eda4fb2,"Chất lượng sản phẩm:ok Đúng với mô tả:đúng Vải mát mặc ở nhà thoải mái mát mẻ nha, ndndbdbdbbdbd",5,2023-11-11 11:53:03,1,True,10280321597,24710134,0,0,0,0,0,96,19
7b7f6fcf3d24351b96ef3bedb40eaeeab6e80501ea92e6a9adeb1ba6cb145ce5,"Giao đúng hàng, thích hợp làm quà tặng. 2 áo mua 2 mẫu khác nhau, chất lượng đi đôi giá tiền th ạ, 2 áo vải đều mát, áo navy lỗ bự và thoáng hơn. Vì tặng nên k rõ vừa k, shop cskh tốt, sẽ quay lại",5,2023-10-02 19:01:10,5,True,10280321597,24710134,0,0,0,0,0,196,48
c18efa0a0be0c11e3da3575f3280aed4cb056d201e8ca088867a3b7dac24a6e4,"Chất liệu:thoải mái Màu sắc:đen Đúng với mô tả:đúng Áo mặt mát, vận động thoải mái, vừa vặn, thấm hút mồ hôi, giao nhanh nữa, lần sau sẽ mua lại.",5,2023-04-17 18:15:11,1,True,10280321597,24710134,0,0,0,0,0,145,30
8072e863e1d064620c54899fc2d4e3b4935deaab682c63e507590f472300fb44,"Giao đúng mẫu, số lượng đã đặt. Vải mỏng nhẹ, mát; mặc thoải mái. Màu hồng marsala này đẹp, mặc lên người cũng sang nữa.",5,2025-07-11 00:05:17,2,True,10280321597,24710134,0,0,0,0,0,120,25
217e47345c7433d0927d809f7035764f8a1d59cac73fcb6fcdff3a1072bddec5,"Thấm hút:thấm hút tốt, khô nhanh Vật liệu:mềm nhẹ thoáng Độ bền:oke nha shop giao nhanh đúng và đủ đồ, mãi iuuuu",5,2026-04-01 13:49:53,1,True,10280321597,24710134,0,0,0,0,0,112,22
3b301f2f84dd83b278435d968e9d95af62fe3eb6bbf145582dc3f864c09120ca,Chất lượng sản phẩm:okela Đúng với mô tả:đúng Canh sale nên mua dc với giá rẻ ổn áp so với giá mặc nhà thoải mái jxjdhdjdj,5,2024-07-17 17:26:32,1,True,10280321597,24710134,0,0,0,0,0,122,26
45db2cb535c5f88cfcadac3fff9f076f6ba31f6dfea1c3093041265e05793513,"Chất lượng sản phẩm:tốt Đúng với mô tả:đúng Giao hàng nhanh. Sản phẩm đẹp. Chất áo mát, nhẹ, rất hợp vs thời tiết mùa hè này.",5,2025-06-22 22:32:47,1,True,10280321597,24710134,0,0,0,0,0,125,26
cb79aabab4dc0a05e7d07787c9b625bd397025fa96c5eb0123e84ec93575dff7,"Đúng với mô tả:đúng như hình Màu sắc:chuẩn Chất liệu:đẹp Giá cả hợp lý, chất vải đẹp mầu sắc chuẩn như đặt hàng. Sẽ tiếp tục ủng hộ",5,2023-04-08 11:56:29,2,True,10280321597,24710134,0,0,0,0,0,131,28
32c5f9a9ab7bf51986bc859e9a81e9d728dfc28fe758833dc457074f1e28c866,"Thấm hút:ok Vật liệu:ok Độ bền:ok Sản phẩm được hoàn thiện chỉn chu, chất lượng đúng như mô tả. Shop đóng gói cẩn thận, giao hàng nhanh và chăm sóc khách hàng rất chuyên nghiệp. Trải nghiệm mua sắm rất hài lòng, chắc chắn sẽ tiếp tục ủng hộ trong những lần tới. Một trong những shop hiếm hoi khiến mình cảm thấy yên tâm từ chất lượng sản phẩm đến cách phục vụ. Hàng đẹp, tinh tế, đóng gói kỹ lưỡng và giao đúng hẹn. Rất đáng để trải nghiệm. Sản phẩm đẹp, chất lượng tốt và đúng kỳ vọng. Shop tư vấn lịch sự, phản hồi nhanh và rất có tâm. Tổng thể trải nghiệm mua hàng rất chuyên nghiệp và đáng giá 5 sao.",5,2026-05-23 13:29:25,0,True,10280321597,24710134,0,0,0,0,0,604,127
b81bd46fea799acd391094fa6214804cdc993c341decdbb68dd339e5a8eec8c1,Chất lượng sản phẩm:tốt Đúng với mô tả:đúng áo đẹp mặc thích đã nua nhiều lần rất rẻ oke ship nhanh mặc đi tập oki,5,2025-05-28 20:54:25,1,True,10280321597,24710134,0,0,0,0,0,114,25
169174c57d2f2b6ea9c6328cb61ecc00a9f679c493aa2d50b901899537abb39d,"Sau khi mua nhiều đồ nam thì thấy Coolmate vẫn ok nhất. Mẫu áo này dạng lưới thoáng khí, nhẹ, giặt mau khô. Ưng nha. Đã mua gần chục cái r vẫn thik loại này nhất.",5,2025-06-23 14:21:00,2,True,10280321597,24710134,0,0,0,0,0,162,36
1ca5489a28b584a50f88c720dbdff5d81d3700218b5a41c6110b7dbb487eb791,"Đúng với mô tả:hoàn toàn chính xác Chất lượng sản phẩm:tuyệt vời Áo đẹp hoàn hảo, chất vải mềm mịn, mát, đường may chắc chắn, chỉn chu đều thẳng tắp, vô cùng đáng đồng tiền bát gạo. Shipper giao hàng chu đáo và thân thiện. Cảm ơn Coolmate nhiều lắm và vô cùng yêu thích và ngưỡng mộ cách các bạn làm thời trang, vô cùng yêu thương và bảo vệ môi trường.",5,2023-11-09 01:24:30,0,True,10280321597,24710134,0,1,0,0,1,352,73
e93ffa4491206648a84c0a0822e177c859b1470436c1ebb17fefbbbb09c898f9,"Sản phẩm tuyệt vời, đúng với mô tả. Giao hàng nhanh chóng, shipper thân thiện dễ mến Đóng gói cẩn thận, có thể thấy tâm huyết của người bán. Hộp không bị móp méo, vận chuyển rất tốt. Thời gian giao hàng nhanh chóng, tôi không phải chờ đợi quá lâu để nhận sản phẩm. Chất lượng sản phẩm vượt mong đợi. Tôi urất hài lòng với trải nghiệm mua hàng này.",5,2026-04-25 14:30:06,0,True,10280321597,24710134,0,1,0,0,1,347,72
3050c7d1c84ba68f1af8822efbd9ab00d87e9065c58a08fdf14e2ce20becdcfe,Thấm hút:áo thấm hút mồ hôi tốt khô nhanh sau khi hoạt động Vật liệu:chất liệu vải nhẹ mềm mịn mặc thoáng mát Độ bền:chưa thấy co giãn sau khi giặt,5,2026-04-07 18:49:08,1,True,10280321597,24710134,0,0,0,0,0,147,31
b2b9b36210dd867800be2fa668b46c7045244f90f7b52a324d8fe925f1ca590b,"Màu sắc:đen Đúng với mô tả:đúng Chất liệu:không biết Đóng gói cẩn thận, vải rờ thấy mát, mình mua tặng nên k biết độ thấm hút mồ hôi sao",5,2023-07-10 16:43:42,1,True,10280321597,24710134,0,0,0,0,0,136,29
f3f9d56c5ce3ee138c858f9603d385e53c259a9e4ab2f74715107fe515ebb983,Đúng với mô tả:đúng Chất lượng sản phẩm:ok Thoáng mát thấm mồ hôi; giặt mau khô Chạy bộ hoặc chơi thể thao là đẹp Mình luôn tin tưởng và ủng hộ cool mate- hàng việt nam chất lượng cao ⭐️⭐️⭐️🫡🤣,5,2025-01-06 19:57:28,1,True,10280321597,24710134,0,0,0,0,0,192,40
53026270b2d1a8e7aee68478ede7a9c81765e0fb8cee38a3b71df2f29d2c701c,"Sản phẩm của chúng tôi được thiết kế với chất lượng cao, đáp ứng nhu cầu của khách hàng về tính tiện lợi và hiệu quả. Với nguyên liệu thân thiện môi trường, sản phẩm không chỉ bền vững mà còn an toàn cho sức khỏe người dùng. Chúng tôi cam kết mang đến trải nghiệm tuyệt vời, đồng hành cùng khách hàng trong cuộc sống hàng ngày. Đặc biệt, giá cả hợp lý và dịch vụ hỗ trợ chu đáo là điểm mạnh giúp sản phẩm nổi bật trên thị trường. Hãy trải nghiệm và cảm nhận sự khác biệt!",5,2024-10-11 12:50:00,0,True,10280321597,24710134,0,0,0,0,0,471,101
b81bd46fea799acd391094fa6214804cdc993c341decdbb68dd339e5a8eec8c1,Chất lượng sản phẩm:đẹp Đúng với mô tả:tốt áo đẹp rẻ mặc mát rất oke nua nhiều lần rồi nên mua lại nên viets tj,5,2025-07-19 22:54:19,1,True,10280321597,24710134,0,0,0,0,0,111,25
2e0ab33ae598e22e23ca4c29a4f208d6e7177f3d052981b8d7e4f03bbce0cf53,"Màu sắc:xanh Đúng với mô tả:đúng Chất liệu:không biết Áo vải thoáng, mặc được, size khá chuẩn, mua khi sale chỉ có 28k thôi 😆 nên k chê được gì",5,2023-10-02 14:28:02,3,True,10280321597,24710134,0,0,0,0,0,143,30
0adf0384b086954a2fd7be638ff2df4d70549da66414369fcfe206da2cca1b16,"Áo form đẹp, vải mát, mua màu xanh bóng đêm mà giống màu xanh sẫm kia, chắc phải mua thêm mấy cái sáng màu, áo coolmate chất lượng thì khỏi bàn",5,2023-04-08 23:13:19,1,True,10280321597,24710134,0,0,0,0,0,143,31
c69ba222bbc06ed251394fcfbb61f0fcbd77b1e93d6130ce344f64383b2dd70b,"Đúng với mô tả:dung Chất liệu:Khong biet Màu sắc:den, xám Áo khá ổn, chất liệu mỏng, nhẹ, còn thoáng mát thì mình k biết nữa, mình ngồi điều hoà suốt ngày. Giao hàng nhanh, đóng gói đẹp. Sẽ ủng hộ shop lần sau. Ship thân thiện, mua hàng nhiều, ship đến cứ gọi điện bảo c lại có đơn 🤣",5,2023-07-24 10:03:19,0,True,10280321597,24710134,0,0,0,0,0,283,60
3e8110ac3093487f1f6acc73d722bcfac0537a73139d1d96a9cbd7ab6ba84b9e,"Đúng với mô tả:ddung Chất lượng sản phẩm:tốt Áo khá đẹp chất lượng vải khá tốt, mặc đi chơi thể theo khá là oke. Vải chất lượng tốt khó rách. Áo mỏng nên mặc mát mẻ. Mua thử nhưng khá hài lòng về chất lượng sản phẩm. Chuẩn bị hàng giao hàng nhanh ở HCM hôm nay đặt hôm sau đã có! Lần sau sẽ mua ủng hộ thêm!",5,2024-08-31 16:46:59,0,True,10280321597,24710134,0,0,0,0,0,307,69
27208e851cd86e7bfed235d958795b2ed2788818d15abd4e25a486e873e0e7db,"Đúng với mô tả:✅️ Chất lượng sản phẩm:tốt Hàng được đóng gói và giao nhanh chóng. Chất liệu vải thoải mái, thoáng khí. Kích thước chuẩn, thích hợp khi tập đổ mồ hôi nhiều nhưng không gây mùi khó chịu. 👍",5,2024-10-15 23:56:17,0,True,10280321597,24710134,0,0,0,0,0,202,41
326becdca7eb23504dc4cc65c2a27261467db5baf7d45b4548c0b7cc4d6b059b,"Đúng với mô tả:ok Chất lượng sản phẩm:ok Chất này mát và rất nhanh khô ai dạng đổ mồ hôi nhiều không cần lo luôn, gió 1 tý là khô ngay",5,2024-10-26 16:35:54,1,True,10280321597,24710134,0,0,0,0,0,134,31
2ff32f5358cd21b7653815714fae0d7d6766608003f771310684ffb0b7bfecdf,"Sản phẩm tuyệt vời, đúng với mô tả. Giao hàng nhanh chóng, shipper thân thiện dễ mến Đóng gói cẩn thận, có thể thấy tâm huyết của người bán. Hộp không bị móp méo, vận chuyển rất tốt. Thời gian giao hàng nhanh chóng, tôi không phải chờ đợi quá lâu để nhận sản phẩm.",5,2025-06-06 13:03:09,0,True,10280321597,24710134,0,1,0,0,1,264,55
e5a44c8139e3cbcf76e38e8392d7b1cec57eb67f681f50ca42bf728848f043f7,"Chất lượng sản phẩm:ok Đúng với mô tả:ok Chất vải mỏng, mát, mặc rộng rãi thì nên lấy hơn 1 size, shop hỗ trợ đổi trả nhanh chóng, hình ảnh chỉ minh hoạ lấy xu",5,2025-08-09 23:42:11,1,True,10280321597,24710134,0,0,0,1,1,159,35
996df77506ad7f17bfad6a539f8571167e43f62a0752921d41bcfc01404a0c6d,"Màu sắc:den Chất liệu:tot Đúng với mô tả:ngon Thật sự mình hay đọc feedback của ngta để mua sp, lần đầu mua hàng của shop phải nói là quá ưng, áo mỏng nhẹ, quần mát dễ chịu, mua 1 lúc 3 cái và sẽ mua tiếp ủng hộ shop, còn đc tặng đôi găng tay xịn xò quá",5,2023-08-22 11:44:39,2,True,10280321597,24710134,0,0,0,0,0,253,58
eccce73ac184b53e49422074994d21320b0b4be16d9239ba030e0bd5f60cb01d,"Sản phẩm này thật tuyệt vời! Thiết kế hiện đại, chất lượng cao cấp và trải nghiệm người dùng tuyệt vời. Tôi rất hài lòng với sản phẩm này, nó đáp ứng được mọi nhu cầu của tôi. Sẽ tiếp tục sử dụng và giới thiệu cho bạn bè!",5,2025-08-15 22:33:35,1,True,10280321597,24710134,0,0,0,0,0,221,49
8cfd5983039b66b1798621e2211e723b60e483980e3e69baa52e65d94c664adf,"Chất lượng sản phẩm:tốt Đúng với mô tả:có Đóng gói cẩn thận giao hàng nhanh, chất lượng áo vẫn tốt như lần mua trước, vải mặc mât, nhanh khô, ko bai dãn",5,2024-06-02 20:46:27,0,True,10280321597,24710134,0,0,0,0,0,152,32
edeba50477a74d4a94924d3bb86fe55b92702e11cc4ffa8ca491cf6fcd353b8e,"Đúng với mô tả:ok Chất lượng sản phẩm:ok Áo đẹp, y hình. Giao hàng nhanh, gói hộp xinh đẹp, giá rẻ mà chất lượng quá ưng. Mình mua cho cả nhà mặc luôn :D",5,2025-11-16 23:56:24,0,True,10280321597,24710134,0,0,0,0,0,153,34
2aa6380196b2be7f429f304fe137c987db30746f05de5aebcc78bb1e5b4a08c0,"Mua đợt sale nhưng shop vẫn giao hàng khá nhanh chóng. Chất vải mát, nhẹ. Đóng gói xinh lắm ấy. Ai mà mua tặng thì rất ok luôn. Hộp đóng gói sang, xịn, lịch sự. 10/10 cho shop.",5,2023-06-20 21:31:22,0,True,10280321597,24710134,0,0,0,0,0,176,38
18ecc93d621b56097083b681e74659dbcd70235e0f9ab1d0e20bd209abc7e556,"Thấm hút:ổn Vật liệu:nhẹ, thoáng mát Tôi không chụp được hình nhưng thấy ck tôi mang đẹp, vừa vặn, màu này không dìm da, dễ mặc",5,2026-05-07 01:12:10,1,True,10280321597,24710134,0,0,0,0,0,127,26
546f932e93d2522ad5f0769243309e46bf7f8565e62f1e68709166dadb00c7b3,Đúng với mô tả:dung mo ta Chất lượng sản phẩm:chất lượng tốt shop giao hàng nhanh. vải đẹp đóng gói cẩn thận,5,2024-11-10 20:42:31,2,True,10280321597,24710134,0,0,0,0,0,108,22
2ce5996ea0290bb3b8cc43ec44dc33066f67064fee78d8dbc5613a048ea60bab,"Chất lượng sản phẩm:tốt Đúng với mô tả:đúng Đã nhận được hàng đúng thời gian, đúng sản phẩm. Chất lượng tốt",5,2026-05-26 16:59:17,3,True,10280321597,24710134,0,0,0,0,0,107,21
e5519325d1576b17bc9f506a8dbca4b2484dab83a4cdf02f7d938792690c604c,"Chất liệu:Đẹp Màu sắc:tốt Nói chung là mua coolmates đẹp rẻ và xịn sẽ ủng hộ tiếp nữa ạ, chứ khum có thấy đâu giá tốt lại rẻ bằng mãi đỉnh nha",5,2022-10-14 12:27:18,0,True,10280321597,24710134,0,0,0,0,0,142,32
c8aca769cc818697ef695eb49f6dddfa1bf087e9cddb2d57011d833c0713c8c5,Chất liệu:tạm được Màu sắc:sáng Đúng với mô tả:đúng Chất vải mỏng nhẹ.chắc cũng mát không được mặc nên đâu có biết.được cái màu sắc cũng được.cái cổ rộng hơn xíu thì tốt.,5,2023-09-17 08:18:41,1,True,10280321597,24710134,0,0,0,0,0,170,33
c51fd16abef2d20be4aad2bb4e67811ba5799d5b5dae21d2d102ce26c99f77b1,Chất liệu:cotton Màu sắc:chuẩn Đúng với mô tả:chuẩn Mình chưa test thực sp vì mình mua tặng nên để ng nhận mặc thử xong sẽ đánh giá chính xác hơn. Tuy nhiên mình tin sp shop uy tín nè. Shop soan hàng nhanh lắm 💓💓💓 cám ơn shop nhiều lăm nha,5,2023-03-11 20:05:02,1,True,10280321597,24710134,0,0,0,0,0,239,51
0052fc97014f3495b7c8e9de6e29e3886c704294fc8d5e95e71efbf8eafed121,"Chất lượng trên cả mong đợi, giao hàng nhanh như chớp!"" ""Sản phẩm đẹp xuất sắc, đúng như hình, shop uy tín 5 sao."" ""Đóng gói cẩn thận, giá cả hợp lý, sẽ ủng hộ shop dài dài."" ""Mình đã mua nhiều lần ở shop này, chưa bao giờ thất vọng."" ""Hàng đẹp, giá tốt, phục vụ nhiệt tình, không có gì để chê.""",5,2025-09-15 01:18:25,0,True,10280321597,24710134,0,0,0,0,0,295,64
2914653dee5186d2e49b8f75809dfa19d4f2f4993ea5cb91445764ab2573265f,"Chất lượng sản phẩm:Vải thoáng mát, thấm hút tốt Chất liệu vải thoáng mát, đường chỉ may chắc chắn, giá sale rẻ, có điều ko có hoạ tiết gì nhìn hơi thô, sp tốt, đóng hộp cẩn thận.",5,2024-07-08 23:15:18,4,True,10280321597,24710134,0,0,0,0,0,179,38
64491de5510467c59e665443d5f9f296c5d279d9eb59302078bc7d6523fe8c16,Lần trước mình đặt nhầm sz liên hệ shop đổi rất nhiệt tình. Tks shop Sản phẩm chính hãng. Giá cả hợp lý. Shop tư vấn rất nhiệt tình. Săn sale nên được giá khá tốt. Sẽ ủng hộ tiếp Hình ảnh mang tính chất nhận xu,5,2023-10-17 11:07:48,2,True,10280321597,24710134,0,0,0,1,1,210,47
6a0737c24fa971627dd3e39e41b03dd3edb65011e15cc5938ae6f01b7e08acea,"Chất lượng sản phẩm:chats meemf thoansg mays Đúng với mô tả:đúng với mô tả Chất mềm thoáng mát, áo này rẻ mà mát, áo đắt hơn thì lại k mát bằng. Nhà mình đã mua đến 5 caia áo chất này.",5,2025-07-26 15:49:42,1,True,10280321597,24710134,0,0,0,0,0,184,41
cf10e7321143fdd3a3f67b39d3a996951c23d4b999e1c92ec8229e3912542138,"Đúng với mô tả:ok Chất lượng sản phẩm:ok Vải ok, mua loại vải cool mát thiệt, ck t bị khoái, các mẫu thường khác thì mình thấy cũng ok ko quá đặc sắc nhưng thun thoải mái. Thích cái mà mua về mặc liền đc ko cần giặt lần đầu",5,2025-09-26 23:55:03,5,True,10280321597,24710134,0,0,0,0,0,223,50
2622b925fbbc1634457799175b098541a17518e74d25f0701b048d6a1b724f94,"Đồ Coolmate chất lượng, giá săn sale nên ổn, vải đẹp, đúng size, hàng tặng cũng chất lượng lắm. Đã mua, ưng ý, giờ cứ chờ sale là mua cho chồng và con trai thôi.",5,2025-08-11 09:51:23,1,True,10280321597,24710134,0,0,0,0,0,161,35
bc2a8ce68b885996c2188f8b2fbc44720cde368cc47a3f9802889620ea2702d2,"Đúng với mô tả:giống với hình Chất lượng sản phẩm:tốt Không có gì để chê. Áo mặc mát mẻ, chất lượng tốt. Giao hàng nhanh chóng",5,2024-12-12 23:35:42,1,True,10280321597,24710134,0,0,0,0,0,126,26
4de0f639d04576f55e7eb36b7db526a2078a6e2456fe92ec54a11233ff29c209,"Áo chất thể thao nhẹ thoáng khí, mặc vừa vặn. Mình mua mấy lần rồi lần nào cũng ưng. Sẽ ủng hộ shop nữa. Cho shop 5 sao luôn",5,2023-07-07 21:54:58,1,True,10280321597,24710134,0,0,0,0,0,124,29
47e7327da38285b729ff2889d98243bc238568e98ad9a995d6e0a0fd0e383f94,"Đúng với mô tả:đúng Chất lượng sản phẩm:tốt Hàng này đẹp nên mua vì chất lượng model thể thao, trẻ trung, hấp dẫn khi mặc.",5,2024-12-18 19:13:14,1,True,10280321597,24710134,0,0,0,0,0,122,25
7f21d68c1149df8320c5fb9693739a39de88d49ab521264f2e546eb901187129,"Giao hàng nhanh, đóng gói cẩn thận và đúng sản phẩm. Áo mặc mát mềm",5,2026-05-03 11:49:46,1,True,10280321597,24710134,0,0,0,0,0,67,15
eff5cb7b4cd935a7c1c90757b7c67eb7d5ad764db1dcc850beaf5ea795da8e55,"Đúng với mô tả:Đúng với mô tả Chất lượng sản phẩm:Tốt Gói hàng cẩn thận, giao hàng nhanh, sản phẩm tốt, giá thành tốt, hài lòng",5,2025-08-27 21:16:37,1,True,10280321597,24710134,0,0,0,0,0,127,26
6023d4ad310fdc79c4d228d5f2cc43bf95bcae0b3290fc085b29baff428077bb,Chất liệu:Tốt Màu sắc:Đúng mô tả Đúng với mô tả:Chuẩn Luôn hài lòng với chất lượng quần áo của CoolMate. Đã mua lần này là lần thứ n rồi ạ 😍,5,2023-06-26 06:46:04,1,True,10280321597,24710134,0,0,0,0,0,140,31
b0595453d94f339852941321417d3c69ea1ed99672ee543d09ce213763ac68cd,"Đúng với mô tả:Đúng Coolmate thương hiệu tốt, chất lượng sản phẩm phù hợp với giá tiền. Đóng gói cẩn thận.",5,2023-11-23 17:35:45,1,True,10280321597,24710134,0,0,0,0,0,106,21
c027bb526db5b231120f131357dc632c639b7f868c8f05c8091733f2d853164f,Màu sắc:Đen Đúng với mô tả:Hoàn toàn đúng với mô tả Áo đẹp lắm mọi người ạ. Shop đóng gói hàng rất cẩn thận. Chất lượng hông có gì để mà phàn nàn nên mua nha mọi ngườiii ơiii. Xứng đáng đồng tiền bỏ ra ❤ Sẽ tiếp tục ủng hộ shop trong những lần tiếp theo!,5,2023-06-02 23:25:40,2,True,10280321597,24710134,0,0,0,0,0,254,57
68cb2bf86ba84319adeba73baeec36d2575e9d9a4054d0d669af464b722c9c1a,"Đúng với mô tả:ok Chất lượng sản phẩm:ok Giao hàng nhanh, đóng gói cẩn thận. Chất liệu ổn áp so với giá cả.",5,2023-11-28 20:21:46,1,True,10280321597,24710134,0,0,0,0,0,107,23
bcd84ddd12d250b2aa0b9b5b048e4abec9955fc8380d98d0c8cc6781eb514fba,"Sản phẩm thật sự tuyệt vời! Chất lượng vượt xa mong đợi, thiết kế đẹp mắt và rất bền. Dịch vụ giao hàng nhanh chóng, đóng gói cẩn thận. Giá cả hợp lý so với chất lượng. Tôi rất hài lòng và sẽ giới thiệu cho bạn bè. Chắc chắn sẽ ủng hộ lần sau!",5,2024-12-07 00:01:27,0,True,10280321597,24710134,0,0,0,0,0,243,55
81f5bd1019761f8f7b089825bf41d11c97bd1e2bdc6bf699ba76dd4ac15c3939,"Màu sắc:xanh navy, xám Đúng với mô tả:đúng Chất liệu:mát Chất lượng tốt. Mặc mát. Shop nhiệt tình. Hướng dẫn đổi size nhanh chóng. 5 sao",5,2023-05-26 13:10:30,1,True,10280321597,24710134,0,0,0,0,0,136,26
e1e0535439a82f2cc05860ff23cc999dd74dd497b7d50b7b20e91ef479d97973,"Thấm hút:đúng Vật liệu:đúng Độ bền:đúng Sản phẩm đóng gói cẩn thận, giao hàng nhanh, chất lượng phù hợp với giá tiền Sẽ ủng hộ lần sau",5,2026-05-01 21:22:42,1,True,10280321597,24710134,0,0,0,0,0,134,27
b81bd46fea799acd391094fa6214804cdc993c341decdbb68dd339e5a8eec8c1,"Chất lượng sản phẩm:tốt Đúng với mô tả:đúng Áo mỏng nhẹ giá vừa phải, mặc sẽ mát lắm đây, phù hợp chơi thể thao rất ok",5,2024-05-25 00:10:37,0,True,10280321597,24710134,0,0,0,0,0,118,26
d5919d46b34f9e3c9de57422e4eb440d79c1968cbb70dcaf364b8fc2b7b17952,Thặt sự ko có j để nói vì sản phẩm quá đẹp từ chất vải đến đường kim mũi chỉ mình mua hàng ở cool vài lần và chưa lần nào làm mình thất vọng cả,5,2022-03-18 10:50:07,1,True,10280321597,24710134,0,0,0,0,0,143,36
e700a8d64d47bae37384e723aef33257067c7646879553d6a2e720c70053b1cc,"Hàng gửi đi nhanh cực, đóng gói kỹ và áo chất lượng. Không ngờ săn được giá hời quá mà sản phẩm lại rất tốt, mỏng và thoáng 👍",5,2024-10-11 13:06:26,1,True,10280321597,24710134,0,0,0,0,0,125,29
dc562659721bc79eca61637aab9ac68fdb7ab24d60a12ecb008af328ba482c05,"Thấm hút:Áo thấm hút mồ hôi rất tốt, khô nhanh sau khi vận động.Chất liệu vải nhẹ, mềm mại và thoáng mát khi mặc. Vật liệu:Chất liệu vải nhẹ, mềm mại và thoáng mát khi mặc. Độ bền:Có vẻ như chất liệu ổn định nhưng chưa dùng lâu nên khó đánh giá.",5,2026-04-05 10:15:29,0,True,10280321597,24710134,0,0,0,0,0,245,52
25b47a2a4f3658784bf7a33782f1875b7789163ec22c49640dc50ac9f27a2fb8,"Chất lượng sản phẩm:đẹp Đợt sale này phải mua 4-5 đơn rồi 1tr tiền hàng nhưng đồ chất lượng quá, mua cho cả mình và bố mặc quá oke",5,2025-03-30 14:01:03,2,True,10280321597,24710134,0,0,0,0,0,130,29
2538359593425cd1c7b12eb00f962ec69388992331d8841974378a57339e09e6,Chất liệu:thoáng mát Đúng với mô tả:giống như hình Màu sắc:đen Mỏng nhẹ giá phù hợp Chất lượng sản phẩm tốt nhe Mình mua rất nhiều đồ bên này cho chồng mình rồi,5,2023-10-19 11:45:53,1,True,10280321597,24710134,0,0,0,0,0,160,33
81ca939f6055a8758b292b0dc6f125dcc66cc6da00b70eaa00ab6ad243baf0e1,Thấm hút:ko biết Độ bền:ok Áo la hàng mới không phải hàng cũ của chính hãng shop giao hàng nhanh mọi người mua trải nghiệm nhé,5,2026-05-04 17:07:54,2,True,10280321597,24710134,0,0,0,0,0,126,26
e23cdcc588a8869132030cb062d4f75c968870aa8aabe3b6ebee0ffcb29adac0,"Chất liệu:vải thông hơi Màu sắc:đen Đúng với mô tả:đúng với mô tả của sản phẩm Áo đẹp, thông hơi mặc rất mát, giao hàng nhanh và đóng gói cẩn thận",5,2022-10-17 21:18:12,1,True,10280321597,24710134,0,0,0,0,0,146,31
1d00f07552a61513efb3d68ac5d0094be280e665d0f16a7f61de16e45f3e1ed5,"Màu sắc:xám đậm Chất liệu:polyestesa Áo đẹp, giá rẻ so với chất lượng á mng. Tag mac đầy đủ luôn dày dặn nên mua nha",5,2023-07-13 18:28:19,1,True,10280321597,24710134,0,0,0,0,0,116,25
37a9dcc8e5f42f3c2ab8539f6971f8af0c25cf014e234971eaac8bad45f31d14,"Chất lượng sản phẩm:tốt Đúng với mô tả:Đúng Vải mát, mặc rất ưng ý. Nói chung mua hàng của Coolmate rất nhiều nên cũng yên tâm",5,2025-04-09 22:09:21,1,True,10280321597,24710134,0,0,0,0,0,126,26
2f3bbd59e053e99ecd58e629e95d9f94437fc9b2474e6ceff74b22681bead881,"Màu sắc:xám nhạt, đen, xanh navy Chất liệu:thun thể thao thấm hút Vải thun mát, thấm hút tốt, thích hợp cho việc tập gym, chạy bộ, tập thể thao. Đóng gói chỉnh chu, 10đ cho chất lượng. Mình sẽ ủng hộ thêm.",5,2023-04-16 17:45:00,0,True,10280321597,24710134,0,0,0,0,0,205,42
8072e863e1d064620c54899fc2d4e3b4935deaab682c63e507590f472300fb44,"Đúng với mô tả:ok Chất lượng sản phẩm:ok Áo mỏng, nhẹ tênh, mặc mát, màu chuẩn như hình. Bề nặt áo dễ bị xù nếu vướng phải vật gì đó.",5,2024-06-29 23:38:50,2,True,10280321597,24710134,0,0,0,0,0,133,30
83252e72b441a178849d172a4a08c558688b269568204ff6738dd0e13d05fbd3,"Quán cà phê có không gian ấm cúng, trang trí đẹp mắt và âm nhạc nhẹ nhàng. Đồ uống ngon, là cà phê và trà trái cây. Nhân viên thân thiện, phục vụ nhanh. Giá cả hợp lý, phù hợp để học tập, làm việc hoặc gặp gỡ bạn bè.",5,2026-04-01 07:08:28,0,True,10280321597,24710134,0,0,0,0,0,216,50
c76ab1273f71db6de6e995b7b1fceab6c141e0f6b40992338ca4f25b22f416e2,"Thấm hút:tot Vật liệu:tot Độ bền:tot Hàng đóng gói rất đẹp. Quả nhiên người bán đã gửi gắm rất nhiều tâm tư và tình cảm trong lúc gói hàng. Hộp không có dấu hiệu bị móp, chứng tỏ bộ phận vận chuyển đã nâng như nâng trứng, hứng như hứng hoa. Xin nghiêng mình cảm ơn vì tất cả.",5,2026-04-15 00:41:24,1,True,10280321597,24710134,0,1,0,0,1,275,59
c85886790215ea998dec6b855c537e9c3abd1edea56c6de1e7328e8bee64e6c1,"Chất lượng sản phẩm:tốt Đúng với mô tả:đúng Thời gian giao hàng siêu nhanh, đóng gói chắc chắn, đúng loại sản phẩm, dùng siêu thích, sẽ ủng hộ shop dài dài. Rất tốt, nên mua nhé mn",5,2024-06-06 23:28:12,0,True,10280321597,24710134,0,0,0,0,0,180,37
4877ce008af884d9bd68f67a8bab9e7640f2eafb1ac01565231a6128cdf86f10,"Chất lượng sản phẩm:ok Đúng với mô tả:ok Mua lam quen mà thấy chất lượng ổn, phù hợp, sản phẩm đúng với mô tả. Sẽ tiếp tục ủng hộ shop",5,2025-09-10 00:32:01,1,True,10280321597,24710134,0,1,0,0,1,134,30
150e286cb507c3b316ee4835696bf91cc3946bd4eba4a48236484097f8983f4e,"Nên mua nhé mọi người, giao hàng nhanh chóng, đóng gói cẩn thận, mỏng nhẹ, form đẹp baljsdvdjdnshvsjdndhdnjđgbsj",5,2025-02-18 18:35:04,1,True,10280321597,24710134,0,0,0,0,0,112,18
1698b03fc187880ef769ed358956b3a213c087decdf287e249aa96040b40039e,Chất lượng sản phẩm:ok Đúng với mô tả:ok Đúng với.mô tả. Giá cả rất oke. Se típ tục ủng hộ shop. Nên mua nha m Ng,5,2026-01-30 14:19:58,0,True,10280321597,24710134,0,0,0,0,0,113,26
64a8d4a3ef9758c4ea4d2d5d3cf78a6d2d262b460668fec4f7f6c04a04458017,"Chất vải mỏng và tốt, thoáng khí tốt. Màu cũng đẹp nữa. Chỉ có 1 điều góp ý là phần cổ áo hơi nhỏ, mặc vào ôm sát trái khế rất khó chịu. Mong shop tiếp thu và cải thiện sản phẩm",5,2023-07-10 20:35:56,2,True,10280321597,24710134,0,0,0,0,0,177,42
fc9a056166c35b8562c5016a08c5b588fd1d4661f9a7dc002960d00191896cb1,"Đúng với mô tả:vai mát( hình ảnh minh hoạ ) Chất liệu:hơi mỏng Màu sắc:chuẩn Nhận được đúng hàng đặt, đóng gói cẩn thận, giá rẻ chất lượng ok ,giao hàng nhanh sẽ ủng hộ shop nữa",5,2023-10-11 13:17:48,0,True,10280321597,24710134,0,0,0,0,0,177,37
bf2ea272ad9fd1764cac72c6cceb0755e9f462a87506bd5c85165bf59ba95e29,"Đúng với mô tả:ok Chất lượng sản phẩm:ok sp dùng tốt rẽ bền , giao hàng đúng hẹn , sẽ ủng hộ tiếp khi hết hàng",5,2025-10-17 11:07:31,2,True,10280321597,24710134,0,0,0,0,0,110,26
0ddaa0cad34450f43fb08c0178200a3c2cf1880d5e1b5e9c167bbf24f0991d41,"Quần thể thao này thực sự là “chân ái” cho mọi buổi tập của mình! Chất liệu vải thun cao cấp mềm mịn, co giãn 4 chiều cực kỳ linh hoạt, giúp mình thoải mái thực hiện mọi động tác từ chạy bộ, gym đến yoga mà không hề bị căng tức hay hạn chế chuyển động. Thoáng khí tốt, thấm hút mồ hôi nhanh, dù tập ngoài trời nắng nóng hay trong phòng máy lạnh cũng luôn khô ráo, dễ chịu. Form dáng chuẩn, ôm vừa phải tôn lên đường nét cơ thể mà vẫn rất năng động, không hề “lộ hàng” khi squat sâu. Đường may chắc chắn, tỉ mỉ, dùng lâu không bung chỉ. Hai túi zip hai bên siêu tiện để đựng điện thoại, chìa khóa khi chạy bộ ngoài đường. Màu sắc trẻ trung, bắt mắt, dễ phối với mọi loại áo thể thao. Sau hơn 2 tháng sử dụng thường xuyên và giặt máy liên tục, quần vẫn giữ form đẹp, màu không phai, độ co giãn gần như nguyên bản. Giá thành hợp lý so với chất lượng tuyệt vời nhận được. Tóm lại: 9.5/10 – chiếc quần thể thao đáng mua nhất mình từng sở hữu! Rất recommend cho các bạn đam mê vận động!",5,2026-01-28 19:41:42,0,True,10280321597,24710134,0,0,0,0,0,980,213
4877ce008af884d9bd68f67a8bab9e7640f2eafb1ac01565231a6128cdf86f10,"Chất lượng sản phẩm:ok Đúng với mô tả:ok Mua lam quen mà thấy chất lượng ổn, phù hợp, sản phẩm đúng với mô tả. Sẽ tiếp tục ủng hộ shop",5,2025-09-04 18:28:45,1,True,10280321597,24710134,0,1,0,0,1,134,30
e93ffa4491206648a84c0a0822e177c859b1470436c1ebb17fefbbbb09c898f9,"Đúng với mô tả:đúng Chất lượng sản phẩm:tốt Giao hàng nhanh, áo đẹp, chất lượng, vãi mát và nhanh khô, thấm hút mồ hôi tốt. Tuyệt vờiiiii",5,2024-08-10 22:45:32,1,True,10280321597,24710134,0,0,0,0,0,137,27
825529daf67084cd0016240256efbf04653341ac81dbd2c4b6cd90e87b413e69,"Màu sắc:Dep, dung theo hinh anh Đúng với mô tả:Chinh xac Chất liệu:mat, nhe Sản phẩm đúng theo mô tả, chất liệu mát, thích hợp mặt vào mùa nóng, thiết kế đơn giản và hài hoà.",5,2023-05-24 21:41:14,1,True,10280321597,24710134,0,0,0,0,0,174,36
f10e88ee16e4b86e8b547da64fbcbb3d26dcf32b296c5bc7c4ca0a09f739ed70,"Giao hàng nhanh, số lượng đầy đủ. Chất liệu vải thun mềm, tốt. Giá cả hợp lý.",5,2024-10-15 16:11:36,1,True,10280321597,24710134,0,0,0,0,0,77,17
d149e061571e0df96fe16ec8a370b01a6685331d209bc9025b3c9771f9b4ef58,"Mỏng, nhẹ, nhanh khô Co giãn, thoải mái Màu nâu bên ngoài nhạt hơn trên ảnh 1m75 67kg Đóng gói cẩn thận Giao hàng nhanh 310k 4 cái, 1 cái 77k, giá ok ,chất liệu vải vừa, ko mỏng quá cũg ko dày, vải này mặc thoág mát, co giản, chủ yêu mua để mặc đi ngủ, mặc ở nhà hoặc chơi thể thao, đường chỉ may đẹp ko chỉ thừa hay bụi vải, phần cổ áo có may thêm đường vải rất êm,cao m7 nặng 64kg. lúc đầu cũg hơi lăn tăn tuy nhiên rất hài lòg với SP ,cũg mua nhìu ở coolmate rồi, rất tuyệt sẽ mua tiếp",5,2026-01-01 06:01:44,1,True,10280321597,24710134,0,0,0,0,0,488,111
138575810007838d666196579b402e3d273f6d3c74a869618fd8a13a2dd418ca,Chất lượng sản phẩm:Tốt Đúng với mô tả:Yes Hàng coolmate thì chất lượng quá ok rồi không phải bàn. Hàng Outlet này sản xuất thu đông 2024 nên có thể nói là outtrend 1 năm rồi nhưng style basic như tui thì nó chả quan trọng gì 🤣 Deal này quá hời zồi,5,2025-10-08 01:01:12,1,True,10280321597,24710134,0,0,0,0,0,248,53
81c11c2dc7b6c169ce64972fcffff5f21ff615d054a46903bd48275d3943e167,"Dịch vụ giao hàng nhanh như chớp, sản phẩm chất lượng tốt, giá thành hợp lý so với thị trường. Giá cả ổn áp, chất lượng sản phẩm quá ấn tượng. Ước biết đến sốp này sớm hơn!",5,2026-03-31 10:52:13,0,True,10280321597,24710134,0,1,0,0,1,172,38
7d4cbaf959744dcace901fea10947925077f9523a03930daa283b651b1482813,"Chất lượng sản phẩm tuyệt vời, đóng gói sản phẩm đẹp và chắc chắn. Shop phục vụ rất tốt, đóng hàng rất nhanh. Thời gian giao hàng cũng nhanh.",5,2024-08-09 08:21:30,0,True,10280321597,24710134,0,0,0,0,0,141,29
993682deea2596f90a7e61fe0a74bc72c60da808552dd22e7e8d8752b98acc49,"Chất liệu:GOod Màu sắc:ok Đúng với mô tả:yes Chất liệu quá ổn so với mức giá. Ủng hộ hàng Việt, chúc thương hiệu mạnh hơn nữa vươn ra quốc tế. Mong Coolmate có thêm sp cho bé trai",5,2022-11-18 11:27:15,2,True,10280321597,24710134,0,0,0,0,0,179,38
3af3c65bb3d5b33a52672a360ba3f83dc74ba6f7e27e237044ca27e0865f26ac,"thoughts Nếu ưu tiên sự thực dụng, **Royal M368** là lựa chọn số một với kính âm tiện lợi và thiết kế ôm sát an toàn. Ngược lại, **Nón Sơn** khẳng định đẳng cấp qua độ bền sơn vượt trội và sự thông thoáng tối đa. Royal dành cho người hay di chuyển, còn Nón Sơn hoàn hảo để dạo phố thời trang.",5,2026-04-21 13:44:59,0,True,10280321597,24710134,0,0,0,0,0,292,63
eb1f70a95f57b8804231587924d942a8fdef4826fdcfc9080c6ababa07754aa1,"Màu sắc:sáng hơn so với tưởng tượng Đúng với mô tả:đúng Chất liệu:mát và thoát mồ hôi Áo ổn, giá ok, đường may đẹp, nên mua",5,2023-08-01 00:11:39,2,True,10280321597,24710134,0,0,0,0,0,123,26
47526f291c41a98403a7a5b61e8d4601181fa0e8e07b8bdaf97e9f190cfc2a28,"Sản phẩm rất chất lượng, đóng gói cẩn thận, mình rất hài lòng về dịch vụ, sẽ ủng hộ thêm lần sau",5,2024-03-13 19:32:21,1,True,10280321597,24710134,0,0,0,0,0,96,22
938425c4f0ea2ee8608cd684e82fb3716f0a105055c36e67a8068c83c968c032,"Màu sắc:đen Đúng với mô tả:đúng Chất liệu:vải poly mỏng, có lỗ theo hướng dẫn là mình mặc sz L nhưng mình vẫn mua 2XL thì mặc rất vừa ko bị cộc. vải thoáng dùng chạy bộ thể thao.",5,2023-09-20 14:47:56,1,True,10280321597,24710134,0,0,0,0,0,178,39
f5df9d3d7e3c6ed8b2a4b2f1205f1c91c9ad3c6f924a46e1515f72061acb31cf,"Chất lượng sản phẩm:hàng tốt Dạo này Coolmate không còn để trong hộp riêng của Coolmate nữa, có thể để tiết kiệm",5,2024-12-17 22:48:56,2,True,10280321597,24710134,0,0,0,0,0,112,22
6dfb4b4310aed8217427c2370889047a51c33854e165bc45c4b1333ce027d3eb,"Sản phẩm đúng kích thước, màu sắc, chất liệu như mô tả. Giao hàng nhanh. Nếu áo có size lớn hơn nữa thì tốt hơn.",5,2026-04-08 18:45:02,1,True,10280321597,24710134,0,0,0,0,0,112,25
15dcf8ed30342f94a8c551b102aadc99efe56229eda69c3d5d76a9424f298348,"Chất lượng sản phẩm:yess Đúng với mô tả:đúng Áo đẹp, mặc mát, thấm hút mồ hôi tốt, mặc đi tập hoặc chạy thể dục thể thao ok",5,2025-06-30 20:31:07,1,True,10280321597,24710134,0,0,0,0,0,123,27
c6f52508d5486c37c6a639af99b42457e64aba62307f86069cefdafbb14e5b57,Chất lượng sản phẩm:tốt Đúng với mô tả:đúng mẫu mã Shop giao hàng nhanh và đóng gói cẩn thận. Sản phẩm đúng mô tả và sử dụng ok.,5,2024-07-11 19:44:17,2,True,10280321597,24710134,0,0,0,0,0,128,28
f4d41df82169e672ad26a80d06313d3c1e0939017eebdee0f4c4fb5075fee41e,"Áo mặc đẹp, chất thoáng mát, thoải mái lắm, đóng gói nhìn chuyên nghiệp. Lần đầu mua của Coolmate, nếu áo bền sẽ ủng hộ dài dài.",5,2023-06-10 19:21:52,1,True,10280321597,24710134,0,0,0,0,0,128,27
e562aa71c66348f44a87585c6eafc7e285a5182c9a8c71be540a6f2044336301,"Đúng với mô tả:dun Hàng giao cũng khá nhanh. Đunhs chất lượng sp giá từ 57-65k , ổn hết á.. bán vậy mình mua 11 cái mặc cả năm luôn.",5,2024-12-16 10:57:44,2,True,10280321597,24710134,0,0,0,0,0,132,30
bdce33fe14999f0d6ed78f928431f9a20555b0896948763280359b0735e9a024,"Shop đóng gói hàng cẩn thận giao hàng nhanh, sản phẩm giá cả phải chăng, sử dụng tốt chất áo mát mình mua cho bố, bố mình ưng lắm sẽ ủng hộ tiếp ạ hình ảnh và vid mang tính chất nhận xu thôi ạ",5,2023-05-05 12:31:52,0,True,10280321597,24710134,0,0,0,1,1,192,45
99052ab331676d79d4a3fbd9e33ee030cad293e8f32fd597f09f2c271e5dfb63,"Sản phẩm đúng như qc, chất mềm thấm mồ hôi, thoáng khí, màu đúng như mô tả",5,2026-04-07 21:58:45,4,True,10280321597,24710134,0,0,0,0,0,74,17
e700a8d64d47bae37384e723aef33257067c7646879553d6a2e720c70053b1cc,"Đúng với mô tả:dep Màu sắc:nhu hinh Chất liệu:mat Hàng rất đẹp, chất lương dv hãng collmate rất tuyệt, chính sách đổi hàng tốt, đồ đẹp, nên mua, Chậm... như thỏ Chó thì mổ mổ Gà thì liếm la Dữ như quả ng Nhu mì gã cọp Cò thì phốp pháp Bò thì ốm o Cá thì la fo Im như trẻ nhỏ Chậm như cô thỏ Lẹ như cụ rùa... Phỏng theo Và nói ngược",5,2023-06-11 04:53:48,0,True,10280321597,24710134,0,0,0,0,0,331,76
28be8d9fc7dde6dadf15f1d6b3b8a9765dca2ba37d7f719ec7377f3194f7860b,"Chất lượng sản phẩm:vải polyeste Đúng với mô tả:đúng với mô tả Áo chơi thể thao, mỏng nhẹ. Mình nữ lấy size M mặc thoải mái",5,2024-11-05 18:20:30,1,True,10280321597,24710134,0,0,0,0,0,123,26
a66100832531f8b7f5ab1a181fc2e670259eb046890d23ab85804412853d8e18,"Đúng với mô tả:dung Màu sắc:đen Chất liệu:mát Đồ của coolmate mình đã mua rất nhiều, chất liệu tốt mà giá hạt rẻ, cả tủ đồ toàn coolmate",5,2023-09-28 12:53:15,0,True,10280321597,24710134,0,0,0,0,0,136,28
9b3d5af8809441f05bd97990d95d7839d6e0c6db5fbb30e8208001f35159dcf3,Chất lượng sản phẩm:tốt mát Đúng với mô tả:đúng với mô tả sản phẩm tốt máy hình ảnh và video mang tính chất minh họa mong shop thông cảm,5,2024-10-23 09:44:39,1,True,10280321597,24710134,0,0,0,0,0,136,29
94779732cf6bd6812a63ab84659563ed593c7a7be388f95b1af805770a92de60,Chất liệu:ổn Màu sắc:Ok Đúng với mô tả:đúng mua về mấy bà chị kêu màu già thế 😅 nhưng thui lỡ ròi biết làm thế nào rút kinh nghiệm nần sau,5,2023-04-12 09:29:33,1,True,10280321597,24710134,0,0,0,0,0,138,31
881a58c0c81b9d1ad1914840649f6405984c0bab88986923f9204d38bba4deaf,Chất liệu:cotton lỗ kim Màu sắc:như hình chụp nha Đúng với mô tả:sản phẩm như mô tả Shop giao hàng nhanh Đóng gói cẩn thận,5,2022-09-09 20:26:50,1,True,10280321597,24710134,0,0,0,0,0,122,25
28df25c53231862a9449f60281d4e2a5218df8425067390497d1a1345c69e8bc,Màu sắc:xám Chất liệu:vải Shop giao hàng và đóng gói trong hộp đẹp. Sản phẩm coolmat luôn ok trong tầm giá. Áo mặc mát và mỏng phù hợp thể thao. Sẻ ủng hộ những sản phẩm trong tương lai.,5,2023-03-25 06:33:43,0,True,10280321597,24710134,0,0,0,0,0,186,39
7f607b1365f27e40e9a5d167362ebdd4b94c91a5d9d3f0ba84652eadb0e50e67,"Đúng với mô tả:ok Chất lượng sản phẩm:tạm Sản phẩm chất lượng vượt xa mong đợi. Rất ấn tượng dịch vụ và đóng gói sản phẩm. Sản phẩm tuyệt vời đúng với mong đợi. So với các sản phẩm hàng hiệu một 9 một 10. Dịch vụ khách hàng rất thân thiện và hỗ trợ nhiệt tình. Sản phẩm đáng để mua, sẽ ủng hộ tiếp. Sản phẩm nhận được giống như mô tả trên trang Facebook. Màu sắc và kiểu dáng của sản phẩm đúng mẫu.",5,2024-09-13 20:21:26,1,True,10280321597,24710134,0,0,0,0,0,398,87
b51bfe67e920e41df3a25f217d00beb21c6b920221e13365d507a01199fdf380,"Chất liệu:vải poly Màu sắc:xanh bóng đêm Đúng với mô tả:đúng size L Áo mặc rất thoáng mát , phù hợp cho các hoạt động thể thao",5,2022-05-29 15:59:50,2,True,10280321597,24710134,0,0,0,0,0,126,27
1a7eb995e506b43fc58102a5d7b4b94b616508efc4bea9fa373a6d3c37c40cad,"Thấm hút:raa Vật liệu:toot Độ bền:bt Tai nạn xảy ra rạng sáng 5/8/2025 trên quốc lộ 1 hướng từ Cần Thơ qua Vĩnh Long, đoạn qua xã Phú Quới, khi tài xế cầm lái chiếc VinFast VF 3 biển kiểm soát 64A 318.71 đã đâm vào đuôi chiếc xe rác đang dừng đỗ ven đường. Tai nạn xảy ra vào sáng sớm nên cú đâm có tốc độ cao nên đã ghi nhận có ngư",5,2026-05-08 08:43:25,0,True,10280321597,24710134,0,0,0,0,0,332,75
6ac0523ffe1e38e465a5ee88e40f0613a6ee6eaf2d4d6975332a03af96ac85f9,Thấm hút:tốt Vật liệu:tốt Độ bền:tốt Chất vải màu xám hình như mỏng hơn so với màu xanh rêu đợt mua trước đó thì phải. Này cảm nhận cá nhân thôi nghen. Bận mát chuẩn form,5,2025-12-17 21:20:50,0,True,10280321597,24710134,0,0,0,0,0,170,36
a2c930600b5e3e4bbd0a0c933f4a405b47adb6250e99b098695ed16fb443dcca,"Mỏng nhẹ mát. Chất lượng tốt, hàng được đóng gói cẩn thận trong hộp nhìn rất chỉn chu. Hài lòng lắm. Chúc shop làm ăn phát đạt.",5,2023-10-10 11:42:19,1,True,10280321597,24710134,0,0,0,0,0,127,27
e0652940a9ecdd353746b31c707a246ab664b781d1294b4497939387f755948e,"Shop đóng gói cẩn thận, đúng loại, đủ hàng, giao nhanh. Chất vải mỏng, thoáng mát 🥰🥰🥰",5,2022-11-16 19:34:43,2,True,10280321597,24710134,0,0,0,0,0,85,17
9c8b574acaedc0b6ea1361ff6a497bb279655b6e1c3f7443dbb9984587ef62e4,Thấm hút:thấm hút mồ hôi tốt Vật liệu:thoangs khí Độ bền:chưa biết Shop đóng hàng cẩn thận giao hàng nhanh ! Đúng Size và mầu đã đặt !Sip 5 sao !,5,2026-04-10 04:03:36,0,True,10280321597,24710134,0,0,0,0,0,145,31
37076f995f3fa7fc7ee6f5957134652b9bbd1f2a9801f5e7540772425df21541,"Thấm hút:thoáng mát Vật liệu:cotton Độ bền:bền Ship nhanh, đóng gói kĩ, vải mỏng thoáng mát, maug sắc đa dạng",5,2026-04-03 21:23:12,1,True,10280321597,24710134,0,0,0,0,0,109,20
af208b37337603570f73ec94a85ead4de9f8a851ce500d940d164ae5056c090b,"Thấm hút:vai cotton thấm hút mồ hơi, có lỗ thoát khí, hợp cho mùa hè Vật liệu:Chat lieu nhe, tham hut mo hoi. Sieu ung ý Độ bền:M mặc khá nhiều áo cool mate và còn mua lam đồng phục cho xty. Mn ai cũng rất ưng",5,2026-03-30 20:58:08,0,True,10280321597,24710134,0,0,0,0,0,209,47
26e9d8bc8fde611658da8d86085f44852a5e8cc37c7443fc17780680871d65ad,"Áo thấm hút mồ hôi tốt, co dãn, vải mỏng mát và nhẹ không bị đổ lông Mặc đi tập gym , chạy bộ thoải mái",5,2025-02-27 20:31:51,2,True,10280321597,24710134,0,0,0,0,0,103,26
b81bd46fea799acd391094fa6214804cdc993c341decdbb68dd339e5a8eec8c1,"Đúng với mô tả:đúng Chất lượng sản phẩm:tốt Áo rẻ đẹp mát mặc chơi thể thao oke, ship nhanh gọn sp rất oke đã mua nhiều lần",5,2025-03-27 11:15:56,1,True,10280321597,24710134,0,0,0,0,0,123,27
2a3c6277203d77bb13aa57b17fe1b290d34221db9737752642343d606839333f,"Sản phẩm tốt, tuy gói hàng chưa theo lưu ý của mình nhưng sản phẩm mặc rất mát nha ạ, giá thành tốt, bọc hàng cẩn thận",5,2022-01-07 11:29:21,1,True,10280321597,24710134,0,0,0,0,0,118,27
81d0584fa1972a264f2e349520ba0e714c772c0faed14458429bc35a2f7429d7,"Đúng với mô tả:đẹp Chất lượng sản phẩm:đẹp Giao hàng nhanh, quần áo đẹp, chất lượng, mặc mát mẻ thoải mái khi vận động",5,2024-07-11 15:41:13,4,True,10280321597,24710134,0,0,0,0,0,118,24
212f33180713039efb58cc35f339074f16e3363df2a5eb4bd68d35c1b6c95b61,3xl nhưng ko quá lớn nha mặc thoải mái có thể mặc thay áo bthg ko nhất thiết đi tập. áo đi tập nhanh khô thoáng dễ vận động,5,2025-04-12 18:26:41,1,True,10280321597,24710134,0,0,0,0,0,123,29
8c8ad7a85324e44b5e5cbc510c12722957feb92ff44a8afa42584f5f744f5620,"Mình thích loại vải mềm, co giãn, chạy hay ngồi xổm không bị cấn. • Quần mà thấm mồ hôi nhanh, khô nhanh thì lúc tập xong thấy dễ chịu hơn hẳn. • Có túi khóa kéo thì yên tâm để điện thoại, chìa khóa, không sợ rơi. • Form gọn gàng, mặc ra ngoài đi cà phê cũng không bị nhìn như mới đi tập về 😅. Nói chung một chiếc quần thể thao tốt với mình là kiểu vừa tiện để tập luyện, vừa đa dụng để mặc hằng ngày, cảm giác tự tin khi mặc chứ không bị luộm thuộm.",5,2025-08-19 11:03:37,0,True,10280321597,24710134,0,0,0,0,0,450,103
30bb47a18df9d51fe564aa494d21eb136e4bbedc080ace72e5a17ac208de2e22,"Chất liệu:vải thun Màu sắc:xanh navy Đúng với mô tả:đúng Vải mặc mát, rẻ bền đẹp, tham gia các hoạt động thể thao rất tốt",5,2023-08-23 00:02:06,1,True,10280321597,24710134,0,0,0,0,0,121,25
7eadb3024c8056b254c1db664e2eb1ea718f7e359f84ad7bb9463708ee4eea15,Đúng với mô tả:đúng Chất lượng sản phẩm:tốt Túi đẹp ko có nhưng. 10 điểm là 10 điểm. Khóa kéo chắc chắn. Túi chuẩn ko rộng ko chật nói chung là vừa khít. Nhân viên tư vấn hỗ trợ cực kì nhanh. Túi đáng đồng tiền bát gạo . Nên mua nhé ae. Bỏ mấy triệu mua cái loa thì mua cái túi k đáng bao nhiêu,5,2024-08-27 06:14:04,1,True,10280321597,24710134,0,0,0,0,0,294,67
1ca5489a28b584a50f88c720dbdff5d81d3700218b5a41c6110b7dbb487eb791,"nhìn chung sản phẩm này khá tốt với mức giá hợp lý. Người bán chuẩn bị và đóng gói hàng kĩ lưỡng, hàng không bị móp méo hay hư hỏng gì trong quá trình vận chuyển. Giao hàng khá la nhanh, chỉ đặt trong vòng 1-2 ngày đã nhận được sản phẩm. Sẽ tiếp tục ủng hộ Shopee",5,2024-10-26 22:31:37,0,True,10280321597,24710134,0,0,0,0,0,263,58
3ca7a8ed56443286be397d15dd8576b31b1f03a6242e632b6187a8c1bbc7660a,"Áo đẹp quá trời,đường may cẩn thận,cái hộp đựng cũng lịch sự luôn,săn sale được giá hời nè, đồ của coolmate chuẩn size,shop chuẩn bị và giao hàng cũng siêu nhanh,đặt hàng xế trưa hôm qua,chiều nay hàng đã giao đến nhà.",5,2024-05-15 10:39:36,0,True,10280321597,24710134,0,0,0,0,0,218,42
26c0a0167a4bc380f19b39f7804d504838333b197d667c5dba4b4394353fcfe8,Thấm hút:Áo thấm hút mồ hôi tốt Vật liệu:Chất liệu vải nhẹ Độ bền:Chưa dùng lâu nên khó đánh giá,5,2026-05-18 16:59:50,1,True,10280321597,24710134,0,0,0,0,0,96,20
bd3a7e35d1cfe7e929e3ce19fc888ae705a40d3e11f67dcfa5ea16cabe71ca9b,"Sản phẩm giống mô tả, đóng gói cẩn thận, giao hàng nhanh. Sẽ ủng hộ shop lần sau! Hàng đẹp, chất lượng ổn so với giá, tư vấn nhiệt tình. Rất hài lòng!",5,2026-04-24 07:23:12,1,True,10280321597,24710134,0,0,0,0,0,150,33
48f27d98de838acf0bc57a977b10e96156d9e5963f67aeb8693a3752a81cda02,"Đúng với mô tả:Đúng với mô tả Chất lượng sản phẩm:Mặc thoáng, mát Chất liệu như mô tả, mặc mát, thấm mồ hôi",5,2025-03-28 22:46:35,1,True,10280321597,24710134,0,0,0,0,0,107,23
cf9735dc715663eecda7236de356387214da01dfef2190c227ac8835c0b74be7,"Thấm hút:nice Vật liệu:nice Độ bền:nice Mặc đã cực, mỏng, nhẹ, dai, thoáng, trước mình hay tìm mấy mẫu áo cotton dày dặn, đổi sang mấy loại thể thao này thấy thoải mái hẳn. Mỏng mà đã, mỏng kiểu bền ấy không phải kiểu đểu đểu. Nice!",5,2026-05-25 09:36:22,1,True,10280321597,24710134,0,1,0,0,1,232,47
b2f6cc7b922a45122d2ab2dc1b9598754f2d1764815eb9846a0cd3e4db9b76c7,"Màu sắc:10d Chất vải dày , thoải mái , hộp hiếc đóng rất đẹp , áo ko có chỉ thừa , đã mua bên TTS 1 chiếc nữa",5,2023-09-19 10:39:47,0,True,10280321597,24710134,0,0,0,0,0,109,28
10ffe28f2c6b46a84308cabee60208d585ccc5004fcdea87a4b82fcb6ff3ff93,"Shop giao nhanh, hỗ trợ tư vấn size dùm mình rất chính xác. Chất liệu mặc thoáng mát, không mỏng, vừa vặn. Sẽ ủng hộ thêm trong tương lai.",5,2022-07-12 22:02:41,0,True,10280321597,24710134,0,0,0,0,0,138,29
4f791a5eea00b907654919faa199d219bd39cce6bdd153aec4af20c316cfa04c,"Tôi đã có cơ hội sử dụng sản phẩm này trong một thời gian và tôi rất hài lòng với hiệu suất của nó. Thiết kế của sản phẩm rất tinh tế và hiện đại, phù hợp với nhiều không gian khác nhau. Chất lượng vật liệu sử dụng rất tốt, mang lại cảm giác chắc chắn và bền bỉ. Về mặt chức năng, sản phẩm hoạt động rất ổn định và hiệu quả. Các tính năng được tích hợp đầy đủ và dễ sử dụng, giúp người dùng có trải nghiệm tốt nhất. Đặc biệt, sản phẩm có khả năng tiết kiệm năng lượng, giúp giảm chi phí sử dụng. Dịch vụ hỗ trợ khách hàng cũng rất chuyên nghiệp và nhanh chóng. Mọi thắc mắc của tôi đều được giải đáp kịp thời và chu đáo. Tóm lại, đây là một sản phẩm đáng để đầu tư. Tôi rất khuyến khích mọi người nên thử và trải nghiệm.",5,2024-07-20 15:09:07,0,True,10280321597,24710134,0,0,0,0,0,720,160
64a9ad333d0ed12debc870af21913e1edbb8aaf4b1c87b0f9826cf8aeceb9144,"Thấm hút:ổn, được Vật liệu:thun co giãm nhẹ Shop giao nhanh, gói hàng cẩn thận và đủ số lượng",5,2026-05-11 08:37:46,1,True,10280321597,24710134,0,0,0,0,0,93,19
5af8a254ab4a9d8c7741ac4a63c5835034a6d0d98a1e6e2386d97a00f9370280,"Đúng với mô tả:ok Chất lượng sản phẩm:ok Săn giá rẻ, áo mặc thoải mái , chất lượng and we can do a good day at",5,2024-12-13 15:21:35,1,True,10280321597,24710134,0,0,0,0,0,110,26
d4794835e96f0471d50e559180cf2de5c8f57b2e725e6ab890763044c487a6e9,"Áo hơi mỏng, chất liệu thoáng mát, có nhiều lỗ thoáng, mau khô, vận chuyển nhanh",5,2022-05-17 11:52:07,1,True,10280321597,24710134,0,0,0,0,0,80,16
912a559d72e104119983411358f121604e233cb148a173988d599581be60cd6e,"Áo mỏng nhẹ mau khô nha anh em, mua về tập thể dục các kiểu là lụm luôn, vẫn tin dùng đồ tập của coolmate vì quá hợp lý và rẻ.",5,2023-10-17 22:59:29,1,True,10280321597,24710134,0,0,0,0,0,126,31
948d3a7d7f3231ecfb984c7c4ff5e7c06716c24582fd0c7e10cdbdb98bf84034,Màu sắc:xanh Chất liệu:vẢi Áo đẹp nha đóng gói đẹp đỉnh cao giá lại rẻ nữa chứ thích hợp mang đi tặng lắm nha,5,2022-08-10 18:32:03,1,True,10280321597,24710134,0,0,0,0,0,109,24
b88b3795b50e2ff117da177db7e0200b7c634074267b6168cb390dcab9a62358,Đồ của Coolmate thì khỏi phải bàn cãi. Chất từ trong ra ngoài. Mỗi dịp sinh nhật còn được Coolmate tặng quà bất ngờ nữa. Ủng hộ dài dài.,5,2024-06-19 18:28:40,2,True,10280321597,24710134,0,0,0,0,0,136,29
bc6c826b838b85f0e5eecd1b4e02733dc1db21d560a8ef82ae015f9f7acb84f3,"Chất lượng sản phẩm:tốt Đúng với mô tả:chuẩn Áo mỏng nhẹ, nhiều lỗ thoáng khí, mát mẻ thoải mái trong ngày hè.",5,2024-06-27 13:14:04,1,True,10280321597,24710134,0,0,0,0,0,110,22
49b1dcf6f804914e938e31c7e119384515f489ff61e8c32d733d736846551b60,"Nhẹ, mỏng mát, giá rẻ, thấm hút mồ hôi tốt nên ưng ý. Mua ở đây nhiều lần rồi",5,2022-07-14 14:12:17,1,True,10280321597,24710134,0,0,0,0,0,77,19
d5a0c5a371cf673e131d8e410ad6a8d6e26eee0cc05a0bd1c807a06856daf399,"Đúng với mô tả:đúng như hình quảng cáo Chất liệu:cotton thấm hút Màu sắc:đen Mình mặc đi tập gym rất thích, cử động thoải mái, hút mồ hôi tốt không gây bí bách, châm chích. Sẽ ủng hộ Coolmate lâu dài vì sản phẩm chất lượng, dịch vụ tốt, và còn là nhà tài trợ cho Thỏ Bảy Màu nữa!",5,2023-07-01 10:20:05,1,True,10280321597,24710134,0,0,0,0,0,279,60
f55704ec30dc212f2b9e607c65c56217bdb460fe0186812166f182be6d9d4132,"Màu sắc:đen Chất liệu:vải mịn thoáng Đúng với mô tả:đúng với quảng cáo Giao hàng nhanh , đóng gối cẩn thận , sản phẩm phù hợp giá tiền , tư vấn nhiệt tình , chế độ đổi trả hàng ok , sẽ tiếp tục ủng hộ shop !!!!",5,2023-09-19 12:31:18,1,True,10280321597,24710134,0,0,0,0,0,210,48
09216990ba6c809655738d6a52408b972f7f553504e40a068677937394e8d166,Đúng với mô tả:đúng Chất lượng sản phẩm:tốt mát thoải mái Sản phẩm bận rất oke.sẽ tiếp tục ủng hộ nhà coolmat,5,2025-08-09 17:07:33,3,True,10280321597,24710134,0,0,0,0,0,109,22
3fd05b00bfcd53b1e208c4ea93250ffbc210b6ee7a647725b743a1024aeadf72,"Thấm hút:chưa mặc nhưng theo cảm quan thì thấm hút tốt Vật liệu:nhẹ, mỏng, thoáng Độ bền:chưa rõ",5,2026-04-07 11:05:00,1,True,10280321597,24710134,0,0,0,0,0,96,18
ad8108ac059982470b2f26e5ff801dca9cfa9c426448e4a90093ce7d22fc7e6c,"Đúng với mô tả:good Chất lượng sản phẩm:good Sản phẩm đẹp như hình mô tả nhé, hi vọng dùng bền đẹp.",5,2025-10-14 18:03:16,1,True,10280321597,24710134,0,0,0,0,0,99,21
d5a5fa758e5845cb547389682b8585136158270f9c09250542e45826a6b6baf8,Chất liệu:mát Màu sắc:đen Đúng với mô tả:đúng Đã mua lần 2 của coolmate. Áo mặc rất thoáng. Ko bị bí ko bị chảy mồ hôi nhiều như những áo thun khác. Sẽ còn ủng hộ coolmate lâu dài. Đóng gói cẩn thận. Giao hàng ko quá lâu,5,2022-11-15 18:25:36,0,True,10280321597,24710134,0,0,0,0,0,220,48
fef74fd32c90d01f38ce4cd3a87013a240c347aa4358b154f175b70083eccd26,"Chất lượng sản phẩm:ok mỏng nhẹ Đúng với mô tả:như mô tả Giao hàng chậm. Đóng gói cẩn thận. Áo màu xanh graphic k tôn da lắm, mặc vào hơi bị đen còn lại ổn.",5,2024-07-11 16:08:00,5,True,10280321597,24710134,0,0,0,0,0,156,35
9681e42710cf63dc24259151d9832ff70aef307b7610424b0e8734592f4c5f22,Chất liệu:tốt Áo mặc rất vừa màu rất đẹp Nói chung là rất nên mua Ok hàng coolmate lúc nào cũng rất chuẩn,5,2023-03-14 10:48:29,1,True,10280321597,24710134,0,0,0,0,0,105,23
cf9735dc715663eecda7236de356387214da01dfef2190c227ac8835c0b74be7,"Thấm hút:nice Vật liệu:nice Độ bền:nice Mặc đã cực, mỏng, nhẹ, dai, thoáng, trước mình hay tìm mấy mẫu áo cotton dày dặn, đổi sang mấy loại thể thao này thấy thoải mái hẳn. Mỏng mà đã, mỏng kiểu bền ấy không phải kiểu đểu đểu. Nice!",5,2026-05-25 09:38:27,0,True,10280321597,24710134,0,1,0,0,1,232,47
1116329f57b75c04ee409d656250b66a2aa0e83649de30431c7ee32874b5b529,"Ship siêu nhanh và cẩn thận. Mua coolmate nhiều lần, ưng nhất khoản dịch vụ KH. So vừa in, cho 10 điểm",5,2022-03-16 19:24:55,1,True,10280321597,24710134,0,0,0,0,0,102,22
f9cbbcf7bf184dff70d667c144ee49327073f99bf5f1ab72239fa3327c72e3bb,Thấm hút:tốt Vật liệu:tuyệt vời Độ bền:cao Đúng đơn hàng. Chất lượng quúa tốt so với giá tiền. Thuợng hiệu uy tính. Thak sop. Sẻ quay lại mua thêm.,5,2026-03-14 11:14:07,0,True,10280321597,24710134,0,0,0,0,0,147,29
aada7459bcb3872156d8b804dee270668239379cb56fa3f62478cb823ea1683a,Đúng với mô tả:đúng mô tả sản phẩm Chất lượng sản phẩm:chất lượng ok Giao hàng nhanh đóng gói đẹp áo lên phom đẹp mát,5,2025-02-27 11:28:04,1,True,10280321597,24710134,0,0,0,0,0,117,25
f0e3a2296ff65de9c209e022579a088f3f83b62bac528e3e8a8c260358c0f221,Chất lượng sản phẩm:very good Đúng với mô tả:đúng FBI tiến hành cuộc truy lùng trực tuyến trên khắp nước Mỹ để tìm kẻ ám sát Charlie Kirk - đồng minh của Tổng thống Donald Trump. Tổng thống Donald Trump gọi cái chết của Charlie Kirk là “một thời khắc đen tối của nước Mỹ” và tuyên bố sẽ truy tặng Kirk Huân chương Tự do Tổng thống.,5,2025-09-12 20:57:15,3,True,10280321597,24710134,0,0,0,0,0,331,68
4cc0652d0adcb627f0de3663beba219d161caa797c12cdf2ff0fd94d6eb16c74,Đúng với mô tả:đúng Chất lượng sản phẩm:phù hợp giá thành. Đã mua nhiều lần. Chất lượng phù hợp giá thành.,5,2025-02-03 10:38:53,1,True,10280321597,24710134,0,0,0,0,0,106,21
8e6cb5de3d4261d0b135f0200dd1f75778b384f7adc804c801dde30f88c3e582,"Áo chất lượng, vải mát, có lỗ li ti rất mát, bạn nào hay vận động nhiều sợ nóng thì nên mua áo này, trước mình đã từng mua các loại áo khác của coolmate thấy chất lượng cũng rất ổn",5,2024-03-06 20:02:35,1,True,10280321597,24710134,0,0,0,0,0,180,41
2efcc9072e847f5df92a8deb3967a34ee26f7e6d3ccfd6e3f5443a79183d7b6f,"Đúng với mô tả:tốt Chất lượng sản phẩm:tốt Giao hàng nhanh chóng và vui vẻ, chất lượng sản phẩm tốt cho shop năm sao về chất lượng và giá cả",5,2025-09-29 08:14:34,0,True,10280321597,24710134,0,0,0,0,0,140,30
620767368fce646deb2c595c9acd2cc426554bbf2b9d24e0cbe370a9d10ddcd7,"Chất lượng sản phẩm:ok Đúng với mô tả:dung Sh giao hàng nhanh, săn sale dc giá tốt, vải thoáng mát nên mua nha các mẹ",5,2025-06-12 18:18:54,1,True,10280321597,24710134,0,0,0,0,0,117,25
bd3a7e35d1cfe7e929e3ce19fc888ae705a40d3e11f67dcfa5ea16cabe71ca9b,Thấm hút:ok Vật liệu:ok Độ bền:ok Áo thấm hút mồ hôi rất tốt khô nhanh sau khi vận động chất liệu vải nhẹ mềm mại và thoáng mát khi mặc có vẻ như chất liệu ổn định nhưng chưa dùng lâu nên khó đánh giá,5,2026-04-01 15:22:14,1,True,10280321597,24710134,0,0,0,0,0,200,45
83241c471353f4d62bf8a74f70999b5045e743c35ec4ed31280b0a9a0a78ff24,"Chất lượng sản phẩm:tốt Vải đẹp, đường may kỹ. Tay áo trắng hơi bị chật không thoải mái như các phom áo khác. Có quà tặng là bao tay, cám ơn shop.",5,2024-07-27 21:01:27,1,True,10280321597,24710134,0,0,0,0,0,146,32
9f39a14e68318c474b3cbdebe7b259799ae8bf9ea8c6255fccb3821875a40bdc,"Đúng với mô tả:đúng Chất lượng sản phẩm:Tốt Gói hàng cẩn thận hộp đẹp. Đầy đủ sản phẩm, áo mặc thoáng mát. Rất hài lòng.",5,2023-11-28 14:51:15,0,True,10280321597,24710134,0,0,0,0,0,120,25
913122b280aaa90f1f5c83df4579fe255cbc413b9b5b6fd9ca1d881e758ca03c,"Chất liệu:vải dệt poly Màu sắc:xanh navy Đúng với mô tả:đúng Áo mát, chất vải dệt mỏng nhẹ, thích hợp mặc mùa hè hoặc tập thể thao. Giao hàng nhanh đóng gói cực chỉnh chu",5,2022-07-18 11:41:19,1,True,10280321597,24710134,0,0,0,0,0,170,35
9361c0ce7e8fa4fb80426f1db0834684ed63faaaa96b0d51a0cab12485b1c0e1,"Lần đầu tiên mua hành và rất hài lòng về sản phẩm, chất vải, form dáng cũng như việc tư vấn phục vụ khách hàng rất tốt. Sẽ ủng hộ shop lâu dài.",5,2025-03-21 11:03:33,0,True,10280321597,24710134,0,0,0,0,0,143,33
75862523c878f1c881d96707405a345a16b92145c00225e68db13744205566f8,Chất lượng sản phẩm:tốt Đúng với mô tả:đúng Thời gian vận chuyển rất hợp lí. Tôi đã đặt hàng với tâm thế hào hứng chờ đợi để được trải nghiệm sản phẩm và tôi không hề bị chờ mỏi cổ. Có thể thấy bên vận chuyển không quản ngại thời tiết và đường xá xa xôi để đưa sản phẩm cho tôi trong thời gian ngắn nhất.,5,2024-10-15 15:19:01,1,True,10280321597,24710134,0,1,0,0,1,304,67
2439e2f714a178b8847731757fd776b3efeecb7a427960cfb36aa8d71be29eb3,"Hôm trước đặt set quần, chồng mình bảo chất ok. Nên đặt thêm 3 cái áo. Shop bán hàng chất lượng, giá phải chăng nếu săn được thêm mã shop",5,2025-04-28 11:43:10,1,True,10280321597,24710134,0,0,0,0,0,137,30
85b2df286f68f1aed240ae9c8275303f60043c36b04ae9a9f2bc8809f11d27ca,"Đúng với mô tả:đúng Màu sắc:đúng Chất liệu:mát Từ Lai lấy thân phận chuyên viên huấn luyện chó quốc tế trở thành cộng tác của Cận Thời Xuyên, dùng kĩ năng chuyên nghiệp vượt trội chinh phục mọi người, còn tặng chú chó cứu hộ “Bình An” của mình cho Cận Thời Xuyên, giúp anh ấy thoát ra",5,2023-06-26 11:37:55,1,True,10280321597,24710134,0,0,0,0,0,351,58
633310d778542ce13d73bd08dedf3964f3d432467554c95cc6ec00ade4037640,"Áo màu chuẩn như hình, mặc khá mát và co giãn thoải mái, giá cũng rẻ nữa",5,2025-05-08 03:23:02,2,True,10280321597,24710134,0,0,0,0,0,72,17
422f2b3468ed41096e2805eaeef92e010cbf990a33c2d88eb958367c6306e1e1,"Sản phẩm xài oke , phù hợp với giá tiền , chất lượng hợp lý cũng đang hot , mn nên mua dùng thử 🫶🏻 chồng mình mặc ưng ý lắm hihi",5,2025-06-11 23:05:46,1,True,10280321597,24710134,0,0,0,0,0,128,32
5d5d6396d12f24c17656577f229e33a8891a45e6c1848d8e1f2549ce2025c02a,"Thấm hút:chất liệu vải mềm mại, thoáng mát Vật liệu:mỏng, nhẹ Độ bền:phù hợp mặc ở nhà hoặc đi tập thể dục thư giãn",5,2026-04-09 21:59:24,1,True,10280321597,24710134,0,0,0,0,0,115,24
055c69849f9e136c3cbe25fd04920f7fe8bd9ae6acf12f79c61f07c68153a8c4,Thấm hút:Ốp điện thoại dùng rất thích. Chất liệu mềm ôm khít điện thoại. Giao hàng siêu nhanh sẽ ủng hộ shop nhiệt tình khi có nhu cầu ạ,5,2026-04-05 14:24:22,0,True,10280321597,24710134,0,0,0,0,0,136,29
e9206f1e861f2176a46310ffb71bee7ac51ad90620d3ca3e189ca03523b636f2,"Chất lượng sản phẩm:good Hình ảnh mang tính chất minh hoạ. Sản phẩm có chất vải đẹp, mặc mát dễ mix đồ và mùa hè mặc cực kỳ thoải mái. Giá còn rẻ nữa mình mua hai áo chỉ có 100 cành",5,2024-05-04 15:58:36,0,True,10280321597,24710134,0,0,0,1,1,181,42
1395fc1def842872ac04e2cd8566a47ed4502cb9ada637307f32cdee5f053909,"Hàng chuẩn, đóng gói cẩn thận, giao hàng nhanh. Shop phục vụ tốt.",5,2026-04-01 07:37:02,1,True,10280321597,24710134,0,0,0,0,0,65,13
fde43bd3dff35347eb596b7eb88e8dc2edc093e882f64e8abd20cc232c746610,"Chất liệu:thun Màu sắc:xám đậm Đúng với mô tả:hơi rộng Shop giao hàng rất nhanh dù HN gửi TpHCM. Áo mỏng mát, phù hợp đi tập. Tuy nhiên phom áo khá rộng, hơi thùng thình nếu lựa theo cân nặng mà shop ghi chú. Ae nào dân tập nên lùi 1 size nhé.",5,2022-11-14 12:57:23,1,True,10280321597,24710134,0,0,0,0,0,243,53
7f92cc2db85ed1a1b4266bfc2d08a5381327041a7d85d070fb7a4c01a1a675af,"Màu sắc:xanh than Đúng với mô tả:đúng mô tả Chất liệu:mát Hình ảnh minh hoạ, áo chất liệu tốt, vừa size, shop đóng gói chu đáo",5,2023-06-25 23:37:22,1,True,10280321597,24710134,0,0,0,0,0,126,26
cbebcb88749d742becbc7d825e54459ff98e19cbb0a913bcbccc18fe92703f8d,Thấm hút:ao thoáng khí Vật liệu:mem mai vai the thao Độ bền:rat ben,5,2026-04-05 16:46:08,1,True,10280321597,24710134,0,0,0,0,0,67,13
f579c2274f4c47dc1efb73ee6404a335fb4a5d39d65be35210839351c200c06a,"Thấm hút:tốt Vật liệu:vải ok Độ bền:chưa biết Áo đẹp nha cả nahf, giá rẻ nên mua mhes, giao hàng nha, shipper giao hàng thân thiện, hjnhf ảnh mang tính chất nhận xu",5,2026-05-10 11:34:45,0,True,10280321597,24710134,0,0,0,1,1,164,33
d90b70693f8dd7adc5db46aa93b00d29e8fa327d84c3575f2c0f4fa67449dec0,"Sản phẩm giá rẻ nhưng xhaast lượng rất ok nè, từ màu chất vải và đường may đàng hoàng chứ k thừa chỉ or vải dởm",5,2025-04-20 17:23:33,0,True,10280321597,24710134,0,0,0,0,0,111,26
10ffe28f2c6b46a84308cabee60208d585ccc5004fcdea87a4b82fcb6ff3ff93,"Thấm hút:tốt Vật liệu:thun co giãn Độ bền:tốt Áo co giãn tốt, thoáng mát, thấm hút ko bị ám mùi mồ hôi",5,2026-01-03 19:21:15,1,True,10280321597,24710134,0,0,0,0,0,102,22
1187296557fd40f1abbf555b3214592f6b71286f31d4b6354feadba2495e8476,"Đúng với mô tả:Đúng mô tả Chất lượng sản phẩm:Tốt Chất liệu lỗ kim mỏng mát, k bị mỏng quá. Áo chống nhăn khá tốt, co dãn tốt.",5,2024-05-29 20:17:41,2,True,10280321597,24710134,0,0,0,0,0,126,28
00546b26b424b163776f2cc6197f442fd528cef6506c7dc5b3166ca11909fdf1,"Chất lượng sản phẩm:ổn Đúng với mô tả:đúng Sản phẩm chất lượng ok, giá được discount nữa nên rất ổn",5,2025-03-30 18:10:51,1,True,10280321597,24710134,0,0,0,0,0,99,20
2a779472d9b3efa346697a2bc9cb5f868eeb99d4721f2f418d8616d90f19b653,"Vật liệu:chât liệu nhẹ nhàng thoáng mát Rất thoải mái với đồ của CoolMate, đặt nhiều nên mã giảm cũng nhiều",5,2026-05-09 23:34:48,3,True,10280321597,24710134,0,0,0,0,0,107,21
f4591c7424066f9147fad66779a376a6410e4681c4ee5b1d3624b214600c6b1a,"Đúng với mô tả:đúng mô tả Chất liệu:Tốt Màu sắc:đẹp Áo mặc đẹp lắm luôn, chất liệu thoáng mát nên ông xã mình rất ưng. Sẽ mua thêm những màu khác nữa",5,2022-10-07 19:51:18,0,True,10280321597,24710134,0,0,0,0,0,149,32
02dddb24a90a25f20af05d9bf8f714168ccbf6a6ed42b34947b7fcb56a633473,"Mẫu Recycle này sờ thì nhám hơn mẫu cotton basics, cảm thấy ko mượt mịn bằng nhưng mặc lên thì cũng đẹp, vải có nhiều lỗ nên mát (đã mặc nguyên ngày). Màu rêu xanh đen sẫm lạ mắt nhưng kể ra tay áo dài thêm 1-2cm thì thấy đẹp hơn. Cao 1m70, nặng 65kg mặc L vừa nhé. 5 sao",5,2022-06-19 09:43:45,4,True,10280321597,24710134,0,0,0,0,0,271,61
179b513a9cafcb83b763f5879117c3c7711ec16b589511249d0c38b1c7151c62,Đúng với mô tả:giống như quảng cáo Chất lượng sản phẩm:dùng lâu mới biết Áo thoáng mát thích hợp mặc mùa hè,5,2025-03-21 17:01:35,1,True,10280321597,24710134,0,0,0,0,0,107,22
52b76f9ccf1bb1a499d160cb54fc0022248107359cce4fda8a551612858ea2c2,"Chất lượng sản phẩm:tốt Đúng với mô tả:đúng Mặc rộng rãi thoải mái, thoáng mát. Tui đã mua 3 cái để dùng dần.",5,2023-11-13 19:51:19,1,True,10280321597,24710134,0,0,0,0,0,109,23
418ff59fc744781611fcc49b5ef6b246335660301409bf91aabfcad564640433,"Thấm hút:xong Vật liệu:tot vua Độ bền:ko biet Chưa xài nhưng thaya vải hơi dày nặng chứ không như cool mate thật là mỏng tabh, nhje hơn và mát hơn nha mọi người , day có thể là hàng fake.",5,2026-05-16 12:51:51,4,True,10280321597,24710134,0,0,0,0,0,187,40
efa876f054db5faf35916ed0f69112dd9a88b4da1583e019dd0334e4183ef182,Thấm hút:Thấm hút: Sản phẩm thấm hút mồ hôi nhẹ mát thoáng dễ chịu khi mặc và rất tốt,5,2026-05-26 19:21:22,1,True,10280321597,24710134,0,0,0,0,0,85,19
1bd4be8fc229ea69dcaf945cfcad8065c9a9316f41a7de4f02a3fd4ac24a8de5,"Thấm hút:áo thấm hút tốt, phù hợp cho vận động Vật liệu:vải mềm, nhẹ, thoáng khí Độ bền:thấy ổn Áo ổn, rất tốt, mát mẻ, thoáng khí",5,2026-04-11 08:38:03,0,True,10280321597,24710134,0,0,0,0,0,130,27
a3d2a80f2b05e5733cf00fc1392955726a35fd248e6b6fdc7c24ae2bd1c342db,"Đúng với mô tả:đúng với mô tả Chất liệu:thun Màu sắc:xám Hàng giao đúng mẫu , size, đúng với chất lượng, vưad túi tiền, nên mua.",5,2023-05-30 22:26:40,1,True,10280321597,24710134,0,0,0,0,0,128,26
c3855bc042988d83d15eadf163110b2a67ff81391dcd77e4cbce2ff8896b6823,"Quá ưng ý với shop, hậu mãi tuyệt vời. Mặc rộng cắt mác các thứ rồi. Vẫn cho đổi size, còn ko mất phí 👌",5,2023-07-28 12:18:32,1,True,10280321597,24710134,0,0,0,0,0,103,25
0210b6720eb201a7a212c45fafc9e8fb89846dd4abe9859e60492e8f93d4ff63,"Áo thun coolmate mỏng nhẹ, thoáng khí, cầm lên vải rất mềm. Sau một thời gian sd nếu sản phẩm bền tốt sẽ quay lại ủng hộ thêm ạ.",5,2025-08-14 00:44:23,3,True,10280321597,24710134,0,0,0,0,0,128,29
54597d77ead7136c39ca2597ac824f9386506dc258f77ad4cdeb4bbcbbc50e9f,"Chất liệu:mềm, mát Màu sắc:xanh than Đúng với mô tả:đúng Áo dành cho vận động, mặc rất nhẹ, chất vải thoáng mát không gây cọ, kích ứng da. Vừa size",5,2022-10-02 00:28:10,1,True,10280321597,24710134,0,0,0,0,0,147,30
b18b3df3322ca4becf760ad79ffebdb74b17d04e67f98a2d8e1701fc2b7efb0b,"Chất lượng sản phẩm:Tốt Tính năng nổi bật:Tốt Mình cực kỳ hài lòng với bàn phím. Hàng giao nhanh, đóng gói kỹ, giá hợp túi tiền. Màu sắc rất đẹp và kết nối vào laptop cũng khá nhanh nữa. Gõ dễ dàng, âm thanh hay.",5,2024-05-04 21:13:03,3,True,20994346123,131085332,0,0,0,0,0,212,45
7bfc6638eb5f730cc1717b8c8090a5ca9beba0bf19e0a02d3ffbd281d21f08b8,"Chất lượng sản phẩm:ngoại hình đẹp, gõ êm ,màu sáng , có nhiều chế độ màu , pin sài lâu +5 Tính năng nổi bật:mua đc em này có 3 mode kết nối+1 mà làm việc có thể chuyển qua lại mac hoặc win + 2 Nếu có điểm k đc thích thì xin shop làm thêm giấy hướng dẫn như pin hết và đầy coi ở đâu... (Ý kiến riêng cá nhân tui) nha mà giá rẻ+1nữa nên k dám đòi hỏi gì bàn phím tầm giá này tổng kết 9/10 đang mua trong tầm giá làm việc và chơi game",5,2024-08-22 22:13:49,1,True,20994346123,131085332,0,0,0,0,0,432,102
b57e7eb1ecb3fcbd554bb403029f8461fb763b564b6f816d5569f0dd00b8285f,"Đẹp, sản phẩm nhìn chất lượng. Shop uy tín, chu đáo, nhiệt tình. Thích nhất sự cẩn thận và chu đáo khi hết màu m thích, riêng câu hỏi chị đổi màu giúp e được không?. Chưa nói đến chất lượng nhưng về sự tử tế và cẩn thận quan tâm gọi cho khách hỏi đã 10đ. M cần sớm shop cũng gửi hàng sớm đúng ngày cho m. Ship hàng rất nhanh.",5,2024-07-20 19:20:09,4,True,20994346123,131085332,0,0,0,0,0,325,73
c501b928bddc872f5af3d6d4602196d5c466af4de7a5c7287032ce4900d41c80,Chất lượng sản phẩm:tốt 061 ZA641 pro 3 mod kết nối không dây Kết cấu hoàn thiện tốt trong tầm giá Cầm chắc tay Shop nhiệt tình,5,2024-10-25 11:36:57,3,True,20994346123,131085332,0,0,0,0,0,127,27
98eabfad771691f2ed7a236268ef3c644c4231da2d72b8bdb74ac68c72007e5b,Bàn phím đẹp lắm lun mình mua V2 nên nhìn lạ lắm mà đẹp lắm nhaaa bàn phím đánh tiếng êm tiếng bàn phím nghe nhẹ ko quá ồn . Shop đóng gói hàng rất cẩn thận nữa hộp ko móp méo lun á. Mình nhắn tin hỏi shop mà Shop nhẹ nhàng với nhiệt tình quá trời lun. Nên mua rất nên mua để trải nghiệm nha nếu có dịp sẽ ủng hộ shop nhìu hơnnn 😍,5,2025-07-07 10:00:47,2,True,20994346123,131085332,0,0,0,0,0,330,78
fe755b6053a0b4b19ad3a2b532214710371ca02638553cb2e3b47dd28513b446,"Âm thanh:Tiếng gõ nghe đã phết Độ bền:Mới tậu về nên chưa rõ nhưng thấy rate up cao chắc bền lắm Kết nối:3 mode, có bluetooth ngon nghẻ test chơi game thấy nhanh, ít delay Zamn, đỉnh",5,2026-01-01 14:15:53,1,True,20994346123,131085332,0,0,0,0,0,182,37
621339e5a2a602d590dd6e2546bd7558d69b8e364ca510f407a0f212282a56e2,"Sản phẩm nhận được đúng như mô tả, đóng gói cẩn thận, giao hàng khá nhanh. Chất lượng nhìn chung tốt, hình thức đẹp, hoạt động ổn định và đáp ứng đúng nhu cầu sử dụng. Người bán hỗ trợ nhiệt tình, trải nghiệm mua sắm rất hài lòng. Sẽ tiếp tục ủng hộ và giới thiệu cho bạn bè nếu có nhu cầu.",5,2026-06-18 20:57:08,1,True,20994346123,131085332,0,0,0,0,0,290,64
5f8c7e3940c9567ae7f4d106e18f07990f0c46206f0302adbf0a2510cea6b230,"Tính năng nổi bật:nhạy phím + led Chất lượng sản phẩm:tốt Hình ảnh chỉ mang tính chất minh họa. Sp sử dụng ổn áp. Shop tư vấn và cskh rất nhiệt tình, tuyệt vời. 10 điểm dịch vụ chăm sóc cho shop",5,2024-08-26 22:25:03,1,True,20994346123,131085332,0,0,0,0,0,194,42
347639517be36416fe806c461f37256c28f66ecc075b4ff2b4817ace91f954c0,"Chất lượng sản phẩm:tốt Sdt: 888 Hàng đẹp. Tốt như miêu tả. Kết nối Bluetooth tới Mac hoạt động tốt. Bàn phím nhỏ gọn, mang đi tiện lợi.",5,2024-05-13 15:48:09,1,True,20994346123,131085332,0,0,0,0,0,136,28
6b5d48ed68950ef1371defddbd34de66fd3e4fe62d5ec64f39f1741cda64a520,"Siêu đẹp, giá rổ săn sale dc khá là oki, có led có thêm type c ạ, gõ êm, ship hoả tốc siu nhanh nữa",5,2024-04-07 19:35:08,0,True,20994346123,131085332,0,0,0,0,0,99,25
eeee0b6ec222e20aec0e7534f8586f79d9e4c6d1e50c77b34147d09e970f3291,"Chất lượng sản phẩm:Tốt Tính năng nổi bật:Âm thanh khá êm Chất lượng sp tốt ngoài mong đợi mình. Với tầm giá này mà có con phím như này thì khá là ổn. Âm thanh tốt, led ổn, nhiều chế độ led khá đẹp",5,2024-09-09 13:32:34,4,True,20994346123,131085332,0,0,0,0,0,197,44
f7faa3925d794d360d16f4cdc140147f56f187b340b90648917d8fe2a8b764c3,"Chất lượng sản phẩm:good 3 số cuối sđt: *596 Bàn phím đẹp, cầm nặng và chắc tay lắm. Gọn gàng dễ sử dụng, màu sắc đẹp. Shop gói hàng cẩn thận và ship nhanh lắm luôn. Nói chung là nên mua nha",5,2024-03-17 13:23:36,1,True,20994346123,131085332,0,0,0,0,0,190,42
97fb4b4018403dca08ec0e931556101b40d7b4b854bad0b3553f7907871e86d4,Tính năng nổi bật:Quá ngon nha ae Chất lượng sản phẩm:Rất tốt Shop đóng gói kĩ có chống sốc bàn phím mượt bấm nhanh không mất chữ không chậm nói chung là quá ngon trong tầm giá :D,5,2024-09-15 00:21:26,1,True,20994346123,131085332,0,0,0,0,0,179,38
cd085be90b98a4a5027020dda363c169a00e79816a4e3b67b55e88760db4997f,"đẹp tuyệt vời cả nhà ơi, ở ngoài x10 độ đẹp luôn. Chỉnh đc led, kết nối 3 mode, nhìn chung là tuyệt vời. Chúc sốp 8386 buôn may bán đắt P/s: sr vì hối shop gửi hàng để tặng quà, mình không tặng sn ai cả nhưng sợ sốp ngâm lâu giống các shop đồ công nghệ khác. Shop hỗ trợ rất nhiệt tình, khuyến khích 500 ae ủng hộ shop",5,2024-10-22 19:57:53,1,True,20994346123,131085332,0,0,0,0,0,318,72
7cce538c5ab7acd3ae57e923c6bfe654015da4ac044a9a0cf48784742fce2dd3,"Chất lượng sản phẩm:cầm chắc tay 964 kích hoạt bảo hàng ạ, bàn phím đẹp, săn đc giá tốt, sẽ tiếp tục ủng hộ shop nha🤗🤗🤗🤗🤗🤗🤗🤗",5,2025-01-17 21:58:08,1,True,20994346123,131085332,0,0,0,0,0,124,26
b2b16e18ee13faf859ff95fd1761e0124d99b3a65295df520b57061a71cf536e,"Tính năng nổi bật:3 mode Chất lượng sản phẩm:tot Con bàn phím này quá ok trong tầm giá, giá tốt, gõ ngon led hơn 20 chế độ quá tuyệt vời, shop hỗ trợ đổi màu, ship nhanh",5,2023-11-09 15:17:50,1,True,20994346123,131085332,0,0,0,0,0,169,37
59a725518ab703f7ee889a129e41c874c7b89286593a1fd4a30adba68cbbf714,"Chất lượng sản phẩm:rất tốt hoàn thiện đẹp nhẹ và gọn gàng Tính năng nổi bật:led rất nhiều, tuy giá rẻ nhưng lại hot swap nên cx ko phải thay đổi gì, phím êm 10 điểm👍",5,2024-01-02 23:26:56,1,True,20994346123,131085332,0,0,0,0,0,166,36
d90e07b697d5a30511cb37a9f63848458b21eeac05362ab3ceb62abfc449ed9e,"Tính năng nổi bật:tiện, đẹp Chất lượng sản phẩm:ok Hàng giao nhanh, đóng gói ổn, giá cũng tương đối rẽ, đẹp và bắt mắt 🥰",5,2023-12-12 19:30:52,1,True,20994346123,131085332,0,0,0,0,0,120,25
ea34a8a238e2f26356053c3fe0706bf6be8e5fd8518fa5f2a877b4806a8a408a,"Chất lượng sản phẩm:tốt Tính năng nổi bật:3 kết nối Bàn phím gõ êm, thích, 3 kết nối đầy đủ và ổn định, hình thức đẹp",5,2024-08-17 12:15:50,3,True,20994346123,131085332,0,0,0,0,0,117,26
422c2900c63f8820161fd21099647469c1537d911bf355ad3236da5b3dcfec5a,Chất lượng sản phẩm:tốt Tính năng nổi bật:kết nối 5 thiết bị Mình dụng trong 15 ngày rùo phải nói trong tầm giá này con này ngon lắm lun,5,2024-03-25 18:23:16,1,True,20994346123,131085332,0,0,0,0,0,136,29
f07dd081f22437fcfd54e30a4ad7a21f60a03efeb588c619451ed1a30d7ef09b,"Chất lượng sản phẩm:591 Hàng rất đẹp, bàn phím mới nhận nên thấy đèn sáng mà khoing biết tắt như thế nào . Không có cảm giác cấn tay, rb đẹp tuyệt vời",5,2023-11-13 10:14:14,1,True,20994346123,131085332,0,0,0,0,0,150,33
87600b7cc67a695d3f627418bc08a23315ea5434ecf1089268654eab2c6ab1d3,"Sản phẩm ok, led đẹp, kết nối ổn định, 3 kết nối đủ cả. có switch, keycap puller, 4 switch 5 key cap. Key cap đều là pbt.Giao nhanh thật, sáng 10h đặt, sáng hôm sau đã tới. Có clip sound test nha 3 số cuối sđt:804",5,2023-12-02 11:42:09,4,True,20994346123,131085332,0,0,0,0,0,213,47
7ddac370d1ae1b6404f9caceb29ec606c058056d165a7f1297ab21d0aed780d4,"Chất lượng sản phẩm:Tốt Sản phẩm đẹp, giao khá nhanh, âm thanh nghe cx bth vì đây là hàng rẻ nên cx chấp nhận đc.. ***280",5,2024-05-12 12:34:00,1,True,20994346123,131085332,0,0,0,0,0,121,26
a44df38bb51584b65c3d3f747d74e18005b2a42fb8e7eb38cc32ae0e353b23c1,"Âm thanh:êm ái, k gây ồn khá oke Độ bền:mới dùng nên chưa biết được Kết nối:1 chế độ dây Chất lượng khá ổn so vs giá tiền",5,2026-04-04 17:02:55,1,True,20994346123,131085332,0,0,0,0,0,121,28
e17fa0664d41d5f3c443dca5c966fce4f38841cd7f6150ba72f49d9bc125b525,"Âm thanh:Nghe khá êm tai hợp gu mình Độ bền:Phải dùng lâu mới biết được Kết nối:3 mode đều dùng ổn, bị cái mỗi lần kết nối lại phải giữ Fn+phím nên hơi lười Sản phẩm nhỏ gọn, đẹp, led đa dạng, có hướng dẫn sử dụng đầy đủ, shop giao hàng nhanh, đóng gói chắc chắn, chất lượng sản phẩm thì để thời gian kiểm chứng.",5,2026-01-28 12:42:59,2,True,20994346123,131085332,0,0,0,0,0,312,67
565063c7299009659cc6bfa0efc5f06b0f96c73b8d36e8e550051e085cdb015a,"Chất lượng sản phẩm:tốt Tính năng nổi bật:đẹp, mượt Xài ok Đèn bật lên đẹp Mới dùng thử đc 1 ngày về sau thì chưa biet",5,2025-08-01 15:34:59,1,True,20994346123,131085332,0,0,0,0,0,118,26
0c4ef01a9ec2123809b312e23d5465db6809bb54cd04f267c73e17197c789882,"Chất lượng sản phẩm:tốt Mới mua về trước mắt thấy đẹp và gõ khá êm, đời dùng 1 tg sau xem nó oke hay k rồi update tiếp. 810",5,2024-09-15 14:04:01,2,True,20994346123,131085332,0,0,0,0,0,123,29
a44df38bb51584b65c3d3f747d74e18005b2a42fb8e7eb38cc32ae0e353b23c1,"Âm thanh:không quá ồn Độ bền:tạm ổn Kết nối:dễ dàng Shop đóng gói kỹ càng. Bàn phím đẹp, đúng mẫu mã, màu đẹp, âm thanh ổn, kết nối 3 chế độ dễ dàng.",5,2026-05-25 16:03:54,4,True,20994346123,131085332,0,0,0,0,0,149,33
9cf2234a3fe92881c3cd3144f992466ddda03ad988f16a6041b44238794b3de9,"Bàn phím xinh, có nhiều chế độ đèn led, đánh nghe vui tai và có thể kết nối bluetooth Shop giao hàng nhanh, cẩn thận",5,2023-12-06 10:32:02,1,True,20994346123,131085332,0,0,0,0,0,116,25
ee379c41615ee9914785c6abd91323324c561e3c56010808272c56eeb5383781,"Chất lượng sản phẩm:ổn Tính năng nổi bật:gõ êm Màu đẹp xỉu , mà lúc bật đèn có 1 phím Y nhấp nháy. Gõ êm lắm nha , đằng sau có 2 chân đỡ",5,2024-12-15 12:25:41,5,True,20994346123,131085332,0,0,0,0,0,136,34
78af13f0c7cabfc6d4b12f3f53970758829977bdc6a7bde2e9d8564f6b5da22a,"Tính năng nổi bật:121 Sản phẩm xài ok. Led rainbow chứ k phải rgb, hộp có đủ phụ kiện (1 cáp, 1 kẹp phím với 4 switch, 5 keycap). Mua hôm sale nên chỉ 380k =))",5,2023-11-15 21:41:37,2,True,20994346123,131085332,0,0,0,0,0,159,36
76e3380febb90e0a027d6a33012bea1c7809f00d29ae9c95f6aab14148ed99bd,Chất lượng sản phẩm:ok Tính năng nổi bật:ok hàng khá ok cho người mới nút bấm khá bon tai màu sơn đã mắt 3 số cuối sđt: 198,5,2024-09-11 18:30:54,5,True,20994346123,131085332,0,0,0,0,0,123,28
56c1b1df157ae84234b91b6e8ce779985aac314474420aadfe2bacbb6c0aee72,"Tính năng nổi bật:redsw, led nhiều màu Chất lượng sản phẩm:tuyệt vời Nói chung là dùng ổn áp tuyệt vời gọn nhẹ. Shop có hướng dẫn đầy đủ luôn. 3 số cuối sđt: 566 để kích hoạt bảo hành",5,2024-08-11 10:51:04,1,True,20994346123,131085332,0,0,0,0,0,183,39
f42c44e1ff8cb44eb1b3beba66cf0ca887f025ed3b7fa37ac16f50e28bf023b7,"Âm thanh:êm ái ko ồn aod Độ bền:sử dụng 3 tháng thấy độ bền ổn Kết nối:có 3 mode kết nối tiện lợi, pin trâu",5,2026-04-08 14:10:20,1,True,20994346123,131085332,0,0,0,0,0,107,25
205e8342138dd9d9978d5bd517c9352f5b11d64d70d6af1ac0e27bd7970b14ab,"Chất lượng sản phẩm:ổn so với giá Hổm mình app mã thì đc giá 339k, nhma mua em này với voucher, ai canh được sale thì giá < 380k á. Cũng ổn, âm thanh tạm được, nhỏ gọn tiện lợi để mang đi. Về chất lượng thì phải xem theo thời gian. 3 số cuối SĐT : 119",5,2024-10-24 19:02:42,1,True,20994346123,131085332,0,0,0,0,0,251,58
8448b40fa917a03131c7f0a4aa9fa60d2864888f2d72eb12e8a978aea3c5eb09,"Tính năng nổi bật:gõ phím Chất lượng sản phẩm:quá là ok Trời ơi xinh quá nè, mua giá hời mà xinh xỉu luôn, nên mua nha mn",5,2024-05-24 22:08:06,1,True,20994346123,131085332,0,0,0,0,0,121,27
c393d4fd37d7cf1b69f9a463893e2a74180141998f79a79aec612978a1f8c800,"Chất lượng sản phẩm:ok, good Tính năng nổi bật:đèn đổi màu nhiều chế độ, red switch nên không quá ồn Bàn phím xinh, shop hỗ trợ nhiệt tình Bạn nào thích nhỏ bé xinh xinh thì chọn loại này quá ok, giá học sinh sinh viên. Bấm không quá ồn, dễ chịu, thuận tay, các phím không quá xa nhau. Số đuôi sdt: 820",5,2024-10-04 09:38:44,1,True,20994346123,131085332,0,0,0,0,0,302,64
d04d12c8526a67e432949024120299240e2c8e99178da33e3b9e78ec9c3cbd66,"Chất lượng sản phẩm:tốt trong tầm giá Tính năng nổi bật:yellow sw mang lại cảm giác rõ êm bàn phím 400k mà cứ như hơn 1 củ gõ k khác gì mấy con giá cao, 3 mode kết nối chỉ có đèn led rainbow tạm ổn, phụ kiện kèm 2 sw dự phòng + 2 cây gắp, shop note thêm dòng chữ lưu ý ngoài quá tinh tế!!",5,2024-10-06 18:36:58,3,True,20994346123,131085332,0,0,0,0,0,288,68
cba124b23c28c16e1a2632a57f08020f95f52e3b609cf61657663f09d80c7248,Chất lượng sản phẩm:tot Led sáng 3 chế độ kết nối nhìn chung rất ok trong tầm giá còn độ bền thì phải trãi nghiệm một thời gian mới biết được. Sdt : 527,5,2024-03-02 12:46:23,1,True,20994346123,131085332,0,0,0,0,0,152,34
f2703d48d8896a89b75260d1da31212f82176e48bbbb15ed67dec12e919dcbc2,Tính năng nổi bật:quá là đẹp Chất lượng sản phẩm:lúc nhận tốt đóng gói kĩ nhưng chưa biết sài lâu ko Đèn đẹp. Bấm oke. Áp 7749 cái mã với giá 365,5,2024-08-23 13:25:57,2,True,20994346123,131085332,0,0,0,0,0,145,32
fb8f6a614df8cb6dd449556dbbfb4fae4deda04a0f7eb31368447b27c1968388,Tính năng nổi bật:3 mode kết nối Chất lượng sản phẩm:đúng như mong đợi 3 số cuối sđt: 475 Giao hàng nhanh đóng gói kĩ càng có hướng dẫn sử dụng,5,2024-02-01 11:03:25,4,True,20994346123,131085332,0,0,0,0,0,143,31
8ee5c9b137b13bbb4fcd4913b7d8abb6d2343a8f216c4e383927a1a3b07f1cfc,"Tính năng nổi bật:led nhiều chế độ, kết nối 3 thiết bị cùng lúc, chuyển đổi nhanh Chất lượng sản phẩm:ổn Red switch có hot swap, đúng mô tả, gõ khá êm, săn sale 300k nên cx đc",5,2024-08-02 22:35:31,5,True,20994346123,131085332,0,0,0,0,0,175,38
bc6c826b838b85f0e5eecd1b4e02733dc1db21d560a8ef82ae015f9f7acb84f3,"Âm thanh:âm thanh êm dịu. gõ êm Độ bền:độ bền cần đánh giá thêm Kết nối:kết nối có dây Usb-typeC sản phẩm đẹp, tốt, nhỏ gọi hơn bình thường, 64 phím cơ red switch, cần tgian làm quen khi mới mua loại nhỏ này,",5,2026-05-25 21:48:58,1,True,20994346123,131085332,0,0,0,0,0,208,44
38a91e985f84b8b7a84ca8e5503364a45344eb7e29a22ca85093de3bbf7d6ec0,Tính năng nổi bật:phím đẹp giá tốt Chất lượng sản phẩm:tốt bàn phím đẹp nhân viên tư vấn nhiệt tình khi gặp lỗi đáng giá tiền anh em nên mua,5,2025-08-15 13:46:29,1,True,20994346123,131085332,0,0,0,0,0,140,30
a1b16bc5ecf33318c1feab81e64c93e9c0896a58a23766ceec5a735c9ec87c0c,"Tính năng nổi bật:bàn phím gõ tốt Chất lượng sản phẩm:màu đẹp, led cũng đẹp Shop đóng gói hàng rất cẩn thận, có tờ giấy hướng dẫn các tổ hợp phím, bàn phím trên cả tuyệt vời, rất xứng đáng để mua",5,2025-03-08 19:20:07,1,True,20994346123,131085332,0,0,0,0,0,195,42
2f11380394246b0d89c3580b3cc8194c5e9e9c6fabfb088e954e024f9fc87334,"Chất lượng sản phẩm:tốt Tính năng nổi bật:tốt build chắc chắn, switch êm, hotswap hơi khó tháo, kết nối mượt mà",5,2024-05-14 22:47:30,1,True,20994346123,131085332,0,0,0,0,0,111,21
392110c9715010b69be95f0229b332cffb92991eb4a9af252ac84a0ea94b5442,"Chất lượng sản phẩm:được ạ Tính năng nổi bật:màu xinh Bàn phím màu siêu xinh, tưởng được tặng keycap hồng nữa nma không có, cũng không sao ạ. 298",5,2024-08-11 22:20:39,1,True,20994346123,131085332,0,0,0,0,0,145,29
7f39390d249cd77e1a73924573e65388f2b6a88bef6eb4a6bed295c51ad202dd,"Âm thanh:âm nghe ổn Độ bền:Chưa rõ Kết nối:có 3 chế độ kết nố đầy đủ: có dây, không dây 2.4Ghz, và Bluetooth Dùng ổn, bàn phím thiết kế đẹp, nhỏ gọn có tính di động cao (mang đi dễ dàng), đèn led nháy đẹp, phím có nhiều tính năng khá hay , giá cả hợp lý rất phù hợp cho sinh viên 🐸☝️",5,2026-04-26 10:06:41,0,True,20994346123,131085332,0,0,0,0,0,283,64
fbe062d32e0a53266bc8db8f0926271c387f6a9c6a80809d0c54f2ee215c81d0,Tính năng nổi bật:có 3 mode Chất lượng sản phẩm:siêu tốt Khuyên mọi người nên mua vì với giá này sài rất ngon và tốt switch dùng loại red switch bấm rất êm và đã tay còn đc tặng kèm switch và gắp switch,5,2024-05-15 16:41:15,5,True,20994346123,131085332,0,0,0,0,0,202,44
f9182872f9fe7a25c3fb510431ee01bdafa3a19d1c0ab361f9711c0f9b2782b8,"Chất lượng sản phẩm:Hiện tại thì okeee nha mọi người Tiếng gõ phím không quá to đâu, màu xinh lắm dùng để gõ văn bản bình thường với chill chill thì em nó oke nè. số cuối điện thoại 3093",5,2024-06-26 12:37:19,1,True,20994346123,131085332,0,0,0,0,0,186,40
ed6e43b35d6ae45bd1518319019e361ddb3d3289afe0ec39fad1fa335beb0800,Chất lượng sản phẩm:tốt Tính năng nổi bật:led nhiều chế độ Ship nhanh rẻ đẹp nên mua nha mọi người shop uy tín,5,2024-10-27 13:05:28,3,True,20994346123,131085332,0,0,0,0,0,110,23
c85886790215ea998dec6b855c537e9c3abd1edea56c6de1e7328e8bee64e6c1,"Tính năng nổi bật:chế độ đèn Chất lượng sản phẩm:ok Bàn phím này nhiều chức năng hay phết mn, có 20 chế độ đèn gõ ban đêm cũng vui mắt phết",5,2024-04-02 22:52:48,1,True,20994346123,131085332,0,0,0,0,0,139,31
a6c845b51f6b1b66a5d3d79e39b9bbc44e13b665a272f5005c11170bf83d8745,Sản phẩm tuyệt vời shop nhiệt tình trong việc tư vẫn hỗ trợ khách hàng có cơ hội chắc chắn sẽ ủng hộ thêm những sản phẩm khác 👍👍👍,5,2023-11-21 19:43:45,0,True,20994346123,131085332,0,0,0,0,0,129,29
21d36017d4b06b5d9678f1a5c92a531e12013b4989cdf88ed02eedb1b132c905,"Tuyệt vời quá nè, tui mua đúng lúc đang sale giá cũng oke quá chừng, sản phẩm nhận về ưng gì đâu. Tặng anh ngyeu ảnh ưng quâ trời😍",5,2024-06-16 11:39:43,1,True,20994346123,131085332,0,0,0,0,0,130,29
8a81cdf9cacbe6db0b8f4c6ab245768df38b131c3c7901319bc3e4b1d7b9bc41,Âm thanh:ổn Độ bền:Nhựa bth. Dùng tạm thì đc Kết nối:dây Đánh dấu vào đây để xem phim thì thấy nó đẹp hơn nhiều so với các bạn có thể tham khảo,5,2026-06-07 17:03:44,0,True,20994346123,131085332,0,0,0,0,0,143,32
8072e863e1d064620c54899fc2d4e3b4935deaab682c63e507590f472300fb44,Chất lượng sản phẩm:tuyệt vời Shop giao hàng nhanh giá cả hợp lý. Kết nối không dây với macos nhanh. Nói chung quá ngon trong tầm giá,5,2024-01-29 11:52:41,1,True,20994346123,131085332,0,0,0,0,0,133,27
f53f828e729a3a31dc4d51ed0891726a0e1a24fd10d36e52271753ff7f9ad5b1,Hình ảnh mang tính chất minh họa thôi nha mn Bàn phím tốt dùng ổn đèn led thì hai ngày phải sạc nha êm lắm,5,2024-06-26 16:51:27,1,True,20994346123,131085332,0,0,0,1,1,106,25
09229889be085064f2c9dbb77e42bce7ddec2b08ec3e534a1f3b0d81e2976c6e,"Tính năng nổi bật:banf phism baams êm, nhỏ gọn thích nhất khoản này Chất lượng sản phẩm:ngon tiện mang đi mang lại bảo hành 777",5,2024-08-13 13:32:05,4,True,20994346123,131085332,0,0,0,0,0,127,25
4f506ad691cfaf2ae8126269ee9449d522145500b5c55b70fa1049c43f49ef85,"Âm thanh:go on, k bi loc xoc khi go, day du phu kien. Độ bền:chua biet, phai de 1 tgian su dung Kết nối:ca 3 che do ket noi deu nhanh, k bi gian doan",5,2025-12-13 15:36:11,3,True,20994346123,131085332,0,0,0,0,0,149,35
a33576d8674bf9d2e86864141122a5ce486429dc1adb336ddb3d1336bb60fa1a,"Tính năng nổi bật:. Chất lượng sản phẩm:ok Mua săn live giá 300 mấy hời quá trời, phím vừa đủ ko quá nhỏ. Đen led đẹp, ngoài sáng nó ko thấy rõ chứ vào tối mê ly. Tất cả phím đều ổn, ko bị kẹt. Có red switch cho mng thay. Ba chế độ kết nối vẫn ngon.",5,2025-09-18 13:33:59,4,True,20994346123,131085332,0,0,0,0,0,249,58
ffb6705fcd8e8e0293d8e5ca9e72de6d3a282ba9d4fca99bc9e6f496f1b95176,"Tính năng nổi bật:led rgb xịn lắm shop ạ , nhựa pbt ít chày nhé xịn nha ! 3 số cuối điện thoại 211vv",5,2023-11-23 11:01:30,3,True,20994346123,131085332,0,0,0,0,0,100,24
e6f53a98265609393f9a4c643129b738b2a3c52fdc385ff4f26ed085d450c566,Chất lượng sản phẩm:ổn 3 số cuối sđt: 822 sản phẩm dùng ổn trong tầm giá. led vùng chứ k phải rgb,5,2024-01-04 00:08:36,1,True,20994346123,131085332,0,0,0,0,0,97,22
21d735365993d59eedeb4ec82e2e83c048e48faada261794c1312b3f8745366b,"Âm thanh:âm thanh êm, không quá ồn khi gõ Độ bền:nặng, cầm khá đầm tay Kết nối:có thể kết nối dây hoặc cắm usb Âm thanh gõ phím êm, bàn phím đủ công năng,mình thích màu hồng của nó, ánh sáng rất đẹp",5,2026-04-04 21:07:57,1,True,20994346123,131085332,0,0,0,0,0,198,43
9b0614f1844d1bcbcadb5586c4cfe7e06e06df47c2a0654ce5f897735d98c5a6,"Sản phẩm rất xinh đẹp tuyệt vời, hàng đóng gói đẹp, thời gian vận chuyển hợp lý.",5,2023-11-05 11:30:30,2,True,20994346123,131085332,0,0,0,0,0,80,17
68b2e0ea1b39463c60e25b35a857a047bc6d8e8da872ec4902a50e7d5328e637,"Tính năng nổi bật:bàn phím cơ Chất lượng sản phẩm:tuyệt Unbelievable!!! Gần 400k cho cái bàn phím này, đáng từng đồng các mom ạ. Shop support nhiệt tình, sẽ ủng hộ tiếp khi có nhu cầu!",5,2025-11-30 12:22:28,3,True,20994346123,131085332,0,0,0,0,0,184,36
9e05b3aa0357955ec0fdedd7a8140f9bee9b5b3c3627011048fac38cfcf5d93b,"Kích thước bàn phím tối giản luôn á, rất nhỏ, chắc bỏ balo mang theo tiện, kt tầm 30cm Giá đã khuyến mại mình mua chưa tới 400, rất đẹp. Keycap xuyên led rõ - nét. Rất nhiều chế độ.",5,2024-11-14 19:12:18,3,True,20994346123,131085332,0,0,0,0,0,181,40
9f91437664fdf0be115083b1a2a4d0b57785bd6c43ac00ae95445d2a691805d7,Chất lượng sản phẩm:tốt Tính năng nổi bật:đúng Sản phẩm đúng với mô tả đúng với giá tiền đáng mua phím tốt + 546,5,2024-09-15 16:51:44,1,True,20994346123,131085332,0,0,0,0,0,112,24
ad8169c8b331ff165ed0c593bad4b1a49333f5bd83472361b3393a567029ed0d,"Tính năng nổi bật:gõ sướng led đẹp Với giá tôi săn đc khoảng 364k thì tôi thấy ngon và hợp lý , mong là nó dùng bền, ai tay hơi to thì sẽ thấy keyboard hơi bé và khít nhma nhìn chung rất ổn",5,2025-07-05 07:53:44,1,True,20994346123,131085332,0,0,0,0,0,189,44
753bf583eaa24783fa2f82313153b523052312a4bc01773dfd4bcfb26dd4fd6d,"Chất lượng sản phẩm:tốt Tính năng nổi bật:Red Switch, xuyên led 3 số cuối: 200 Nói chung phím cơ tầm giá 400k có 3 mod như em này là quá ổn rồi, không đòi hỏi gì thêm",5,2024-07-11 16:19:54,2,True,20994346123,131085332,0,0,0,0,0,166,37
9ad8f91782610e2e9947371b5c9a332daff8e8c809ac22460ce235bf7e203e22,Tính năng nổi bật:tieng bam kha phe Em là hs mà mua đc con bàn phím như này quá ngon 100000s cho shipper khá nhiệt tình,5,2024-12-05 19:11:53,0,True,20994346123,131085332,0,0,0,0,0,119,26
21d735365993d59eedeb4ec82e2e83c048e48faada261794c1312b3f8745366b,"Chất lượng sản phẩm:tốt Tính năng nổi bật:kết nối 3 mode Dùng đc 3 tuần rùi, cày game phà phà mà hàng vẫn ngon chán, chưa liệt phím nào :))) Con nì chất lượng ukila trong tầm giá nho, săn sale đc giá tốt thì quá ngon luôn á. Shop đóng gói cẩn thận, nhận hàng sau 5 ngày, quà tặng hơi ít hơn mong đợi nên cũng buồn xí đó",5,2024-09-18 22:19:45,2,True,20994346123,131085332,0,0,0,0,0,319,71
38d5e7dd6bf2a70e670866495d4382eb146c381b7a1387b49f5ef622af0bd13a,"Chất lượng sản phẩm:tốt sản phẩm chất lượng, săn sale nên được giá cực hời 3 số cuối sđt: 756",5,2024-11-12 11:28:25,4,True,20994346123,131085332,0,0,0,0,0,93,20
78f2d5ec447a82e46ce61fee841858c50b4b74620c805c047cbf5639ece6ebd9,"Tính năng nổi bật:onnn Gõ nghe êm, kết nối tốt, nhỏ gọn dễ dàng mang đi. Nv hỗ trợ nhiệt tình",5,2023-11-29 00:59:51,2,True,20994346123,131085332,0,0,0,0,0,93,21
024d22f6237f07345261706a5eb0ce8fb1d4b28f1a27346dd650e5ec35067afb,"Tính năng nổi bật:có nhiều chế độ led Chất lượng sản phẩm:tốt Sản phẩm khá tốt, có khoảng 24 chế độ led, có nhiều chức năng. Shop hỗ trợ đổi trả khá nhiệt tình. Nếu ngân sách dưới 500k thì nên mua em này nha mn. Lưu ý là phím em này có thể phát ra tiếng giống tiếng lò xò nhé (nên cân nhắc)",5,2025-02-12 19:28:29,1,True,20994346123,131085332,0,0,0,0,0,290,65
5783eb009e25cda4db3670b24fc2d180104e3b4392b23e68969bb78fbbf18eef,"Chất lượng sản phẩm:tốt Tính năng nổi bật:led đẹp gõ êm Bàn phím dùng tốt, shop hỗ trợ nhanh, nhiệt tình *******209",5,2024-06-16 16:36:51,1,True,20994346123,131085332,0,0,0,0,0,115,22
9001b26740c6381d190db5f7b847e699e28844eb82fb7124029cc27f47409b06,"phím êm tai, nhiều chế độ led rất tốt so với tầm giá mình rất hài lòng và sẽ ủng hộ shop tiếp",5,2024-07-08 19:33:23,3,True,20994346123,131085332,0,0,0,0,0,93,23
905a738e6c186273435031f07b9358d2321a3054f8b77d6b7e5f783adef80640,"Chất lượng sản phẩm:ok Tính năng nổi bật:ok Để nhận xét một bàn phím tốt thì mình có thể dựa vào một số tiêu chí cơ bản sau: Độ bền – Bàn phím tốt thường có tuổi thọ phím cao (từ 20 – 100 triệu lần nhấn, tùy loại cơ). Cảm giác gõ – Quan trọng nhất, gõ phải êm tay, phản hồi tốt, không bị trễ. Bàn phím cơ (mechanical) thường cho trải nghiệm gõ tốt hơn bàn phím màng (membrane). Thiết kế – Nên chắc chắn Ổn định ko hư nhanh",5,2025-08-21 21:36:57,0,True,20994346123,131085332,0,0,0,0,0,422,93
ffbba29d15f347e593988d1dbda44302be1877ec39601b06fea3e6fa2b80fb02,Chất lượng sản phẩm:khá tốt Tính năng nổi bật:kết nối với dth hoặc tab đều đc Xài đánh âm thanh nghe rất đã tay giá cx học sinh sinh viên,5,2024-06-04 16:07:42,0,True,20994346123,131085332,0,0,0,0,0,137,30
5a0ea8e0ca6f4895ea60f61c33c14b4126a57ada69a82b6349e850c23e13d9ec,"Chất lượng sản phẩm:Tot Sản phẩm ok chắc chắn, chưa được hài lòng lắm khi không biết xem lượng pin của bàn phím",5,2024-08-20 11:39:38,1,True,20994346123,131085332,0,0,0,0,0,111,23
451815d73c3093af545ecb14e3cbcc3859137e1ac13d0a5f94dff07e6d9e1e8c,"Âm thanh:êm ái, ít ồn hơn nhiều so với Blue Switch Độ bền:nhựa cứng nhưng cũng có 1 độ dẻo dai riêng để hạn chế va đập, giữ gìn thì sẽ bền Kết nối:3 chế độ kết nối (dây/Bluetooth, USB) Nói chung đây là con phím nhỏ gọn nhất, ueng ý nhất mình từng mua",5,2026-04-18 07:02:34,1,True,20994346123,131085332,0,0,0,0,0,250,55
683b12620647c16ced6f5262489f352b073742680542a58c604a7f83ee98917f,"Giao hàng siêu nhanh, chủ shop thân thiện, bàn phím đẹp, gõ rất thích, giá phải chăng, sẽ ủng hộ shop,….",5,2023-11-08 10:41:13,1,True,20994346123,131085332,0,0,0,0,0,104,21
06d8ca7facb6c4b2f67504215958ca3e64b20c2c8886d95355e794234fdddab3,Chất lượng sản phẩm:good sản phẩm hợp với giá tiền,5,2024-09-12 21:20:33,5,True,20994346123,131085332,1,0,0,0,1,50,10
3e565903770ff1f08d0e683743bdda9faf91267e718fc08e9b531e9b61f3094e,"Tính năng nổi bật:3 chế độ kết nối, led nền Chất lượng sản phẩm:bình thường Giao hàng nhanh, bàn phím nhỏ gọn, 3 chế độ kết nối (chưa sài được bluetooth), có đèn nền, phím bấm khá êm",5,2024-10-02 21:25:31,2,True,20994346123,131085332,0,0,0,0,0,182,38
13268571c5c6e872284a526e1e95e3bc6a07bb81fb732222912ff26f1c6db6eb,"Tính năng nổi bật:Ban phím cơ Chất lượng sản phẩm:Tốt Bàn phím đẹp, xinh, đèn led dịu mắt, có 3 chế độ, nhỏ gọn, gõ nghe dịu. Tuy shop giao nhầm màu, chat vs shop nhiệt tình hỗ trợ, dù sao màu lấy cũng đẹp nên ko cần đổi lại.",5,2023-12-13 18:48:32,5,True,20994346123,131085332,0,0,0,0,0,225,50
cfa9db0907cb4dc28159e17fc4e90e58652e54b9e65afbdc641c01b1bcd1fc78,"Shop đóng gói và giao hàng rất nhanh. Sản phẩm rất chất lượng, ngon so với giá tiền. Nên mua nhé mng oi.",5,2024-06-09 01:04:43,1,True,20994346123,131085332,0,0,0,0,0,104,23
d16810a325e24fd863ab69e0d0523144b47402bf0ff4ff86efe3aef1f7646a3a,"Sản phẩm có thiết kế tinh tế, chất lượng ổn định và mang lại trải nghiệm sử dụng rất hài lòng. Người dùng đánh giá cao độ bền, tính tiện lợi cũng như sự an toàn trong quá trình sử dụng. Bên cạnh đó, sản phẩm còn tạo cảm giác tin tưởng nhờ tính thẩm mỹ và hiệu quả vượt mong đợi so với chi phí bỏ ra. Đây là lựa chọn phù hợp cho nhiều đối tượng khách hàng, đáp ứng được cả nhu cầu sử dụng hàng ngày lẫn làm quà tặng.",5,2025-10-02 17:04:58,0,True,20994346123,131085332,0,0,0,0,0,415,94
8d7f0b8618e4d41adfebdd2198d49519a3d048c232a9fc53d11c7524a80822e7,"Âm thanh rất êm tai ngoài trừ phím space lạc loài. Nếu mod thì rất oke luôn nha Cầm lên rất chắc chắn, trọng lượng vừa phải Bluetooth thì ko biết sao cho bền :v Laptop có một cổng usb thì cắm chuột rồi =)))) Mình là con gái mà tìm hiểu đến bàn phím như đúng rồi 🥹 Khuyên các bạn nếu thực sự có nhu cầu thì hãy mua vì nếu đem đi học thì cũng ko thực sự tiện lắm Lần đầu mua nên không đòi hỏi quá nhiều vì sản phẩm hợp với giá tiền như này",5,2024-09-02 08:09:49,4,True,20994346123,131085332,0,0,0,0,0,437,101
4aac2f269ecc188b36c1104be4e2c489eb68e68646ee74fe9f46f15af497cbc1,"Chất lượng sản phẩm:tot Tính năng nổi bật:siêu đẹp. shop giao đúng sản phẩm, hỗ trợ siêu nhiệt tình.",5,2025-11-30 14:31:35,1,True,20994346123,131085332,0,0,0,0,0,100,19
e0652940a9ecdd353746b31c707a246ab664b781d1294b4497939387f755948e,"Chất lượng sản phẩm:tốt Siêu cưng,siêu rẻ,đóng gói cẩn thận,hộp sang dữ,10đ không có nhưng",5,2023-11-18 16:23:06,1,True,20994346123,131085332,0,0,0,0,0,90,15
32c5f9a9ab7bf51986bc859e9a81e9d728dfc28fe758833dc457074f1e28c866,Chất lượng sản phẩm:tốt Sản phẩm tốt màu đẹp giao hàng cẩn thận nên mua nha mn màu xinh,5,2025-03-28 22:17:51,2,True,20994346123,131085332,0,0,0,0,0,87,19
a2451e8af3c8ea6071dd94b79aa665be065d68c9ac3a1fdaad7d4a911fa1cebe,"Chất lượng sản phẩm:ok bàn phím ok,ngon rẻ,có đủ 3 mode kết nối.mỗi tội không phải led rgb nhưng bù lại thì có rất nhiều chế độ led đẹp",5,2024-05-31 16:25:08,1,True,20994346123,131085332,0,0,0,0,0,135,29
c4297c9f6f59dd8b9cd9ab07278a3bcf3edac18d481d31246033e46c5d98c153,"Bàn phím đẹp, cảm giác gõ ổn áp so với giá, đóng gói đẹp giao hàng nhanh. Điểm trừ nhỏ ở chỗ chuyển đổi không dây với dây hơi ngáo chút.",5,2023-11-26 11:28:23,4,True,20994346123,131085332,0,0,0,0,0,136,31
aa285735058034716c42ebc00f03801bcb611bca62eb5765640858b08454be2e,"Tính năng nổi bật:Tuy không phải led rgb nhưng, led như này là rất tốt trong tầm giá Chất lượng sản phẩm:Không cần bàn cải",5,2024-02-18 15:57:47,1,True,20994346123,131085332,0,0,0,0,0,122,25
e270b0686b10d23d4ef79bc050008a556bb909e7dc2d771a957ee1cb2a6b26e5,"Chất lượng sản phẩm:tot Tính năng nổi bật:nhỏ gọn, dễ bỏ vào balo mang đi Mọi thứ oke. Với giá này thì chất lượng quá ổn.",5,2023-12-17 16:17:26,0,True,20994346123,131085332,0,0,0,0,0,121,26
2a022a1e24119bfe7688bef9ad81d38e68986f6c2193474fbd732d5579db6d0a,"Bàn phím nhỏ gọn, âm thanh ổn, red switch nên ko bị ồn như con blue switch, keycaps là mình đã thay rồi nha. Nói chung ổn, chưa biết độ bền ra sao",5,2025-09-20 18:23:37,1,True,20994346123,131085332,0,0,0,0,0,146,33
83b66b68f1df5509ee9096540bfbca3c00309384984eaf9887cac1d652509ef0,Tính năng nổi bật:👍 Chất lượng sản phẩm:👍 mup ngon dep👍 mua di👍,5,2024-05-06 15:08:42,5,True,20994346123,131085332,0,0,0,0,0,63,13
d82ef4a91daccc8da1d65122ca62d382fb4d2f78799db6ee6de8bff778eeae71,"Khá ưng sản phẩm đèn led đẹp, tiếng goz bàn phím nghe êm tai cảm ơn shop 270",5,2024-06-08 21:59:56,5,True,20994346123,131085332,0,0,0,0,0,76,18
bd3d30238e79d95b6ac62d9c8419e319b7122dba24cd5a43ed11b678901af5b3,"Chất lượng sản phẩm:ok phết Tính năng nổi bật:đánh phím êm mượt Hình ảnh và video chỉ mang tính chất minh họa, mua dùm bạn nhưng cũng có sài ké, bắt bluetooth nhanh nha, gõ phím cũng êm tiếng nghe đã lắm, chạy bluetooth mượt thấy không delay, màu xinh chất lượng nhám nhám mượt mượt.",5,2024-09-11 19:18:37,0,True,20994346123,131085332,0,0,0,0,0,283,56
7c62445436884c7cf20a2f819001fc7c975c9c33d4916d436fa8552fbb250cc2,Tính năng nổi bật:Bàn phím dùng thích Chất lượng sản phẩm:Ok 665,5,2024-05-28 17:07:53,3,True,20994346123,131085332,0,0,0,0,0,64,12
b2106d1c169a76aad8857b0377dfb6789020a062370f978a4960e61caa9b069e,"Chất lượng sản phẩm:Tầm giá này là OK cho chất lượng Tính năng nổi bật:Giá rẻ vẫn có đủ 3 mode kết nối, bluetooth còn có tận 3 profile Đáng tiền. Con này oke cho anh em nhập môn.",5,2024-03-16 22:17:46,0,True,20994346123,131085332,0,0,0,0,0,178,39
c786655f9d09f34f4d46779c3ea6c392fa8aa8c7b3d5dceb4176ef65d3e06d03,"Tính năng nổi bật:led Hàng giao nhanh, nhận đúng ngày, chất lượng như mô tả, led nhiều mẫu",5,2024-12-02 09:49:20,3,True,20994346123,131085332,0,0,0,0,0,90,18
c7b2c46a37149cdb529dbf40cb7bdb091e476eed00b53b3c9f94820450ed2682,"Tính năng nổi bật:bàn phím cơ Shop giao hàng siêu nhanh, bàn phím gọn nhẹ Dễ đem theo di chuyển",5,2023-11-01 17:02:31,1,True,20994346123,131085332,0,0,0,0,0,95,20
366220dab112c9c02d2ad17641076d1a1d44c603ec358d1d7a47a995d897e9da,Tính năng nổi bật:Tốt Chất lượng sản phẩm:Màu cũng được Sản phẩm tốt. 312,5,2024-05-16 10:35:55,3,True,20994346123,131085332,0,0,0,0,0,73,14
08aef5625316c395cbfe1d25f75fe710559a11528861826cfb78d41e6ba9f2e8,"Tính năng nổi bật:đèn led nhiều màu Chất lượng sản phẩm:ổn trong tầm giá thấy con này sài ổn lắm mn, âm nghe ok =)) 3 số sdt cuối : 585",5,2024-08-31 16:21:47,1,True,20994346123,131085332,0,0,0,0,0,135,31
2efcc9072e847f5df92a8deb3967a34ee26f7e6d3ccfd6e3f5443a79183d7b6f,Sản phẩm rất đẹp cầm rất chắc tay mặc dù là hàg đặt trc nhưng đến rất nhanh .chắc chắn sẽ còn quay lại ủng hộ shop.shipper nhiệt tình,5,2025-10-02 11:06:32,0,True,20994346123,131085332,0,0,0,0,0,133,29
c856f53a7e8c3395a5906bd43bab50358a5b1e6d2334ad6b7395b2b8bcbf12cb,"Sản phẩm đẹp, phù hợp giá tiền, thích hợp với mọi lứa tuổi sử dụng",5,2024-08-11 16:15:53,1,True,20994346123,131085332,0,0,0,0,0,66,15
402296be09b24ce46aa05b1c4ef40dbc9d0df84023908b851cb5a248b3e84ee5,"Âm thanh:rất tai, không bị ồn Độ bền:ném chó chó chết Kết nối:3 chế độ kết nối ổn, không bị delay ở Bluetooth hàng sài rất tốt, tôi yêu shop🐺 🫶",5,2026-02-24 13:21:55,0,True,20994346123,131085332,0,0,0,0,0,143,31
131177f2e61d8ce2518148c721b79084e32ac641e89a9851d14ddc5d1a7dd603,So với giá tiền mà hàng new quá okie.nhắn shop đổi qua màu trắng mà shop quên.Thôi.. Nói chung là 3 kết nối có thay phím nóng phụ kiện tặng theo nhiều nên quá okie so voéi giá tiền bỏ ra,5,2024-01-05 14:48:27,3,True,20994346123,131085332,0,0,0,0,0,213,41
557bb24e774bb4e0cad1729b9ae165fa8bd28f167c40cbd4667e4d5644b881d6,"Đã sử dụng vài ngày, kết nối nhanh, bàn phím đánh đầm tay, đèn led đẹp 414",5,2024-05-13 10:19:30,3,True,20994346123,131085332,0,0,0,0,0,74,17
bc4d9538c4d78d7ee35983394a990db3a11f3b7febd0d614f4c116e315ff416d,"Bàn phím nhỏ gọn, dthg. Dễ kết nối, dễ sử dụng. Sẽ ủng hộ tiếp :)))",5,2025-08-25 19:13:58,3,True,20994346123,131085332,0,0,0,0,0,67,16
25b47a2a4f3658784bf7a33782f1875b7789163ec22c49640dc50ac9f27a2fb8,"Tính năng nổi bật:led Chất lượng sản phẩm:tốt hàng đẹp, rẻ mua với vc còn rẻ nữa led đẹp nhiều mod chuyển đổi; không có kèm keycap hồng như hình shop (mà cái đấy cũng chả quan trọng lắm)",5,2024-06-17 17:28:41,1,True,20994346123,131085332,0,0,0,0,0,186,39
c054ccf497142dd9ddffa054c9f8faca45f3c137b7864125557defadda9410d9,Chất lượng sản phẩm:Tốt Tính năng nổi bật:Đa cổng kết nối - Bàn phím gọn nhẹ - Có 3 cổng kết nối và tất cả đều hoạt động tốt - Có nhiều đèn hiển thị - Chất liệu bàn phím cứng cáp,5,2024-03-18 20:48:03,0,True,20994346123,131085332,0,0,0,0,0,178,42
6db662ef81523b749f5c10961779fb73b12a0221b2f255e3ffe1797260d25419,"Sản phẩm chất lượng tuyệt vời, giá cả hợp lý, đóng gói cẩn thận. Rất hài lòng và sẽ quay lại lần sau",5,2026-03-06 12:28:04,1,True,20994346123,131085332,0,0,0,0,0,100,23
e93ffa4491206648a84c0a0822e177c859b1470436c1ebb17fefbbbb09c898f9,Âm thanh:mình thích âm thanh êm ái Độ bền:bàn phím có độ bền tốt Kết nối:có thể chuyển đổi chế độ kết nối,5,2026-04-19 10:21:34,0,True,20994346123,131085332,0,0,0,0,0,105,23
01f75a69b8632221772158702e7cbd151d5eb24762fd16890c5b8c2c33901245,Shop giao nhanh Đóng gói cẩn thận Giá tốt Cảm ơn shop nhiều nha,5,2026-06-09 13:45:00,2,True,20994346123,131085332,0,0,0,0,0,63,14
260423df4e7566173e7254ccedd2933892cbc41536d8de02f570bebe8cecea89,Chất lượng sản phẩm:đẹp😇👍 Tính năng nổi bật:chế độ led đẹp,5,2025-02-21 17:39:43,1,True,20994346123,131085332,0,0,0,0,0,58,11
c7ce86a937802d8bbbaed23af1aa524e904d644abd3eca266f08d9244077a3c0,"Chất lượng sản phẩm:tốt 3 số cuối 617 Phím bấm êm, nhìn rất Okee",5,2024-04-01 15:57:23,3,True,20994346123,131085332,0,0,0,0,0,64,14
44a293dddfa56046e042004050786ec21e508e3c42698992eda6a2a3733458f7,"Tính năng nổi bật:3 mode Chất lượng sản phẩm:tốt Sau khi xài khoảng 5 ngày thì đây là cảm nhận thực tế của mình đối với phím này 1. Phím gõ êm, tương đối yên lặng, không như blueswitch 2. Đầy đủ 3 mode kết nối, kết nối dt với pc đều ngon 3. Phần stab được làm tương đối tốt, nhưng chỉ làm cho phím space, còn lại k có stab (chấp nhận dc) 4. Có đèn led rainbow, tuy không màu mè như rgb nhưng mức giá này có thể chấp nhận dc, có nhiều hiệu ứng cũng đẹp 5. Delay cực thấp, anti ghosting đã thử 16 phím và nhận hết không có hiện tượng chậm trễ (như vd có test xem có giật lag k thì mình k cảm thấy bất cứ giật lag nào khi nhấn nhanh hoặc kể cả nhiều nút cùng lúc) Kết lại với giá 430k thì đây là 1 con phím cơ đáng để mới tập chơi phím cơ trải nghiệm",5,2024-08-18 02:13:36,3,True,20994346123,131085332,0,0,0,0,0,747,170
782b72e59d40279350d6fee54da8cc0bb3ab8b5d03cadba42bb7a353c2a2822a,phím ngon ae ạ nên mua nha đang kết nối bluetooth để gõ nè giá ngonn săn sale có gần 400k,5,2023-12-16 13:03:39,2,True,20994346123,131085332,0,0,0,0,0,89,21
b364e83887abb46371a3fe27bb3e5828137306be1a1e8f8e94789b186aaaf188,Tính năng nổi bật:leg đẹp thật sự Chất lượng sản phẩm:rất tốt Thật sự chim ưng trong tầm giá và shop rất nhiệt tình trong việc hỗ trợ. 824,5,2024-03-08 12:50:27,0,True,20994346123,131085332,0,0,0,0,0,138,29
c793e37faf38449e0c163c92e5863c068f13d2258223b70a5a48bbdb252cecaa,"Đóng gói rất kỹ càng, có kèm theo hướng dẫn sử dụng. Âm bàn phím nghe phê. 3 số cuối SĐT: 155",5,2024-10-04 12:28:56,1,True,20994346123,131085332,0,0,0,0,0,93,22
b05d6a3f4430605483ca36950f19c13128b2a6a5607749bf901f4757e4178d66,"Bàn phím gõ rất ngon trong tầm giá, thích hợp mua về thử, shop rất nhiệt tình",5,2025-01-11 16:28:00,1,True,20994346123,131085332,0,0,0,0,0,77,17
e2c05d624cc6d6a69035ee1c3c0ee3c5c5f75c0ad482da9a51c16e90d0d86eab,"Chất lượng sản phẩm:khá tốt Tính năng nổi bật:590 Mình biết nhiều về bàn phím, thấy đẹp mắt nên mua thôi",5,2024-07-01 08:27:42,5,True,20994346123,131085332,0,0,0,0,0,104,21
445318d1dc8c33650e4f9817a47bf6286dc6f88da16129270548828127051fe4,"Âm thanh:êm ái , làm khá tốt Độ bền:mới về đc 1 ngày chx lmj đã bể bóng led phím A Kết nối:có cái dây và reciever 2.4 bị lỗi không chuyển qua lại được Hàng ngon chất lượng",5,2026-04-03 22:01:48,1,True,20994346123,131085332,0,0,0,0,0,171,39
105737deb15363bd784ba2c9340aa0a4e812f1193540dd2c11e3f5722382eee9,"Shop hỗ trợ rất tốt luôn, mới đầu chọn xám đen mà muốn đổi màu shop cũng hỗ trợ rất nhanh luôn hàng thì đợi có 2 ngày là tới ròi shipper thân thiện, iu shop lắm luôn sẽ ủng hộ shop tiếp",5,2024-08-07 16:43:14,1,True,20994346123,131085332,0,0,0,0,0,185,43
70be5e3a135f5d3eea5d069dd29374cecc523c9cf41510058e4d4cfb0a10dae9,"Tính năng nổi bật:Ok Chất lượng sản phẩm:tốt bàn phím dùng red switch bấm rất sướng,rất nhỏ gọn tiện lợi có thể mang đi mọi nơi rất đáng mua",5,2024-08-08 18:50:36,4,True,20994346123,131085332,0,0,0,0,0,140,29
15dcf8ed30342f94a8c551b102aadc99efe56229eda69c3d5d76a9424f298348,"Đã nhận được hàng, chất liệu tốt, giao hàng siêu nhanh, gói rất kỹ",5,2025-04-12 12:01:00,1,True,20994346123,131085332,0,0,0,0,0,66,14
766a36f05b22f478641fde3f70648ca8a478709d92a8566f3faf23fa80520d3e,Âm thanh:êm tiếng nhỏ không ồn. Kết nối:nhiều chế độ,5,2026-06-23 14:38:59,2,True,20994346123,131085332,0,0,0,0,0,52,10
bbbec726c45a6ece6656225f125b5be35a2dab8e2db0ab466d1476d352a55472,"Tính năng nổi bật:hotswap 5 pin Chất lượng sản phẩm:tốt Theo t thì ban phím này rất ngon trong tầm giá nhưng mà khi t mua bàn phím led nó rất tối,tối còn hơn bản v1 của nó nữa nên t nghĩ chắc là bị lỗi th",5,2025-07-29 12:49:42,1,True,20994346123,131085332,0,0,0,0,0,204,47
d5d3ea54305e88b09f24338b1aaf1a909f08b32f58443e4cf3123321bdbea34b,Chất lượng sản phẩm:Chất Lượng Sản Phẩm Rất Là tốt Tính năng nổi bật:âm thanh êm gõ tốt shop nhiệt tình chu đáo,5,2024-10-17 13:04:30,1,True,20994346123,131085332,0,0,0,0,0,111,23
caf7b39804455be4fca7d0cbaba7b66de679431a45962f747b814145cbf17629,Sản phẩm OK . Giao hàng nhanh chóng. Còn bền thì đợi thời gian. Led sáng đẹp Sdt : ***121,5,2024-10-25 13:17:20,3,True,20994346123,131085332,0,0,0,0,0,89,20
a42de28c28fe4b341e6e6b6ed7fc37e026dff0ec5a3bd2b8ad9cbf65c7d9f269,"- Sài ổn, đẹp, nhiều chế độ đèn - 3 số cuối ĐT: 625",5,2025-01-05 13:24:10,5,True,20994346123,131085332,0,0,0,0,0,51,14
c932f3bee07aedbb07ffcd98aeea1b512a9e3724f41edf60f969267f9c392bf4,"Âm thanh:kêu Độ bền:chưa rõ Kết nối:tốt Sản phẩm phù hợp với giá tiền. Tuy mua đợt ưu đãi nhưng giá cũng tầm 4xx. Bàn phím có ít phím hơn nhiều loại phù hợp với bàn dùng nhỏ, mang đi lại tiện. Kết nối và sạc, led bình thường ...",5,2026-02-16 23:07:33,1,True,20994346123,131085332,0,0,0,0,0,228,50
5a2c32df01855b8b0a0553ce8da6e0e2385d0627026ac9b5f9197abd72867b26,"Chất lượng sản phẩm:Ổn trong tầm giá Tính năng nổi bật:switch silent, build chắc chắn, led đẹp, âm khi gõ ko quá ồn Ok, dùng vài hôm thấy chất lượng khá ngon, layout hơi nhỏ nên cần vài hôm để làm quen nhưng dễ mang đi",5,2024-08-09 21:28:45,5,True,20994346123,131085332,0,0,0,0,0,218,46
57dca77c3b3b70480cbe3deffa9a5491de4da4a0abac8d96da825251fc9d82e3,"Âm thanh:âm thanh êm ái , gõ êm , ko to Độ bền:độ bền tốt , chắc chắn Kết nối:kết nối 3 dây đầy đủ tiện lợi đa dạng",5,2026-02-05 10:02:02,0,True,20994346123,131085332,0,0,0,0,0,115,29
792274f11d39d4dcc1453345b40b1b9be86910751312935863e86770ab0b1434,"Bàn phím gõ êm, tiếng không quá ồn. Không bị delay. Nhiều chế độ màu",5,2024-06-09 12:36:40,1,True,20994346123,131085332,0,0,0,0,0,68,15
d89bd85da265dfefedccdb54bc2ecb59f15ab6b9d27604caec67a6d817fbc291,Chất lượng sản phẩm:được Bàn phím cơ này dùng văn phòng đc nha nhưng mà chơi game như kiểu fps thì hơi trễ tí nói chúung giá rẻ ae nên mua nhaa 🥰,5,2024-06-21 20:22:06,1,True,20994346123,131085332,0,0,0,0,0,145,33
b33721da6946341d2fab26de41525c9a6b6a803e473abdc85e59487bd58f2aa8,"Chất lượng sản phẩm:ổn Shop bọc hàng cẩn thận, hộp có hơi méo 1 chút nhưng vẫn ổn. Phím lúc đầu dùng hơi đơ, bấm ko ăn. Sau 1 lúc thì hoạt động khá tốt, mỗi tội Alt + tab thì lúc đc lúc ko :v. Phím in nổi nên dùng 1 thời gian dễ bị mờ. Mới dùng nên chưa biết thế nào, tạm đánh giá 5 sao.",5,2024-05-14 10:50:12,3,True,20994346123,131085332,0,0,0,0,0,287,69
7843e235be58eb20b6f28f617590f08eae638e4aa315ae49575dd6aca83b5fb3,"Âm thanh:gõ êm tai Đèn LED:có Chất lượng:đẹp chắc lắm Mua bàn phím cho e trai chơi game, phản hồi là rất thích",5,2026-06-24 21:22:59,1,True,20994346123,131085332,0,0,0,0,0,110,23
3a4c9fc9cd840f307ae29d364d089f90660eec5660a05c755c86a55002fa9bd2,Tính năng nổi bật:Giá rẻ Chất lượng sản phẩm:Tốt So với giá thì chất lượng Ok. Ban đầu hơi khó kết nối nhưng shop hỗ trợ rất nhiệt tình. Bàn phím rất đáng để mua,5,2023-12-15 09:33:40,1,True,20994346123,131085332,0,0,0,0,0,161,35
a481e3a39d8f4e8eaa14a7afa05b95edfcd9c0921a19564d1b9222d575c31bb3,"tốt, hàng đẹp, phím nhạy, cầm chắc tay, giao đúng màu, âm thanh gõ ổn",5,2024-08-22 10:51:22,1,True,20994346123,131085332,0,0,0,0,0,69,15
082aa102ffa82f19ac0ca0082772969be2dfe9a6507317aa4f39de29e45e468b,"Tính năng nổi bật:ok Chất lượng sản phẩm:ok hàng tốt, đóng gói cẩn thận",5,2025-10-13 18:40:06,3,True,20994346123,131085332,0,0,0,0,0,71,14
53b39b69425318aef151e9c761980ea9289eabd052347730a561ef7f8f027629,"Tính năng nổi bật:Bàn phím đánh ổn Bàn phím tốt, màu đèn led sáng",5,2024-04-02 18:10:21,1,True,20994346123,131085332,0,0,0,0,0,65,14
bf7973c4e2c3ed5e90766707e8451047c11cbd872efc1a77320a1039423ff7f4,"Chất lượng sản phẩm:san pham tot Giao hàng nhanh , sản phẩm tốt trong tầm giá ,",5,2024-09-15 19:19:02,2,True,20994346123,131085332,0,0,0,0,0,79,17
246b40684c1a330d723e40329f7e929236d9466ebe57b584f8ed0e9a4c11544f,"Shop đóng gói hàng chắc chắn, giao nhanh. Sản phẩm đẹp, nhỏ gọn, dễ sử dụng.",5,2024-12-03 22:06:49,1,True,20994346123,131085332,0,0,0,0,0,76,16
d1f068cdaeab29857eebb499772b34dca394f2b8f368120968e659eb231c6e74,"Đóng gói cẩn thận, có thể thấy tâm huyết của người bán. Hộp không bị móp méo, vận chuyển rất tốt..",5,2026-01-27 16:45:05,1,True,20994346123,131085332,0,0,0,0,0,98,21
35b13d578fe1fb1dc58b352eed351f79831efed441ee10aab058044ab268021f,Chất lượng sản phẩm:Tot Kiếm đc con phím với tầm giá này là ok Mấy nút enter del cần thêm stab vào thì tốt hơn 118,5,2024-08-28 19:06:37,2,True,20994346123,131085332,0,0,0,0,0,114,26
e056dd6a51803d9b5ca5379ba3dce32e007d9785042a501c4223486c85bbb6dd,"Âm thanh:khá ổn, mà lupe lại thì êm nữa, stap chỉnh lại là ngon Độ bền:cũng cứng cáp, ko bị xiêng vẹo gì Kết nối:dùng được 3 chế độ Nhỏ gọn dùng đánh trên văn p tăng cảm giác gõ, giúp mình làm vc vui vẽ hơn",5,2026-04-20 07:56:10,0,True,20994346123,131085332,0,0,0,0,0,206,47
bb4a79dd05a6b94d127e36010b318cb52e73956d07f74354a3472c42f8ffa1d2,Sản phẩm chất lượng giá cả oke nha mình săn deal vip hơn trăm ka th nha nên mua,5,2026-06-10 21:26:00,1,True,20994346123,131085332,0,0,0,0,0,79,19
5783093a278590b77357b76b33ee5d9f911297ba3d88f97fd49ac73a99897825,Tính năng nổi bật:3 mode Phím giá rẻ mà khá chất lượng nha Đã mua một một chiếc r1 cũng ngon,5,2024-06-24 10:23:54,1,True,20994346123,131085332,0,0,0,0,0,92,21
d58354df432523ee200a7c6f3bf00f4023e2f7405357ebe4026eb9014dd24ed8,"Thực sự quá tốt cho mức giá như thế này. Hình ảnh trên là tất cả phụ kiện và sản phẩm khi mua hàng. Led đẹp ổn định, đa dạng thao tác, nhỏ gọn nặng tầm khoảng hơn nửa cân. 9/10, vì thử kết nối bluetooth vào điện thoại thì ko gõ đc phím số nhưng trên máy thì tất cả các phím đều hoạt động trơn tru ko độ trễ. Bàn phím xịn thế này, rất đáng để mua 👍🏻",5,2025-01-25 17:12:19,2,True,20994346123,131085332,0,0,0,0,0,348,81
0956a591032c21b38df1a74e29513325a2bcf0d7e42afa7bc91440782bd66c93,Sản phẩm đẹp .chất lưownng cần xem thời gian sử dụng Màu sáng đẹp đánh rất êm,5,2024-08-23 23:38:27,1,True,20994346123,131085332,0,0,0,0,0,77,17
0f526637f47261f9f1d059e08e37860a0395f19b64af73e99b2b2b5d56c2ed2c,sản phẩm có chất lượn tốt mỗi việc hơi ít led.mình có lỡ đawtn nhầm liên hệ shop đổi trả shop tư vấn rất nhiệt tình,5,2025-07-15 06:37:44,1,True,20994346123,131085332,0,0,0,0,0,115,26
f8d0297ab7aba01eb0853b0c486bda6bdd74a0fa76829caecb74e1e46ce66872,bàn phím gõ khá sướng chất lượng đẹp nhưng kh biết lâu dài thì sao 3 số cuối dt 338,5,2024-08-13 12:50:28,2,True,20994346123,131085332,0,0,0,0,0,83,20
d69ffdab807d0d5793d6dc814c6628543741c15818d8d9c2b2de49c2c53cb820,"Tính năng nổi bật:hàng tốt như quảng cáo Sđt:950 Hàng tốt ko có j để chê ở tầm giá này nx rồi , thái độ phục vụ trả lời tin nhắn nhiệt tình chúc shop mua may bán đắt nha",5,2024-08-30 12:53:53,0,True,20994346123,131085332,0,0,0,0,0,169,40
d6f0c196a551a1eba1219ab0accd7deef1186ea2381e0d1368471edc318b628b,Tính năng nổi bật:có nhìu chế độ led nèe Chất lượng sản phẩm:kh chê vào đâu được Bàn phím đẹp nhaaa rất ưng 🫰,5,2025-02-13 16:52:17,1,True,20994346123,131085332,0,0,0,0,0,109,24
97acb25cdf13813e43e0eb986479095e121a15f503d3761b80e8123e0cc16e2a,Chất lượng sản phẩm:chất lượng rất tốt Tính năng nổi bật:bàn phím không dây Sản phẩm rất tốt bàn phím giá rẻ lại có hot swap thay switch thoải mái 10 điểm ạ 👍,5,2024-03-04 13:01:50,0,True,20994346123,131085332,0,0,0,0,0,158,34
5cd9b1a270cd4c5121fdff27e2804c50a97856e081076ae981473b5947609641,"Âm thanh:gõ rất êm, giảm stress, không bị lạch cạch Độ bền:bàn phím có độ bền tốt, không trầy xước các nút bấm, không có độ delay Kết nối:3 mode kết nối ổn định, tuyệt vời và được tặng kèm dụng cụ mở phím Đây là bàn phím tốt nhất tôi từng mua và sử dụng ( hình ảnh mang tính minh hoạ )",5,2026-02-05 15:07:25,0,True,20994346123,131085332,0,0,0,0,0,285,64
a7a37d509405c1690cb575b6764ae3bf1fd6a351433a2438838d5107a258023a,"Phím cơ giá rẻ, chất lượng tốt, gõ thích, phù hợp với sinh viên muốn tìm phím cơ giá hợp lý chất lượng tốt",5,2026-05-23 15:36:20,1,True,20994346123,131085332,0,0,0,0,0,106,24
967b4f2dcce9e21c5783fdf0a4b4613807518b7bd2d61e83f4fac3e62ffba6cf,Chất lượng sản phẩm:tốt Shop ghi là có hotswap nhưng khá khó gỡ. Nhưng cảm giác phím rất ổn. Mình có lub lại xíu nên nghe âm khá trầm.,5,2024-08-26 20:04:08,1,True,20994346123,131085332,0,0,0,0,0,134,29
967b4f2dcce9e21c5783fdf0a4b4613807518b7bd2d61e83f4fac3e62ffba6cf,"Bàn phím okee so với mức giá , có hotwap âm thanh thì cũng hong quá êm đâuu nhưng mà cũng ổn",5,2023-12-03 10:35:11,1,True,20994346123,131085332,0,0,0,0,0,92,22
6519ba4814647b10a33d29dc3e1dfd63b6a9fddeeb3e5acd87a065620d03c0ae,"Tính năng nổi bật:3 chế độ kết nối Chất lượng sản phẩm:tốt Nhỏ gọn, vừa tay, tiết kiệm diện tích đến mức tối thiểu, hợp đem ra ngoài vì rất nhẹ và bền, màu xinh",5,2024-03-22 18:32:43,0,True,20994346123,131085332,0,0,0,0,0,160,35
52e0b8bd9ae25172730514944793d18ba0e849437d39b47fe77dd2f0e5c2b2fa,"Tính năng nổi bật:kết nối 3 mode Chất lượng sản phẩm:tuyệt vời Bàn phím xuyên Led đẹp mình rất thích, nhưng mà phím Del không nhạy lắm, có lúc không ăn.",5,2024-08-27 23:21:34,1,True,20994346123,131085332,0,0,0,0,0,152,31
53d6d4050579f98f782b0ed76d4548dd02f05818f071971ed666da71450c8cee,Chất lượng sản phẩm:tốt Tính năng nổi bật:sáng đèn Bàn phím gõ cũng khá bắt tai. Mọi người nên mua để trải nghiệm với mức giá này thì vậy là tạm ổn,5,2024-11-12 07:57:11,1,True,20994346123,131085332,0,0,0,0,0,147,32
00066777b7a15443bcdc4787373f7b64c926248dfca2f1beb2930fbc9a8bc6dd,"Sản phẩm chất lương trong tầm giá. Cảm giác gõ tốt, hoàn thiện ok",5,2024-02-21 07:36:11,1,True,20994346123,131085332,0,0,0,0,0,65,14
e973ad6bbe8e8d49648e969473f52971a3fef02e7759525ac6cdf4b3ea597dbe,"Tính năng nổi bật:779 Chất lượng sản phẩm:oki Sản phẩm tốt, nhưng mình thick màu xám đen hơn tiếc là k mua đc vì hết hàng",5,2024-11-04 22:19:52,2,True,20994346123,131085332,0,0,0,0,0,121,26
99639ad1a3e394479a2d829b54833207ca99cd0a5d54e36f5ddf23a059bef016,"Tính năng nổi bật:Keyboard Chất lượng sản phẩm:Tốt Giao hàng đúng hẹn, đúng sản phẩm, shop thân thiện hỗ trợ nhiệt tình",5,2025-01-04 08:24:57,5,True,20994346123,131085332,0,0,0,0,0,119,22
171bad308c53114a0a8afc6d4f08ce589280a5c38b7a8601daa4bcf666ef9d23,phím đẹp gõ ngon red sw êm nha ae led ngon với tầm giá này k đòi hỏi gì thêm,5,2023-11-14 22:40:13,1,True,20994346123,131085332,0,0,0,0,0,76,20
a458fdc97c35a0d3e1de7975beea691b9d6b8049fcc354811ef0b73457c64e6d,Chất lượng sản phẩm:rất tốt Tính năng nổi bật:kết nối nhiều thiết bị Sản phẩm cực tốt,5,2024-02-20 14:58:17,0,True,20994346123,131085332,0,0,0,0,0,85,17
dc5e001d87186723088ea509177535e69107f1cf2b5644e42404a3ccbc3a0dc1,Hàng đẹp nên mua nha mọi người với tầm giá này thì con này quá ok rồi.,5,2024-11-12 18:41:08,1,True,20994346123,131085332,0,0,0,0,0,70,17
58bcb03013279c3aceb1380b58aae7d74c091aad3cddde3a388e29fa051bd22c,"Âm thanh:Âm thanh: Mình thích âm thanh êm ái, không quá ồn khi gõ. Độ bền:Độ bền: Bàn phím có độ bền tốt và tuổi thọ phím cao. Kết nối:Kết nối: 3 Chế độ kết nối rất tiện lợi, dùng được cả Mac và Win.",5,2026-01-06 20:14:26,1,True,20994346123,131085332,0,0,0,0,0,199,45
085a9be5c40e80ada5cde8dc93528c57475450434582aff9490b4fe2e739b484,"Bàn phím nhỏ gọn , rất đẹp mà giá tốt . Mn muốn chuyển sang xài 2.4g thì bấm Fn + Y , có dây là Fn + Q , Bluetooth là Fn + X",5,2024-06-05 08:02:51,3,True,20994346123,131085332,0,0,0,0,0,124,35
11fe2c6e4f6cfa8b6ad5d86f1156ea13e736098de1d223890f8137c58acd6f6a,"Tính năng nổi bật:Giá thành rẻ Chất lượng sản phẩm:Về test tạm ok Sản phẩm giá rẻ, thấy phần tặng gỡ keycap không giống qcao lắm. Chất lượng sản phẩm xài lâu dài mới biết bền hay không được.",5,2024-02-03 16:51:16,2,True,20994346123,131085332,0,0,0,0,0,190,39
5ef3131362ac8f02a1659484c05901a088407cb719aff9df977550b0f10a7e0c,"Bàn phím đẹp, ngon trong tầm giá rẻ nhất trong phím cơ không dây, màu nhìn nhẹ nhàng, mỗi tội sw tháo ra hơi khó phải dùng lực nhiều nhưng nhìn chung hài lòng",5,2025-08-14 13:47:42,1,True,20994346123,131085332,0,0,0,0,0,158,34
4242d8e3c9e680a797f8110e9c6878ea5c1e73166999d043d33958194ef5f7d1,"Chất lượng sản phẩm:good Tính năng nổi bật:nhạy Hàng chất lượng nha ae,mình đánh giá 5 sao và tiếp tục ủng hộbh hjh uf lkn cs vgg njg hfg gdgb",5,2024-07-02 07:56:52,0,True,20994346123,131085332,0,0,0,0,0,142,30
3628cd8bf437bd44bb27bc93bc01ad3dd1eadf7141a4fd5a77a56860f997bd1a,"Bàn phím chất lượng tốt, gõ mượt, êm, nhiều chế độ kết nối, rất tiện lợi",5,2025-09-20 20:27:39,1,True,20994346123,131085332,0,0,0,0,0,72,16
22a52b69aceae7bcc63ae9730243cd54ee8ff0ef75096728a2302ecda56a3b21,"Hàng sản phẩm đúng mẫu mã, nhau quảng cáo, shop tư vấn nhiệt tình,",5,2023-12-07 22:17:13,1,True,20994346123,131085332,0,0,0,0,0,66,14
913122b280aaa90f1f5c83df4579fe255cbc413b9b5b6fd9ca1d881e758ca03c,"Sản phẩm tốt, đẹp. Gõ êm tay, Giao hàng nhanh và đóng gói cẩn thận",5,2024-12-17 13:31:56,1,True,20994346123,131085332,0,0,0,0,0,66,15
81dae54c189447b1cd6eeb0e3d31af430e65e74d11220094bae42f09d3f688a0,Âm thanh:nhẹ nhàng Độ bền:tốt Kết nối:1 mode Sản phẩm chất lượng cao và shop đóng gói tốt,5,2026-06-16 19:05:05,0,True,20994346123,131085332,0,0,0,0,0,89,18
bc990cdf4e6ec39d09e8353dcc9e3aa70e0efceeb10866015b2bad2ed9fc1752,Âm thanh:Khá tốt Độ bền:Chưa biết Kết nối:Dễ nha Nên mua mn ạ,5,2026-06-19 14:20:59,0,True,20994346123,131085332,0,0,0,0,0,61,13
c72a54640181b1fbbd82fc71369c2f43fcb0224bb5ebd2600786f84f4861b79a,Chất lượng sản phẩm:bình thường -Sản phẩm quảng cáo 3 mode nhưng lại chỉ có 1 mode phải kết nối dây. Lấy hàng về thấy nút nguồn đằng sau bị gãy. -Muốn đổi trả và mk chịu thêm phí để lấy sản phẩm khác thì tư vấn cho sản phẩm giá cao để không phải đổi trả. - Sản phẩm dùng ok vs giá tiền nhưng ko hài lòng với cách bán hàng kiểu vậy.,1,2024-11-20 22:14:52,3,True,20994346123,131085332,0,0,0,0,0,331,75
f7264e48dc0dd1fe612395811aee5e5ad64121f9b5dbc152a0143180cfbd9a7b,Giao hàng nhanh đóng gói cẩn thận chu đáo bàn phím đẹp nhỏ gọn,5,2025-04-20 12:48:10,1,True,20994346123,131085332,0,0,0,0,0,62,14
92f44ae7dd988fcc27fba5bbda39f585fc8393c07884c5bf4589858bda4658f9,"Gõ êm, dùng tốt, pin xài lâu hơn 1 tuần chưa hết pin",5,2024-10-08 14:21:36,1,True,20994346123,131085332,0,0,0,0,0,52,13
10a0d1b66d2707ecc4c561d515fb55e6381134ff63a0ffa850cd5e557b4fa20f,"Đồ giao nhanh, xinh xắn. Hàng quốc tế mà xinh xỉu. Sẽ ủng hộ shop nhiều lần nữa nhé",5,2024-09-01 11:14:08,1,True,20994346123,131085332,0,0,0,0,0,83,19
1bbf5e9f5557a311d3edf0303929628ed49d428ea196d1bfe7cd411ece725f7b,"Âm thanh:switch silent êm, nghe không ồn Độ bền:keycap vẫn còn chút bavia mặt dưới Kết nối:kết nối thoải mái",5,2026-05-03 12:06:35,0,True,20994346123,131085332,0,0,0,0,0,108,20
2b91b63a29fdce07d8a015ffa3f4b9b4b6d12af1b2ab00c49614567a64ccb174,"Đúng mẫu mã , tất cả phím đều nhận, kết nối k dây k cảm thấy delay, combo tốt. Nhỏ gọn đầm tay. Oke ngon. K biết dùng dc bao lâu",5,2024-08-11 20:17:46,1,True,20994346123,131085332,0,0,0,0,0,128,31
948ad391127d01aac8da440a6b6abcd9af53b2b9a762d2c8247d0306fd583d58,"3 số cuối: 013. giao nhanh hàng chuẩn hàng đúng như trên ảnh, ty shop :3",5,2024-01-11 21:52:54,1,True,20994346123,131085332,0,0,0,0,0,72,16
3d34a18358e21ddbaa5c6efe278f74f2f446f99d1673f297f368cba24f627a1a,"Ok lắm ạ. Sp tốt, giao hàng nhanh, đóng gói cẩn thận nữa. Lần sau sẽ ủng hộ shop ạ. Bé nhà e rất thích. Hình ảnh mang tính chất minh hoạ",5,2025-11-09 18:13:16,0,True,20994346123,131085332,0,0,0,1,1,136,32
3cb019fe8e7d1cbf32ba553518db385741ff000895e67ae7fe9dd5606c187493,Bàn phím rất đẹp Xài êm và giao hàng nhanh Sẽ ủng hộ thêm Mua tặng bạn,5,2024-03-30 07:53:42,1,True,20994346123,131085332,0,0,0,0,0,70,17
d2e761968e2db3345eaa1a831a369b5d59ab84ad6ceaedd2dccb349e1e950c3f,Sản phẩm tốt trong giá tiền giao hàng nhanh nỏ gọn dễ dùng dễ lắp đặt,5,2024-11-03 04:39:32,1,True,20994346123,131085332,0,0,0,0,0,69,16
7ee7e55915e283f93cb070ccd1d928184ac610b64dceb2cfc80615d38cae5070,Tính năng nổi bật:tốt Chất lượng sản phẩm:tốt Hàng khá oke có cái giao sai mẫu nhựg cũng OK SdT 038,5,2024-06-09 17:54:58,0,True,20994346123,131085332,0,0,0,0,0,99,21
5501fe06345048a4ea836010adc6adf7ac493ac3280c441584c9c0c4d026c537,"Âm thanh:ok Độ bền:ok Kết nối:ok Giao hàng nhanh chóng , đóng gói kĩ càng , hàng chất lượng , giá cả hợp lý",5,2026-06-08 11:14:08,0,True,20994346123,131085332,0,0,0,0,0,107,24
8bdd3742299bc6ddf4e3f13dd634edfa02711f5ed44f567ecef4539110b072ff,"10 điểm, xinh iu, giao nhanh, hỗ trợ tốt🤤 kh biết chê gì hết",5,2026-02-09 10:25:06,1,True,20994346123,131085332,0,0,0,0,0,60,14
4115b34af32bd9302ee2785852a24d26c9ea4ada95344f613e273265a940d442,"Chất lượng sản phẩm:y như hình ảnh và vid mẫu Phím nghe êm tai,led đẹp,shop thân thiện 🫶",5,2025-08-07 22:11:28,1,True,20994346123,131085332,0,0,0,0,0,88,18
b4bbb395bf24663b16012b48e80fd59a2c5652a978516f052fa8d067bb7ba9dd,"Mọi người nên cẩn thận, đọc thật kỹ các mô tả và mã hàng tương ứng với từng loại hàng nhé. Không phải tất cả các mã hàng đều kết nối không dây đâu. Trong shot Bàn phím cơ không dây nhưng đăng bán cả loại phải kết nối bằng dây. Cảm giác bực mình khi nhận hàng, giống như bị lừa đảo vậy.",1,2026-04-28 20:30:17,0,True,20994346123,131085332,0,0,0,0,0,285,64
2efcc9072e847f5df92a8deb3967a34ee26f7e6d3ccfd6e3f5443a79183d7b6f,Shop nhiệt tình chăm sóc khách hàng siêu tốt hỏi câu nào rep liền câu đấy. Dễ thương ^_^,5,2024-10-20 22:24:23,0,True,20994346123,131085332,0,0,0,0,0,88,19
9bb2b43c4abcc68d2acbbb5eac426f473264bc62e06d1fc21c95e6a3a37144df,Chất lượng sản phẩm:ổn so với giá Tưởng có tí màu cam đỏ nhấn nhá nhưng ko có! Hơi buồn!!!,5,2024-08-06 12:40:11,1,True,20994346123,131085332,0,0,0,0,0,90,20
58336e08cec9461cf7d4284cd226169e5a235582b283c1af90587696dfb889a8,"Sản phẩm giao đủ như mô tả, chất lượng đang test ạ",5,2024-06-27 19:23:55,5,True,20994346123,131085332,0,0,0,0,0,50,12
66c75b1faf29e174df5ad65e0965e8b20d65999d7e6e9618a4751336cbc6be60,Tính năng nổi bật:kết nối nhanh Chất lượng sản phẩm:10/10 Có video mà bên shopee chỉ cho đăng 60m thôi nên ko đưa lên đc nói chung nên mua,5,2025-12-22 08:20:00,1,True,20994346123,131085332,0,0,0,0,0,138,29
2312d49df9fec3f6ac4deac342c1da8f1302bfd67a422a437809b50f2ed01fa8,"Tính năng nổi bật:em Chất lượng sản phẩm:phu hơph với giá Rẻ nha, giao khoảng 3 ngày tới, giá hơp lí, bấm mượt nha",5,2025-08-19 00:13:36,1,True,20994346123,131085332,0,0,0,0,0,114,24
b0fed2f8b197efed957c2af2fbb5f7bd53b7867530d4689c59f9c0378f35f6b2,"Bàn phím đẹp, bấm êm tay, ít ồn, led đẹp. Dùng ổn áp nha.",5,2025-12-05 21:56:11,1,True,20994346123,131085332,0,0,0,0,0,57,14
c7c29d3f09d7232c2da824e9c025e2e0985627ad6847b3d9ee001cd98978a576,"Hàng đẹp led sáng, coi livestream săn sale nữa thì em này quá hời trong tầm giá ròi 😘",5,2024-08-19 17:57:21,1,True,20994346123,131085332,0,0,0,0,0,85,19
0812ac5f436f887530f4905c8a2e13150453747e542cccec9d5a295f54e8b530,Chất lượng sản phẩm:ok Led 7 màu nhé chứ k có rgb gì ở đây cả :v,3,2023-11-09 12:12:00,1,True,20994346123,131085332,0,0,0,0,0,64,17
c39e9da7e7793f07f5a0ebd83d4865adc8948d94a4ce77a71cf2a0a3f1b8163d,"Tính năng nổi bật:nhạy Chất lượng sản phẩm:tốt Thanh tab hơi lọc xọc, nên mode lại",4,2024-06-28 12:55:40,4,True,20994346123,131085332,0,0,0,0,0,82,16
a0809a172dab3032395a55c6e80919132fe4d7e3f44a9cf51700b34e0ac877fb,"Âm thanh:trầm ấm Độ bền:cao Kết nối:dễ dàng Đẹp, nhỏ gọn, dễ sữ dụng",5,2026-02-07 16:24:18,0,True,20994346123,131085332,0,0,0,0,0,68,14
89d75cb759919341a30d56082fe73dee0dcc7da8272ed0cda2cd358a48fd0325,Tính năng nổi bật:đẹp Tốt rất đẹp và chất lượng hay và rất sách dỏ việt năm hay lắm,5,2026-01-02 13:05:18,1,True,20994346123,131085332,0,0,0,0,0,83,19
9cf2234a3fe92881c3cd3144f992466ddda03ad988f16a6041b44238794b3de9,"Giao hàng nhanh, đóng gói hàng cẩn thận Lần thứ 2 mua của shop vì dùng thích Sđt bảo hành: 219",5,2024-02-04 23:04:09,1,True,20994346123,131085332,0,0,0,0,0,94,21
205d9a92d1e18570a0bc3a34f0610d9101b3809a138f2ac81c46fe9f48dbd8e8,"Mua để tặng sinh nhật nhắn sốp giao nhanh, sốp hỗ trợ nhiệt tình, bàn phím xài tốt",5,2025-03-03 12:56:23,0,True,20994346123,131085332,0,0,0,0,0,82,18
711af9cd06b3e1666fc6bdc054700917d9948bcf284b71867dd57b9b1f29a864,"Chất lượng sản phẩm:tốt, cổng USB hơi đơ ""Sản phẩm giống y hình, chất liệu rất đẹp và bền hơn mình nghĩ. Shop đóng gói cẩn thận, giao hàng siêu nhanh (chỉ 2 ngày là nhận được). Mình đã thử dùng/mặc và thấy rất ưng ý. 5 sao cho shop, chắc chắn sẽ mua tiếp!""",5,2025-12-29 08:06:40,0,True,20994346123,131085332,0,0,0,0,0,256,55
81ca939f6055a8758b292b0dc6f125dcc66cc6da00b70eaa00ab6ad243baf0e1,"Chất lượng sản phẩm:tốt không biết sao đèn bàn phim bật k được mới mua được 1 tuần thôi á shop ơi, chất lượng hơi tệ thiệt, mong shop liên hệ để xử lí cách đèn bị hư như này nha",2,2025-11-04 10:38:58,1,True,20994346123,131085332,0,0,0,0,0,177,41
cf11ff3f7de11d1a1d4a0cfd0c19b98394aa6c4a828423082826ebc81cb03369,"Tính năng nổi bật:êm Chất lượng sản phẩm:tốt Swich của con này tiếng cũng đc, nhiều kiểu led vcl,đáng mua trong tầm giá đấy",5,2024-08-01 22:36:38,1,True,20994346123,131085332,0,0,0,0,0,123,24
d58998a6509d744f20f6845cfc3baa8785114d8e4bd0cc476df1e906fdcce946,Đẹp phím gõ ngon shop tư vấn nhiệt tình.3mode rẻ nhất ời .....,5,2025-09-04 21:53:15,1,True,20994346123,131085332,0,0,0,0,0,62,13
4217efafa73b83a7f4ff107a6bb296982fd7a728346a27ce9c43476fb06dfc87,Chất lượng sản phẩm:ok Bàn phím ổn trong tầm giá led liếc ổn áp mình xài qua aulaf75 và con này thấy ok hợp cho dành người mới xài bàn phím cơ thì nên mua bản pro luôn dễ kết nối,5,2025-09-19 10:14:19,1,True,20994346123,131085332,0,0,0,0,0,178,41
009a6b1d99f9522ad6fae4b402a898d81805b5c18b61a76aed6cdb226652c575,"Xinh xỉu này, tiếng hay không quá to, có cái kẹp và dễ dùng tặng dây sạc",5,2024-08-10 12:34:09,1,True,20994346123,131085332,0,0,0,0,0,72,17
15fdedeac92574cf52f5b5efab220395105c96d05c48bb49d2b6551125c9c829,Giao hàng nhanh. Shop giao nhầm mẫu. Mua màu trắng xanh mà shop giao màu đen xám. Thất vọng,1,2024-08-16 19:22:43,1,True,20994346123,131085332,0,0,0,0,0,91,19
9381e2e9518aa21de8f1ee8b6f1fa02a519d850f30c34def937efc7c39cf0472,"Âm thanh:êm ái, không quá ồn Độ bền:gõ êm Kết nối:3 chế độ kết nối tiện lợi",5,2026-03-22 22:04:55,0,True,20994346123,131085332,0,0,0,0,0,75,17
6e81cecf3bbf6da2f7fc33ff7e3148b0d06430b846315fcf8b01fd6a337efc0a,Tính năng nổi bật:led sáng Đã nhận được hàng kết nối ok sài văn phòng nên ko cần tính năng nhiều hình ảnh nhận xu,5,2024-11-18 17:27:02,0,True,20994346123,131085332,0,0,0,1,1,113,25
e93ffa4491206648a84c0a0822e177c859b1470436c1ebb17fefbbbb09c898f9,"bàn phím đẹp, gõ rất êm và nhạy, có nhiều chế độ led để sử dụng theo sở thích",5,2026-02-28 15:06:44,1,True,20994346123,131085332,0,0,0,0,0,77,19
fd9263a17950350747f8796c668a3c56c0453bc958188c4ff5cdffb1ab2b0940,"Tính năng nổi bật:tốt Hàng đóng gói cẩn thận, giao hàng nhanh, quá tốt trong mức giá",5,2023-11-10 11:30:13,1,True,20994346123,131085332,0,0,0,0,0,84,17
105da5eae53d3104821d7cbcfba173f0d80a2469a75a5685994c5a98caab049c,Âm thanh:âm thanh nghe đã tai Độ bền:độ bền oke Kết nối:kết nối lỗi 2.4G Kết nối lỗi 2.4G xài tạm bluetooth và dây đỡ,5,2026-02-03 23:09:12,1,True,20994346123,131085332,0,0,0,0,0,117,25
21e274fbe817ceb5bf94772fface90c37e5f0e3393c3e3ae9d486cc1735a7f77,Chất lượng sản phẩm:5 sao không nói nhiều Tính năng nổi bật:đẹp ác Quá xịn đáng mua cực kì,5,2025-11-14 12:56:08,1,True,20994346123,131085332,0,0,0,0,0,90,19
e8d4138ab1fc7ee85177a4f4e985ef9bdee64ab33f8ecec60ce7621f68a79e31,Sản phẩm rất ngon gõ rất sướng mà shop lại hỗ trợ nhiệt tình nữa nên 5 sao ko có nhưng,5,2025-01-26 18:39:23,0,True,20994346123,131085332,0,0,0,0,0,86,21
9d0e365d6bed9468abb02b1f9092a61187fdf53aa4fd63a22c332f9e335dd87c,Chất lượng sản phẩm:gõ nghe ngoll Tính năng nổi bật:led sáng Mé mua chỉ để đc trải nghiệm chế độ led mà cái bàn phím này ít chế độ led quá chán vlll kết nối với dây ko đc luôn nha ko như quảng cáo mấy đu,2,2025-08-13 12:21:07,1,True,20994346123,131085332,0,0,0,0,0,203,47
3ecbe0a27f4959057f5d1cf85c426dbb7a924e690ac5b63813db741ec0a576bf,"Âm thanh:Êm,ko nghe tiếng lò xo Độ bền:chx dùng tới Kết nối:3 mode như qc Khá ngon trong tầm giá",5,2026-03-17 23:12:15,0,True,20994346123,131085332,0,0,0,0,0,96,20
948d3a7d7f3231ecfb984c7c4ff5e7c06716c24582fd0c7e10cdbdb98bf84034,sản ohaamr tốt giao hàng nhanh đóng gói cẩn thận sẽ tiếp tục ủng hộ shop nua ạ,5,2024-08-15 00:45:56,1,True,20994346123,131085332,0,0,0,0,0,78,18
6b3128712da4d3a0ede238ddd93f611fea3c35f2b0cf90f502c8a99d6298c61e,"Bàn phím rất nhạy nha mọi người, dùng rất sướng ạ, nên mua nhaa",5,2024-03-07 21:50:40,1,True,20994346123,131085332,0,0,0,0,0,63,14
e8d106d68b14166cd7c1a0e0e7b63f7507566fe499832a382a33df3e58132238,"Sản phẩm ngon trong tầm giá,shop hỗ trợ nhiệt tình.nên mua",5,2024-08-25 19:26:31,0,True,20994346123,131085332,0,0,0,0,0,58,11
b65224cf766608f387c5ca5e4f90029ec551b55b346942c6297e370314960480,Tính năng nổi bật:ok Chất lượng sản phẩm:bình thường Không kèm keycap như hình quảng cáo cũng không cập nhật lại để khách hàng lầm tưởng có keycap tặng kèm,3,2024-05-28 09:02:02,1,True,20994346123,131085332,0,0,0,0,0,155,30
e51a1a975b053ad40fa8ba0b33ae2f5e1420831d4897049242c50d363ad1be8d,"Âm thanh:tạm được Độ bền:ổn Kết nối:tốt Tầm giá 400k thì phím này là lựa chọn tốt đối với mình, mua về trải nghiệm thôi chứ cảm giác bấm vẫn chưa êm",5,2026-02-27 12:20:28,2,True,20994346123,131085332,0,0,0,0,0,148,32
81ca939f6055a8758b292b0dc6f125dcc66cc6da00b70eaa00ab6ad243baf0e1,Tính năng nổi bật:led nhiều màu Chất lượng sản phẩm:ổn 504,5,2024-10-16 17:12:55,0,True,20994346123,131085332,0,0,0,0,0,58,11
c47724267e4cc329373d3e3421c6353a6d830dc86ad38fab79cf8d2bf0dc6f11,Hàng quá ok trong tầm giá mỗi tội bóc ra có vệt đen đen ko biết do vận chuyển hay do đóng hàng,5,2025-02-06 17:54:14,2,True,20994346123,131085332,0,0,0,0,0,94,23
361b0e38ad6ed6b3a2da2c253da31fa1432ed5e94da86e79e6733e23be6325bb,bàn phím đẹp hoàn thiện gần tốt tầm giá ổn hơi lọc xọc mà clicky phím cách ko đáng kể ổn,5,2024-07-19 13:39:20,1,True,20994346123,131085332,0,0,0,0,0,88,21
baba961f8f50013814b766109ff035ca5b2b1ec46f97ee97f19791dc45fb89c5,Âm thanh:eem Độ bền:tot Kết nối:3 mode Shop cẩn thận gói cái thùng siêu to nên phím bên trong còn nguyên vẹn,5,2026-04-18 15:26:32,0,True,20994346123,131085332,0,0,0,0,0,108,22
f51d8ddccf7625e7e6a42505be18623a96b54094772d3e769eb76ebf8721431a,"Chất lượng sản phẩm:good Tính năng nổi bật:đèn led đẹp,mượt,tiếng vui tai,nhỏ gọn Shop rất tận tâm và uy tín,hàng chất lượng",5,2024-09-04 15:02:45,0,True,20994346123,131085332,0,0,0,0,0,124,22
7c54edfd178514972740c20e459e930ac4cf702fec31745fd9a61eec01ba6597,"bàn phím đẹp, nhẹ nhàng kết nói nhanh nói chung dùng ok, switch ko cạch cạch",5,2026-01-06 10:29:45,1,True,20994346123,131085332,0,0,0,0,0,76,16
4ee084f4782abdd81a84f0a128b00c7180dcd506735a99cb2ac01ce5229d681f,"Bàn phím ngon bổ rẻ,đóng gói cẩn thận, gửi hàng nhanh",5,2024-05-25 17:08:10,0,True,20994346123,131085332,0,0,0,0,0,53,11
11e8a209dc26f016ea680b237d10d4b1337a7ec1917f64cf043a53c52a3676f2,"Sản phẩm tốt , phím gõ mượt , light nhiều mode tuy rgb nhưng rất đẹp",5,2023-11-01 13:02:03,0,True,20994346123,131085332,0,0,0,0,0,68,16
4e1c642e0d7627a6a3934470ef0eb12152a42fbc36627d41c8ccff2e3ea5141e,Chất lượng sản phẩm:tốt Tính năng nổi bật:Ngon SĐT 0******095 để kích hoạt bảo hành,5,2025-10-04 18:08:56,1,True,20994346123,131085332,0,0,0,0,0,83,15
77caa2ff2e5f488845cffba10aed3e7d12cd29bf98364b1e769372999ebf14a3,Tính năng nổi bật:Hàng chuẩn. Đúng như mô tả. Đóng gói cẩn thận. Shipper giao nhanh.,5,2025-07-28 04:08:01,1,True,20994346123,131085332,0,0,0,0,0,84,16
b98cc4fd9c0bf0a47ddf9eaf87375217b60b18ebef827bd7c0149a0c726d343d,Tính năng nổi bật:Tot Chất lượng sản phẩm:tuyệt vời Nhắc mọi người nhớ đây là sp ko có led RGB nhé chỉ có led 1 màu,3,2024-03-18 20:51:01,0,True,20994346123,131085332,0,0,0,0,0,115,26
8ef5d15061328a22fd182e4825144c2cc8e85490f1ebde3e81d30d59460fc4bb,Bàn phím tuyệt vời lắm mọi ngươi rcm mọi nguoi nên mua nhaaaaaaaa,5,2024-09-13 16:43:39,1,True,20994346123,131085332,0,0,0,0,0,65,13
ee8d7da58bb99dfd1ff7e1275ead34859b1b465beda02bb58bff948e0f2a0f20,Sp đẹp chất lượng shop đóng gói đảm chất lượng mẫu mã giống hình,5,2024-12-27 17:29:15,1,True,20994346123,131085332,0,0,0,0,0,64,14
0a679a3b0337a9d48249f23213a2c745d1e32027904256b0055b722db38c67cc,"sp ok, hỗ trợ và chăm sóc khách hàng tốt. 3 số cuối sdt: 166",5,2024-12-01 16:14:33,0,True,20994346123,131085332,0,0,0,0,0,60,15
02d273af5d341e184eb7ff245908ebb9eabad65cae8c2fe03f2012f4c1267047,Sản phẩm ngon tầm giá bố cục khá sát nhưng bạn dùng phím bố cục xa nên cân nhắc còn đối với những bạn quen bố cục sát như vậy thì bàn phím này quá ngon,5,2024-10-27 07:07:05,0,True,20994346123,131085332,0,0,0,0,0,151,36
121b041bbb45651490d9750cc6508c421e7ad50f18e61d6040f698c3ac3cc3b8,Áp mã nên được giá rẻ. Shop đóng gói cẩn thận và giao hàng nhanhh,5,2026-06-08 19:48:01,1,True,20994346123,131085332,0,0,0,0,0,65,15
20b396902aa2a2f411fd9f5cf0ce1c7e25754940602bf6af30ace91f4f7d4bb2,"Đẹp, xịn có kèm dây cáp, có 3 cổng kết nối, phím gõ êm",5,2025-10-17 11:48:19,3,True,20994346123,131085332,0,0,0,0,0,54,14
6e81cecf3bbf6da2f7fc33ff7e3148b0d06430b846315fcf8b01fd6a337efc0a,Đã nhận dc hàng đúng mô tả mới lắp vô sài bàn phím nhỏ gọn hơn nhiều,5,2024-07-05 15:14:09,1,True,20994346123,131085332,0,0,0,0,0,68,17
bff771ee4524c6cd3bd5ba6c43ad9ec12cd9ee5ebbc85cedf66af58426e023fb,"Âm thanh:êm,hay Độ bền:cứng cáp ,bền lâu Kết nối:rất là tiện chuyển đổi nhanh Quá ôk",5,2026-05-03 08:31:14,0,True,20994346123,131085332,0,0,0,0,0,84,16
e700a8d64d47bae37384e723aef33257067c7646879553d6a2e720c70053b1cc,"Sản phẩm tốt, xinh xắn đyyy chắc phải mua thêm cái nữa cho bạn, giao hàng nhanh gói hàng cẩn thậnn",5,2026-05-16 20:16:47,0,True,20994346123,131085332,0,0,0,0,0,98,21
e93ffa4491206648a84c0a0822e177c859b1470436c1ebb17fefbbbb09c898f9,Âm thanh:xịn Độ bền:mới mua Kết nối:3 mode siu cấp vip pro,5,2026-05-17 13:38:10,0,True,20994346123,131085332,0,0,0,0,0,58,12
8f4ee4a584330e192e7709b16988a166f1b0d525430267b0c0fd4fe08766e2c6,Chất lượng sản phẩm đẹp. 780,5,2024-09-03 17:21:55,4,True,20994346123,131085332,1,0,0,0,1,28,6
9e72037cf641fabaa423a9b308f68d3b84dc603ebdfb2da5880e826c9ba6d728,"610 Khá đầm, tiếng ổn, led sáng",5,2025-01-05 18:39:04,5,True,20994346123,131085332,1,0,0,0,1,31,7
e64d7cd11df5ecc4e42796791934f7a6feae08602c9a513c4425d78de8f1d8b4,Âm thanh:Nghe êm tai Độ bền:Ổn nha Kết nối:3 Mode,5,2026-04-02 19:48:47,0,True,20994346123,131085332,0,0,0,0,0,49,10
ae9516c516df3a395ce40d9438b7c4f57047228972a60431b0f60228d0fa161f,10 điểm ship hoả tốc ẻn ẻn cái có bàn phím để học luôn ạ yêu shop nhiều,5,2024-08-09 11:30:23,1,True,20994346123,131085332,0,0,0,0,0,71,18
e0652940a9ecdd353746b31c707a246ab664b781d1294b4497939387f755948e,Tính năng nổi bật:go phim Chất lượng sản phẩm:tot Hanfg chất lượng có giấy hướng dẫn kĩ lưỡng phím bấm tốt cực hình ảnh minh hoạ ạ,5,2024-03-13 13:06:03,0,True,20994346123,131085332,0,0,0,0,0,130,27
5e76377de564142beaf4f9d01f0861422cf6f210ac9ca109e27d13c7c5588edd,"Chất lượng sản phẩm:chất lượng tốt hơn nhiều so với giá phím nhiều chế độ led, không bị kẹt phím, có hỗ trợ bluetooth nên không bị vướng víu",5,2025-07-02 19:20:38,0,True,20994346123,131085332,0,0,0,0,0,140,29
685cd949cab3755426b8dc15e9d0cb6aa055a8bb68445d63a9a313fe62e2081b,"Chất lượng sản phẩm:ok 400k thì k có đòi hỏi cao gì, âm nghe khá ổn",5,2025-11-01 09:40:38,1,True,20994346123,131085332,0,0,0,0,0,67,16
b2e22c83fadf80a4290b7e3606fa4edd6050da7fdb92ee5b8d64c0261ffc5129,"Rất là xinh luôn. Chỉ là mình gõ thử lúc kết nối không dây thì bị hơi giật. Cắm dây thì mượt. Tiếng êm không bị ồn, gõ khá là đầm tay, không có lẫy nâng bàn phím ở mặt sau là một điểm trừ nhỏ. Còn lại thì ổn trong phân khúc giá",5,2026-04-03 22:21:40,1,True,20994346123,131085332,0,0,0,0,0,227,54
99c345f31be23192a2500b519d38ad294756435fc284a90c5e92149784e12733,Chất lượng sản phẩm:hang xin a dung mau hàng xịn mọi ng nên mua,5,2024-01-14 12:18:56,1,True,20994346123,131085332,0,0,0,0,0,63,14
7d556970ed7ac5bfc631f8e1bc69bde5d91b75f1cbcf2e6c7e39e722cdebbf4c,Shop chuẩn bị hàng và giao hàng nhanh lắm ạ Em mua cho bạn nên ko có ảnh mong shop thông cảm ạaaa,5,2026-06-15 12:12:17,0,True,20994346123,131085332,0,0,0,0,0,97,23
539b9c650a33285feb10fbff7928abb6a3bf7511939de03fd32d7db059fd8e0d,"Phím dùng quá êm , shop tư vấn nhiệt tình 5s nhé",5,2024-07-06 12:43:34,0,True,20994346123,131085332,0,0,0,0,0,48,12
e2a68ba5bf47065ac743c68fbf248ab7de70826564da01bb0f0e2e2d709eacd1,Chất lượng sản phẩm:ngol Tính năng nổi bật:được 342,5,2024-08-26 22:39:19,0,True,20994346123,131085332,1,0,0,0,1,51,9
b60070454dff66c219d93a17f1a9087c28461485d5d10d80179e23c97b4141d6,Chất lượng sản phẩm:Meeee Tính năng nổi bật:3 mode kết nối 173 Bàn phím rất oce nha🥰,5,2024-08-31 23:55:24,1,True,20994346123,131085332,0,0,0,0,0,84,17
21d942876bc1330a19f4fb0988661bfc59feccf128c235e4553ca7572edea35f,Quá đẹp hàng đúng như hình ảnh cho shop 100 điểm nha☺️,5,2024-12-04 01:09:44,0,True,20994346123,131085332,0,0,0,0,0,54,12
2200ae0b26244bd6acca9e4acbe63ce37890f1bb5af2b3aa4ea8d78599405fd7,Thời gian giao hàng khá nhanh nha mọi người Chất lượng sản phẩm ok,5,2024-03-11 21:18:25,1,True,20994346123,131085332,0,0,0,0,0,66,14
181624bc5ac91e31452bb99458b728fe693412c580b26f1ee2faa7fdfe09a556,"Chất lượng sản phẩm:đỉnh Tính năng nổi bật:led đẹp, phím mượt Đỉnh nóc kịch trần bay phấp phới",5,2025-05-13 16:53:00,0,True,20994346123,131085332,0,0,0,0,0,94,18
2a4c6c0967b141d268b189e241f9568c9675e35d2cb48897c7bc4151e22b81e2,"Tính năng nổi bật:phím ấn nghe đã Chất lượng sản phẩm:tốt Phím xink, nghe tiếng đã, đẹp<3",5,2024-07-07 15:34:05,0,True,20994346123,131085332,0,0,0,0,0,89,17
4f29e346ba2c85b84f15446887786503a46633f468846871c7d990a551d6b90c,"Chất lượng sản phẩm:Chất lượng tốt Tính năng nổi bật:sản phẩm tốt, shop phản hồi nhanh.",5,2024-07-30 19:49:09,0,True,20994346123,131085332,0,0,0,0,0,87,16
c88391d893a705afe558197374546c2ce75c0a2e66c6ab243c719e406f90dcdd,Bàn phím ổn trong tâm giá có 3 mod kết nối 3 số cuối sđt 199 shop kích hoạt bảo hành cho mình nhé,5,2023-12-01 00:25:06,3,True,20994346123,131085332,0,0,0,0,0,97,24
25b47a2a4f3658784bf7a33782f1875b7789163ec22c49640dc50ac9f27a2fb8,"Âm thanh:tieng go ok noi phu hop Độ bền:vee do ben su dung lau dai moi biet đc hi vọng là bền theo thời gian Kết nối:3 mode ket noi ok, lúc đầu về kết nối mode 2.4g lỗi k kết nối lh shop vẫn hỗ trợ ok xong sau đã kết các mode đã bình thường trở lại, khi chuyển mode kn chỉ cần gạt công tắc phía sau là tự động chuyển ngay không nên ấn các nút khác dễ khiến trở nên bị lỗi trừ khi cần reset kết nối lại Về phía đóng hàng kb là bên nào đóng hàng nhưng khi giao về tay mình bốc hàng thì bên trong k có một miếng chống sốc nào và khi mở ra mình lắc thấy có tiếng sục sịt trong bàn phím kb có ảnh hưởng tới lượng lâu dài của bàn phím k, thực sự đóng hàng rất tệ",4,2025-12-07 11:14:47,2,True,20994346123,131085332,0,0,0,0,0,656,154
62ee4fbcdd91a4055808f2a5c6628efb27faf4659a1e75e3e9066d61cacdb6ec,"Âm thanh:em Độ bền:ben tot Kết nối:type c Đóng gói hàng cẩnn thận, chuẩn bị hàng nhanh, màu hồng siêuuu dêx thương",5,2025-11-10 19:42:03,0,True,20994346123,131085332,0,0,0,0,0,114,22
037e1b99e0b285236f0034f0f7e29878b7a3c18d27c20c4899b287a62e864e82,Sản phẩm ok mn nên mua nhé. Giao hàng nhanh và cũng phù hợp với giá tiền. Sẽ ủng hộ shop thêm lần sau nữ,5,2023-12-18 17:26:18,1,True,20994346123,131085332,0,0,0,0,0,104,25
e1be5267c842e2bb4c3231b649e7366946dee538b647e4699edcf11ebb0b79b7,Chất lượng sản phẩm:săn được 350 quá ngon gõ đầm tay cầm rất chắc nói chung không có j để,5,2024-10-23 23:22:27,0,True,20994346123,131085332,0,0,0,0,0,89,20
1ca5489a28b584a50f88c720dbdff5d81d3700218b5a41c6110b7dbb487eb791,"Sản phẩm chất lượng rất tốt, săn được ngày sale nên giá rất hời. Hình ảnh mang tính chất nhận xu",5,2026-06-13 15:21:17,0,True,20994346123,131085332,0,0,0,1,1,96,21
6666e0989dcbdb9942f56412898a9892a8d649d6d54a456c8a1c0ea9239468f7,Chất lượng sản phẩm:Tốt Tính năng nổi bật:Shop hỗ trợ tốt,5,2024-12-24 09:50:18,0,True,20994346123,131085332,0,0,0,0,0,57,11
5df819e06fe3fbee83b07c2897a57a0fc5fd6db19f6d379c694d7746d5b24f9b,Ngon trong tầm giá 370k :))) săn sale được nên thấy khá ưng hehe,5,2023-11-16 02:11:44,1,True,20994346123,131085332,0,0,0,0,0,64,14
b581b6e656e3e79c7e3f7c20d6c9f6d2a3303d045eb6591f2c2b4554d244aa1a,Tính năng nổi bật:đẹp Chất lượng sản phẩm:chắc chắn Không biết bật led 😭,4,2025-08-10 08:04:35,1,True,20994346123,131085332,0,0,0,0,0,72,14
1d65286e3b0f78e78f2327377f56370fdca7a277ab22da747e39d75339a1fbc7,Hàng rẻ chất lượng hơn mong đợi luôn nhưng mà không thấy tặng phím phụ như ảnh @@,5,2024-08-09 09:38:24,0,True,20994346123,131085332,0,0,0,0,0,81,18
41c906ee21cdd1a9b1b6205ef0117c21b13e937c6710302ba71972703ec1f121,"Tính năng nổi bật:không có gì nổi nật Chất lượng sản phẩm:xem như là đc trong tầm giá khuyên anh em nhìn thấy comment này thì cân nhắc lại trước khi mua, có thể xem qua con gk65 mua. bàn phím không có hostwap, bàn phím không hề lót form như trong mô tả. Sản phẩm giá rẻ thì ko đòi hỏi gì cả, nhưng mô tả như vậy ko khác j lừa dối khách hàng, tôi đã nhỡ bấm đã nhận nên cx ko thể hoàn đơn được. Thấy nói vậy là hơi nặng nên tính vào sửa, mà nhân viên rep cái tn này rất bố láo nên tôi chỉ để 3 sao. Coi như bàn phím này đc đánh giá tốt một tí. Nên sửa lại cái mô tả đi thì hơn",3,2023-11-21 21:55:34,0,True,20994346123,131085332,0,0,0,0,0,575,135
937de7bb57e93b9c340d9117d212ec685ab871cb049b406dada89c47d187ba0e,"Tính năng nổi bật:ban phim vẫn ổn dùng dc Chất lượng sản phẩm:nhưng mua về phím số 1 ko ấn được, liệt luôn, chán thật",2,2025-09-05 19:26:52,0,True,20994346123,131085332,0,0,0,0,0,117,25
ebebd6c9158d0dbd0afb5b22d4b3b635b50b4e1d211e0f0317cb14f5e8b25341,"Gõ khá sướng, led đẹp nhiều chế độ. Nma mình bị mẻ mất 1 góc phím V😭",4,2024-07-05 17:31:56,2,True,20994346123,131085332,0,0,0,0,0,68,17
e868573deee82b3ab74c23f9870a013f82d3e0e5e72edf5b1bdb94c49096a8b6,"Âm thanh:âm thanh gõ phím nhỏ không ồn Kết nối:bàn phím có 3 chế độ usb , có dây và bluetooth Hàng giao nhanh lúc đầu giao thiếu nên mình liên lạc với shop và được shop hỗ trợ nhiệt tình và phần còn thiếu được shop giao phần hàng còn thiếu sau khi shop liên lạc và hỗ trợ mình có kèm hai keycap và cái nhổ switch mỗi hộp , bàn phím thì lần đầu mua nên mình chưa biết nó có bền hay không",5,2026-04-13 12:56:37,0,True,20994346123,131085332,0,0,0,0,0,386,87
c1e4313e1f3e51d025b95ec990e79ad5630a7f6ef5fb67ed43f538aec4a093d9,Âm thanh:gõ êm Độ bền:đợi xem như thế nào Kết nối:kết nối blutooth hơi chậm,5,2026-02-26 20:26:32,1,True,20994346123,131085332,0,0,0,0,0,75,15
d7d9823051c676931b00439807af315b6debd751f2114d78d34b1de62bc09eb7,"Phím sài oke . Cũng khá cứng . Ưng. Nặng, đầm tay, hữu dụng khi bực tức. =))",5,2025-04-05 18:13:41,1,True,20994346123,131085332,0,0,0,0,0,76,18
030d726398553ad6686cee05d81fe8cf83b7210cb87b1d55fb8d00fcef7cae86,Âm thanh:ok Độ bền:ok Kết nối:ok sản phẩm tốt giao hàng nhanh ở ngoài màu siêu đẹp nên mua nha mọi người,5,2026-06-13 09:29:30,1,True,20994346123,131085332,0,0,0,0,0,104,22
f8e417fa1901eed0c7fcb8f62361f9860b34746501b45ec12d42dac751cf54e8,"Dùng khá oke, mua key cap xuyên led về lắp rất đẹp",5,2025-10-26 18:41:55,1,True,20994346123,131085332,0,0,0,0,0,50,12
13bc5ed8e3768069f64a0dfcc4af499dceeafc4da6036163399b50bd63058635,"Âm thanh:tốt như mô tả, xịn xò lắm nha, led đổi màu đẹp điêng",5,2025-11-20 14:11:37,1,True,20994346123,131085332,0,0,0,0,0,61,14
bf47837482d6139b701ed078a0698b4a4e98f62ebee017dcb9eae38891c0ab0b,"Bàn phím ok, hơi nhỏ, k quen tay lắm nhưng dùng ổn, đóng gói cẩn thận",5,2026-04-11 15:27:20,2,True,20994346123,131085332,0,0,0,0,0,69,16
b7c62fb8e9d8637a6b9d24a3ae904f6fc8eb9059af2eb411b69f99aa57ca61dc,Tính năng nổi bật:best tầm giá Chất lượng sản phẩm:754 Sản phẩm rất oke,5,2023-12-04 20:47:25,0,True,20994346123,131085332,0,0,0,0,0,71,14
d48356dd447686bf666f3f9086ac46fc68e4f81c181ec8bdb74e3f24081f360c,Chất lượng sản phẩm:Chất lượng ổn như mô tả. Hỗ trợ nhiệt tình,5,2024-09-27 09:59:52,0,True,20994346123,131085332,0,0,0,0,0,62,13
76a0ba317427e6c23c230506d7ca5a857232618ed7376bfbca79a247ce7bb250,Chất lượng sản phẩm:khá tốt mik mua bàn phím về có nút ctrl nó bị hư led thôi hỏi shop hỗi trợ thì shop rất nhiệt tình mà gõ rất êm nha,5,2025-08-01 21:09:29,1,True,20994346123,131085332,0,0,0,0,0,135,32
f0d87eb093bfa2ddaedecb29e88b86d2f5d6641a33fa4c4e6ef5500eaf407992,"Âm thanh:ngon, bổ, rẻ sài êm led đẹp giá cả phù hợp vỡi túi tiền",5,2026-02-28 08:46:55,0,True,20994346123,131085332,0,0,0,0,0,64,15
e9aa125b015f76f83062daf55677baa7cd1d97a6705aca6572b2286511b9c542,Chất lượng sản phẩm:quá tốt so với tầm giá Tính năng nổi bật:đẹp,5,2025-01-24 11:25:40,0,True,20994346123,131085332,0,0,0,0,0,64,13
745309a2ce2dc55c4191dbefc7201ce810d783d7647ea7154ebd366545af8944,Chất lượng sản phẩm:Tốt Bàn phím goc đàm tay rất êm lại còn có led rgb nx😍😍😍😍,5,2023-12-23 13:11:03,1,True,20994346123,131085332,0,0,0,0,0,77,17
d67bf5bf98f3676fcfaa643f8cd015cbdd6221e11071374ab34fb51de169b06b,"Chất lượng sản phẩm:tốt Bấm tiếng nghe rất hay, êm tai",5,2025-05-02 20:43:57,0,True,20994346123,131085332,0,0,0,0,0,54,11
ca090ba07621082f0ac53e484751b2ed4d8b4835a41d33b0f8b538ee30a56d28,"Đẹp chất lượng hoàn thiện tốt, có điều này điểm trừ cực lớn và mình cực kỳ ghét đó là hàng phím Số và F1 tới F12 bị gộp vào nhau, dùng rất chi là khó chịu",3,2023-11-08 18:42:55,0,True,20994346123,131085332,0,0,0,0,0,154,37
ce22156e6999e35b326656e70f249727ca694c7ef50fd156033d92150c12331f,Chất lượng sản phẩm:Quá tốt Tính năng nổi bật:Có đầy đủ như trên video Sản phẩm cực kì Oke Luôn nha mn,5,2025-08-11 12:58:36,0,True,20994346123,131085332,0,0,0,0,0,102,22
b8c0445b74e3df79cc7c14c7b692839d3a8a2c29573fe81cc528b2c86f6165bf,"Chất lượng sản phẩm:đẹp, chắc chắn Bh 258",5,2024-08-11 19:00:57,5,True,20994346123,131085332,1,0,0,0,1,41,8
edeba50477a74d4a94924d3bb86fe55b92702e11cc4ffa8ca491cf6fcd353b8e,"Âm thanh:Red nên bấm cũng khá ok Độ bền:Ổn Kết nối:Tốt phím bấm khá ổn, có 3 kiểu kết nối và có hotswap, vãi chỗ gõ như phím space bấm ko ok lắm nhưng với giá tiền thì không đòi hỏi gì hơn, nói chung ổn ""video mang tính nhận xu""",5,2026-02-27 13:12:34,1,True,20994346123,131085332,0,0,0,1,1,228,51
6d18ae5d9c6368aaa3211ab29b4cd7c3ca714757d0dd7790423cd7c3b196d1c3,Chất lượng sản phẩm:tốt đẹp,5,2025-08-01 20:46:28,1,True,20994346123,131085332,1,0,0,0,1,27,5
8afcfa6c1c1ce13e8e384bee0186087a63df6966e1c069fa91bde50af8edc436,"Âm thanh:Nghe on Độ bền:Chua biet, nhung hong thi co the thay sw khac, casing nhựa, cứng vừa phải hơi ọp ẹp chút Kết nối:Tot",5,2026-04-21 18:06:05,0,True,20994346123,131085332,0,0,0,0,0,124,25
730a111ad52da5b3a5dd0298f1fc4785047abfb941bef3d51f93bc47fc01e7dc,"Bàn phím đẹp, dễ kết nối. Tiéng3 gõ phím cũng được",5,2025-10-22 12:01:53,0,True,20994346123,131085332,0,0,0,0,0,50,11
28be8d9fc7dde6dadf15f1d6b3b8a9765dca2ba37d7f719ec7377f3194f7860b,"Với giá này thì quá ok, màu sắc đẹp, kết nối dễ, tiếng gõ nghe cũng ổn",5,2025-05-11 18:01:14,0,True,20994346123,131085332,0,0,0,0,0,70,17
a7d77ce41be1966e4fc32720d9eeca43703a0588b76b0a01b50f2ef5a4822c07,Tính năng nổi bật:Ngonnnnn 1 Chất lượng sản phẩm:tUYỆT Tốt,5,2024-01-02 21:24:47,0,True,20994346123,131085332,1,0,0,0,1,58,10
0ae613bed34aca73158e613b337b7e7c879672eab085acb03a0434dda4bb7058,Sản phẩm sài ổn trong tầm giá,5,2024-12-27 22:06:17,4,True,20994346123,131085332,1,0,0,0,1,29,7
81ca939f6055a8758b292b0dc6f125dcc66cc6da00b70eaa00ab6ad243baf0e1,Tính năng nổi bật:êm ái Chất lượng sản phẩm:xuất xắc,5,2025-11-13 23:19:27,1,True,20994346123,131085332,1,0,0,0,1,52,10
ad316c67c03014a2ca17b64bc2d3abdc29ebe3c38426e9160231656f0d5af307,"Chất lượng sản phẩm:ổn Tính năng nổi bật:ổn Sai màu so với ảnh ( mũi tên ), dùng bền, cũng được so với tầm giá.",4,2024-07-08 17:28:03,1,True,20994346123,131085332,0,0,0,0,0,111,25
ce912b89aea4f1422f386947cc1ce53a107d834037f5c8f9901c2a9bcfbd178c,kết nối ổn. bị thiếu layout phụ nên hơi khó dùng chút,5,2026-03-06 18:20:17,1,True,20994346123,131085332,0,0,0,0,0,53,12
0a6cc1259df3f2e457036015897e7c46d011d38407dfe4ee202716449eed2ea4,"Bàn phím nhỏ gọn, phím cơ, trải nghiệm typing rất đã, đã ủng hộ 2 bộ",5,2025-09-08 23:14:58,1,True,20994346123,131085332,0,0,0,0,0,68,16
4b9141f64fa2e29320a9048f0803f702a5a8fade6005ecaa3d194f4d023a5ce1,Chất lượng sản phẩm:tốt Bàn phím đẹp hợp giá tiền!,5,2024-09-04 17:52:15,0,True,20994346123,131085332,1,0,0,0,1,50,10
087247a1ae048317521b0bac9c2d6919369ada3afaa9ca6f24fafedb29c933c9,Chất lượng sản phẩm:tốt Tính năng nổi bật:Led RGB đẹp Tất cả đều tốt nhưng keycap hơi tối,4,2025-10-17 12:06:00,0,True,20994346123,131085332,0,0,0,0,0,89,18
57f548b05720599d8308a1bfe8bbec0f44c6f4ec06f3711bfc6aa6bbc0ba18e7,"Shop phục vụ tuyệt vời, Hôm trước mình bị giao 1 bàn phím bị lỗi, sau đó shop hướng dẫn kiểm tra để khắc phục và sau khi không khắc phục được thì shop đã đổi cho mình bộ khác, Phục vụ tốt quá. Cảm ơn shop nhiều",5,2024-10-20 09:30:31,0,True,20994346123,131085332,0,0,0,0,0,210,48
5cf6ffc637e1090484354ae9232f44a08d0b275c383e595ad1050f91840c97e8,"Cực kì tốt, mình sài 1 tuần rồi k có lỗi j, led sáng đẹp, có 24 chế độ",5,2024-10-27 10:02:06,0,True,20994346123,131085332,0,0,0,0,0,70,19
31a09b333e1157b690ca4469b15942d29a36d9158c6040bbf526ba5b6266b6ac,Tính năng nổi bật:tốt Chất lượng sản phẩm:đầm tay chất lượng,5,2025-12-12 11:50:31,0,True,20994346123,131085332,0,0,0,0,0,60,11
67bbebd9b2c2b634c0fef0823fd291ff40cd58c0fe2f876e45eb7f87bb313459,"3 chế độ kết nối rất tiện lợi, dùng được cả Mac và Win, bàn phím có âm thanh kh quá ồn",5,2026-05-09 12:05:45,1,True,20994346123,131085332,0,0,0,0,0,86,22
dd65de0b23af6f7aeab785d3826d27de1bf560307ef7292ee107c4eb8f0fe36d,Gõ nảy kêu nhỏ. Pin tạm ổn bền thì chưa biết. Dc cái gọn kết hợp. Mac đi cafe cũng ok,4,2025-05-08 08:25:51,1,True,20994346123,131085332,0,0,0,0,0,85,21
344f1efdd5dc4b8838eb0a6ee2954732f0251f42de9339533824f2a5f2347dad,Chất lượng sản phẩm:Khá ổn Nếu chơi game thay vài nút vào cũng khá ổn,5,2024-08-02 10:24:30,1,True,20994346123,131085332,0,0,0,0,0,69,15
77aa369de747f9a937a6965bc2281f98d814d20f4d81c1b4fd5b3ce5299e61f8,"Tính năng nổi bật:đẹp, mượt và êm lắm Sđt 928 đẹp lắmmmm nha mng",5,2025-10-22 12:04:23,1,True,20994346123,131085332,0,0,0,0,0,64,14
0bbd005501dbbb0289e864cf43a9cd9771c406838e44a32e9e4debad69628a1e,Sản phẩm tuyệt vời quá shop ơiiii(584),5,2023-11-26 19:32:28,3,True,20994346123,131085332,1,0,0,0,1,38,7
3050c7d1c84ba68f1af8822efbd9ab00d87e9065c58a08fdf14e2ce20becdcfe,"506. Bàn phím đẹp, chắc, nhưng không có phím màu hồng như trên hình. Với cả shop kêu đánh giá 5 sao và nhập sdt mới kích hoạt bảo hành. Mình k thích kiểu này cho lắm vì sp tốt tự nhiên khách hàng đánh 5 sao thôi. Đang tính cho 5 sao xong tự nhiên k muốn cho nữa :))",5,2024-01-04 15:35:52,0,True,20994346123,131085332,0,0,0,0,0,265,61
21e15a42c80033be08af320c9b2993a7935368307fe47cea01d5d27cea2f568e,Chất lượng sản phẩm:ổn nha,5,2025-12-17 19:46:18,3,True,20994346123,131085332,1,0,0,0,1,26,5
3ba321310eda06950a89a663555c11bb3a499265a74769319d3ae137d16f33e4,Chất lượng sản phẩm:574 Tính năng nổi bật:chưa biết,5,2025-10-05 13:27:36,1,True,20994346123,131085332,1,0,0,0,1,51,9
49aade43c867475c7909eadfc7ce878ed36b5a12ecf11a3f46f60168b3a7b9a2,"Chất lượng sản phẩm:Ok Tính năng nổi bật:Ok Khá ưng, để xem bền không, sau đó update sau.",5,2023-11-04 11:40:35,0,True,20994346123,131085332,0,0,0,0,0,89,18
ff4583a9a4d9e09cc7ed1188121d37e24e60d2644cc87fba2c632c9838bc3dcc,Hàng đẹp. Mỗi tội nhiều chế độ màu quá nên là lú :))))),5,2024-04-16 18:13:07,0,True,20994346123,131085332,0,0,0,0,0,55,13
3866b47a5a4c61cddf39fe998737f61ade40907361a5fdc90e2026f48ee709c8,"Xinh vãi ạ 😍😍😍 gõ êm tay, bên ngoài màu còn xinh hơn vid 😍😍😍",5,2024-01-25 21:31:50,0,True,20994346123,131085332,0,0,0,0,0,60,15
927881bc360d4a319ec383a1dbbfc803e1458e6750d71ed87d38677dcc0394f2,"Chất lượng sản phẩm:ok ngon trong tầm giá 400, giao hàng nhanh, hỗ trợ nhiệt tình",5,2024-08-29 16:53:46,0,True,20994346123,131085332,0,0,0,0,0,81,16
b4c673630a43900235663fc7d4cec3fb531c8f3b50a64074cd83f0bf87f07bfd,Âm thanh:êm Độ bền:cứng Kết nối:3 mode Ngon múp,5,2026-03-05 21:13:52,1,True,20994346123,131085332,0,0,0,0,0,47,9
6aa18e06f2bc9cf125785e358ef19a59f587a2e6e6b6b886a6aefaf2ddb4a16b,Chất lượng sản phẩm:ổn k ấn đc alt+tab thiếu sót quá lớn,2,2024-08-25 11:55:10,0,True,20994346123,131085332,0,0,0,0,0,56,12
89a5d4fec99522625d35bb3a89aee6d7266e475740ebae81ffc119ceefcfa8ed,Tính năng nổi bật:led ngon Chất lượng sản phẩm:build ngon,5,2025-09-30 15:15:25,0,True,20994346123,131085332,0,0,0,0,0,57,10
c4e027062fe5af0197e227007eca753ae3e6571717d964affed0a0ee5542fb14,Chất lượng sản phẩm:tốt 0934409120,5,2024-09-13 11:32:49,2,True,20994346123,131085332,1,0,0,0,1,34,5
9bebcfee7c5a2a11cd30e2bad05c00fced0c4f2b10f8fd64670c9830f4381448,Tính năng nổi bật:3 mode Gõ ổn trong tầm giá dưới 400k. Nói chung ai mới chơi phím thì nên mua,5,2023-12-01 13:46:14,0,True,20994346123,131085332,0,0,0,0,0,94,21
656be597ea8d4f66bab0588ba44014964c9407a98bc2bca62e139b48a943a2cb,"Chất lượng sản phẩm:tuyệt vời khi ở trong tầm giá 400k Tính năng nổi bật:bấm sướng tay ,red switch , nhỏ gọn",5,2024-06-07 18:21:15,0,True,20994346123,131085332,0,0,0,0,0,108,22
b01e69749872b0188412bab4d58311379aced774aa0bf5b6ae80ed25a166d2eb,Tính năng nổi bật:tốt Chất lượng sản phẩm:rất ok,5,2025-04-10 09:00:17,0,True,20994346123,131085332,1,1,0,0,1,48,9
50a30528d787fbcb276a26ab90eb639bfc111a0b89adb4fb1a9f2bf64cd9b19e,tuyệt,5,2025-10-14 13:38:26,2,True,20994346123,131085332,1,0,0,0,1,5,1
b401eb7e7dc27ed0681d49c1b0a8a972d8eb525a289c5757ee4eb2aae28be067,Ko biết của mình có bị lỗi hay không chân bàn phím bị lỏng lẻo. Tuy nhiên shop rất nhiệt tình,5,2023-11-21 12:19:37,0,True,20994346123,131085332,0,0,0,0,0,93,21
32c2200f1de141e57e1c0766aab327baba225e98161bb36fe6855e0e94f7d0aa,Chất lượng sản phẩm:ok Tính năng nổi bật:bàn phím nhỏ gọn bấm em xứng đáng từ xu trong giá tiền,5,2023-10-31 23:29:26,0,True,20994346123,131085332,0,0,0,0,0,95,20
f860f55db5913cccc3311ce945c90d23330da39e6481f680c42dfe6d59a17602,"Chất lượng sản phẩm:tốt Bàn phím xài ổn lắm mn ơii, phím bấm cx khá êm",5,2024-02-18 08:20:40,0,True,20994346123,131085332,0,0,0,0,0,70,16
a59c92f444eb16c5cb550680947088682ff28dd80e349561f22bf0455c986ae4,"Chất lượng sản phẩm:Khá là ổn, phù hợp với người ít kinh phí Khá bất ngờ khi có 25 chế độ led",4,2023-12-01 11:21:09,0,True,20994346123,131085332,0,0,0,0,0,93,22
9b4dede43c0b5687cc02589079a0b0d0cdb7cd54b4f1cae8141c367e38432b0e,3 số cuối sdt 814 bàn phím ok chế độ blt có vẻ không kết nối được với điện thoại,5,2024-07-27 18:35:11,1,True,20994346123,131085332,0,0,0,0,0,80,20
2c7856a4299118f31d042b03d36c849e77af54a1b29da46c1e1b7eef6d931b1c,Bàn phím đẹp giao nhanh shop trả lời nhiệt tình dễ dàng sữ dụng có tặng đồ tháo,5,2025-02-19 10:59:08,0,True,20994346123,131085332,0,0,0,0,0,79,18
5a79b1e199c1476d0df997ba5bd4cdebadec6eba2651c493806c8f57d43a7f23,"Okla lắm, shop tue vấn và hỗ trợ cũng rất nhanh và nhiêtij tình nha",5,2025-12-17 23:43:04,0,True,20994346123,131085332,0,0,0,0,0,67,15
26587528758aeb0d64902de14fdd9d7a30b491dedd77723c0a0947908b9e9183,"Bàn phím gõ ổn, đúng như mô tả tiếc là hình như một số phím không có stab, shop nhiệt tình giải đáp thắc mắc",5,2024-02-24 10:39:59,0,True,20994346123,131085332,0,0,0,0,0,108,25
1c1b968ed909ec404276e77fc44259d552af3eeeba578db3f64aa1cde1c51e9c,Dùng rất ok. Đáng mua. Giao hàng nhanh. Đóng gói cẩn thận. Hơi đắt thôi.,5,2023-12-30 13:39:02,0,True,20994346123,131085332,0,0,0,0,0,72,15
ea507b54838a88b87cc4d3f41b897882a2cfb6421f15918c3986b431e97b8914,Âm thanh:đã nếu là blue switch sec ok hơn Kết nối:ok,5,2025-11-02 17:36:47,0,True,20994346123,131085332,0,0,0,0,0,52,11
8717f34131d34efda15f12b6d47d71fffdc010d634105e20d72a1b25fd282b34,Chất lượng sản phẩm:266 266,5,2024-11-04 14:41:19,5,True,20994346123,131085332,1,0,0,0,1,27,5
be94f487624b2a35dd352cb1f9123ffb4a8e773bc291c86210b7700264f6dd0b,Tính năng nổi bật:oke Bàn phím oke trong tầm giá,5,2024-05-09 07:44:26,1,True,20994346123,131085332,1,0,0,0,1,48,10
2debef32ce728b9baa7ce03fe5afc8eb44fab1c0725e82410b0f679bd0695490,Tính năng nổi bật:mọi thứ đều tuyệt vời Sau khi dùng thì thấy khá ưng nhm trong hộp lại k có giấy hướng dẫn các phím tắt kèm theo là cây gắp switch = sắt khá bén dùng k kĩ là xước ngay.tóm lại là sp ok,5,2024-02-29 19:28:04,0,True,20994346123,131085332,0,0,0,0,0,201,47
951add547e73a0a07bca147114a2cfd504b592c1ff05ee6c93299cd869d607d3,"Bàn phím xịn xò, cskh tốt, giao hàng nhanh rốp rẻng, với tầm giá này thì không có gì phải chê",5,2024-08-07 15:05:24,0,True,20994346123,131085332,0,0,0,0,0,93,21
f22bf77303ee1f988ea1581e61c491b280a35e2d6019873c447b451f3f17c17a,Tính năng nổi bật:ko dây độ trễ cực thấp Chất lượng sản phẩm:tuyệt Tuy có hơi bị vấn đề nhưng shop rất nhiệt tình nên mọi người yên tâm nha,5,2024-12-09 11:32:00,0,True,20994346123,131085332,0,0,0,0,0,139,30
7ccb3e85d24eb252af184f463b64075208f880aeb0261cda7fcff50e9dfcf7d3,"Tốt, Giá mềm. Gõ không ngon bằng hãng Edra. Xin cảm ân. Chỉ đánh giá thật thôi ạ. A DI ĐÀ PHẬT.",5,2025-03-05 12:56:23,0,True,20994346123,131085332,0,0,0,0,0,95,22
e59dfe9bbdc592cb1e9585b4d1d4c4acbd2e325c9146b627b3c63177c54d1f74,"Tính năng nổi bật:dùng hôc trợ lap Chất lượng sản phẩm:tốt, đẹp Hàng đẹp, bền, đáng mua ạaa Hình ảnh mang tính nhận xu",5,2025-10-13 10:57:55,1,True,20994346123,131085332,0,0,0,1,1,118,24
a2fb845289045b65570219b4ee056cf7235e531ff2ed25d8c72623017bc349ed,Gõ hơi lọc xọc khó chịu v🥲 chắc sau phải mua switch khác thay vào nhma nhìn chung với giá này thì oke,5,2026-05-20 09:39:17,0,True,20994346123,131085332,0,0,0,0,0,101,23
5fe091a6cb3becd890edbe2d7986485d19a6dc8059faa98d49fe11f8be949423,"Hotswap rivet hơi bị khó tháo, sw lube lại nghe cũng ok, thêm foam với thanh stab space khác xịn xịn là ngon",5,2024-06-07 21:01:15,2,True,20994346123,131085332,0,0,0,0,0,108,23
c29f5aa9bfb0e615c75612a559a56262dd33b9be09b0d53c7738480a4e8b14d7,Tính năng nổi bật:3 mode Chất lượng sản phẩm:tốt Lần đàu chs phím cơ gõ êm k đến mức ồn nhue blu,5,2025-10-07 16:34:01,0,True,20994346123,131085332,0,0,0,0,0,96,22
820ee106ab86a6117facbe61f3acdc612d7f757d345d3ec479b9a543d7e3fc58,"Chất lượng sản phẩm:tot Tính năng nổi bật:cơ động Khá hay, đóng gói được, giao nhanh. Anh em mua bàn phím thì cứ xem phím chức năng trên bàn phím mà bấm Fn nha. Chứ tờ hướng dẫn chưa chính xác lắm.",5,2024-08-26 19:11:31,0,True,20994346123,131085332,0,0,0,0,0,197,42
7de26b0b9a1746d756ca67c49e1f468ecf8a11eb039c964a2b3373a8f5eff578,Chất lượng sản phẩm:tốt Tính năng nổi bật:ổn Ngon bổ rẻ ae nha đi,5,2025-08-15 02:27:58,0,True,20994346123,131085332,0,0,0,0,0,65,14
9cd82273b19907cd83fb1999748868b01b64f45a95682f748aeae334104d1c40,Sản phẩm tuyệt vời đẹp hơn so vs trong hình nha mọi người,5,2024-08-12 20:06:03,1,True,20994346123,131085332,0,0,0,0,0,57,13
d43bb61a5f8344c9925f54253cb9ce96099a09791971918785fd15455723fc28,Sao của em nhìn lạ v shop nhìn khác ngt z,3,2025-02-16 19:03:37,4,True,20994346123,131085332,0,0,0,0,0,41,11
32c5f9a9ab7bf51986bc859e9a81e9d728dfc28fe758833dc457074f1e28c866,"Tính năng nổi bật:gõ êm Chất lượng sản phẩm:tốt hàng chất lượng tốt, giao hàng nhanh, đáng tiền mua.",5,2024-11-11 22:19:42,0,True,20994346123,131085332,0,0,0,0,0,100,19
633e927d126a9608aefd97704055d6d52852f9b30e8a6c493fdbed193c7cf307,Bàn phím đẹp 492,5,2025-08-24 15:36:11,4,True,20994346123,131085332,1,0,0,0,1,16,4
b182ba7706225b1d3fc559efbaac6e7c929d2b0e7a48541dc42fad9dcbb384af,hàng đẹp chất lượng,5,2023-11-04 11:22:51,1,True,20994346123,131085332,1,0,0,0,1,19,4
32c5f9a9ab7bf51986bc859e9a81e9d728dfc28fe758833dc457074f1e28c866,"Sp dùng ổn, dịch vụ người bán rất tận tình ạ, sẽ ủng hộ lần sau nhiều hơn",5,2026-01-17 13:48:53,1,True,20994346123,131085332,0,0,0,0,0,73,18
5741d9570062fd90a0aaa235deb499a0ca0aa5963ea8b9799daec52dbe400650,Âm thanh:ok Độ bền:ok Kết nối:type c Ngon bổ rẻ trong tầm giá này,5,2026-02-26 20:14:19,0,True,20994346123,131085332,0,0,0,0,0,65,14
b80a9197ba23a908c822e66c024669c49b3b6d26011dcd881e0fc79b2d41b994,Chất lượng sản phẩm:ok Tính năng nổi bật:đúng sp,5,2025-07-11 10:33:03,0,True,20994346123,131085332,1,0,0,0,1,48,9
6d49120e6438de973bb4ddf28ee46e2fe2ee484bbc5d53a35dd9fb9a653b53d0,Cảm giác gõ rất okay Tầm tiền này là sao quá ngon,5,2024-05-05 19:11:37,0,True,20994346123,131085332,0,0,0,0,0,49,12
85f311373b4699f19f41b75358bc2638e472799cb0e534028c11005c23636e60,đẹp lắm ship siêu nhanh luôn dù hết màu nhưng shop ntin hỏi rồi mới đổi cho mình nên cực kì nên mua nhe,5,2024-11-14 17:07:40,1,True,20994346123,131085332,0,0,0,0,0,103,24
32c6254e66c4952ca25e94b56fb72bf081cd2cac63f0abac9d18834f5ebfd2c2,Tính năng nổi bật:đung v ngon Chất lượng sản phẩm:ok Quá tuyệt,5,2024-07-04 17:03:37,0,True,20994346123,131085332,0,0,0,0,0,62,12
e65983780f08bdee199048e3c6469e8a0f91ba0d354979ed40f1d76f4019f0a7,Bạn phím gõ ổn mỗi tội không có sách hướng dẫn mấy chức năng hơi lú,5,2024-02-26 10:01:48,0,True,20994346123,131085332,0,0,0,0,0,67,16
1b9920ee54533df28bf7cd7ccdc1b1978de7a44a74abfc8d3cf4536eed9b7194,"Chất lượng sản phẩm:chat luong ok Tính năng nổi bật:nhieu tinh năng giao hàng chậm , rất chậm , đặt 2-3 ngày rồi mới bắt đầu giao cho bên shopee , phím bấm tạm ổn , tính hiệu kết nối chập chờn",3,2024-09-17 16:34:22,2,True,20994346123,131085332,0,0,0,0,0,192,42
b0d358cdb3e1ca87c21d7a73d67365c8db5dcae2e1faf14594fcabd7d3755be5,Tôi cảm thấy món hàng này nó quá là ư tuyệt vời và tôi thấy tôi sẽ mua thêm lần nữa,5,2025-12-09 12:12:47,1,True,20994346123,131085332,0,0,0,0,0,83,21
8b0dcf24b6d28eb05692dc31a7f66696bb07115062e681b0081d879d71fbf0a2,Hanonhf ảnh chỉ mah tinh chây snhaanj xu shoper thân thiệ giao nahn jhha giao nha h ăn nón lễ phép cản hận nen mua nhé mọi ngừoi,5,2025-08-07 17:30:08,0,True,20994346123,131085332,0,0,0,0,0,128,28
efd43f9733c68a976c4706bd5bf6419fe46327271c4f6d9da03e8243e94b45fc,"sản phẩm đóng gói kĩ càng, giá rẻ, hàng đúng tốt luôn ạ. Lần sau sẽ ủng hộ shop nha😁",5,2024-06-15 16:00:53,0,True,20994346123,131085332,0,0,0,0,0,84,20
402bb095be865c7a23779db5a98855c876d3c64249214c379c77213d3c1822b6,"Quá ngon trong tầm giá Update lần 1 : rất hay bị đơ bàn phím. Ngồi tụng chú đại bị một hồi mới lên Update lần 2: liệt E, liệt N sau một tháng mua Update làn 3: đã thay N nhưng liệt tiếp Shift và Backspace.",2,2024-01-04 09:23:24,2,True,20994346123,131085332,0,0,0,0,0,205,47
fb6e59d27667577c189be24ca818a06e55c221da835644dc7762d9f21443cb2b,"Hàng đẹp , đợi test 3 số cuối điện thoại 413",5,2024-10-28 11:03:29,2,True,20994346123,131085332,0,0,0,0,0,44,11
232df804748f05d60a5b373bdb773683dc6ff8bc43c22d0fe26b406c13f95788,"Tính năng nổi bật:tot,mau den ổn với tốt nha mọi người,người bán cũng nhiệt tình",5,2024-05-10 09:16:21,0,True,20994346123,131085332,0,0,0,0,0,80,15
949613a5a77ea480ba44f79dcab7df933d839d029c768b1b169815c52cf5588f,Anh ships bơ tuyệt vời,5,2024-12-19 10:58:07,0,True,20994346123,131085332,1,0,0,0,1,22,5
89a4383119e540cda2a4b898b49fa337339d918059008254d1224334d4d23d41,"Âm thanh:binh thuong Độ bền:chua ro Kết nối:on Mình sử dụng thấy dễ kết nối bật phím là ipad tự động nhận mà switch hơi lỏ, nó có mấy switch bị double click nên mình thay hết switch hiện tại sài okie",4,2026-03-02 03:53:40,1,True,20994346123,131085332,0,0,0,0,0,199,42
cf57a00b4836b0424be46fc6b59832e2502fa3de6d9624a037732ac432465001,Tính năng nổi bật:ngon Chất lượng sản phẩm:tốt,5,2024-09-17 19:31:08,1,True,20994346123,131085332,1,0,0,0,1,46,8
5a33ee46a0713eacba0423d573694d7eac9987b21acee611f56a2196f4f0b982,Phím đẹp và chất lượng giao nhanh,5,2023-12-15 15:46:11,0,True,20994346123,131085332,1,0,0,0,1,33,7
2eec1dfc2b5b208d0d33ca25f73492e7aec5d13f957915fa702b0f0c9106f0d9,"Chất lượng sản phẩm:tốt Led sáng, gõ cũng êm, nhỏ gọn dễ mang theo Hình ảnh minh họa",5,2025-08-28 21:45:00,0,True,20994346123,131085332,0,0,0,0,0,84,18
9517c2a7efa2c422b3d7c5f87be8b8480b837bce8501039d643a6e719a1921ec,"Hàng giống trên ảnh , đẹp , chất lượng",5,2025-06-29 15:51:29,1,True,20994346123,131085332,1,0,0,0,1,38,9
3ae0ca4e9f6c54554e6a4abb62b37a53f7c57a0bf589ceb376dc2dbbd4002c3e,Sản phẩm tốt 278,5,2023-11-12 15:33:44,1,True,20994346123,131085332,1,0,0,0,1,16,4
d0fbe9929555144792b1c88723ef041c5d2c4e96e5fd274f2787174aaf9673b3,Tính năng nổi bật:phim co Chất lượng sản phẩm:sử dụng tốtt Hình ảnh và video mang tính chất nhận xu thôii ạ,5,2024-05-26 08:11:50,0,True,20994346123,131085332,0,0,0,1,1,107,22
ff16683e4c097732e595e5e3e9693e18dfcc4ee04508817c6b615c4bd2c74f70,"Con này vết tầm giá rồi. Ngon nhất từ trước đến nay, ko cần độ nhiều. Nói chung là 5 sao. Ngày nào cx xem live a. Anh nói chuyện cuốn vãi, hài nx.",5,2024-07-10 22:18:17,4,True,20994346123,131085332,0,0,0,0,0,146,34
6ae7ab769730a2ad1aabec11ece8dad5f9cfa8f5e94826464a2a03eb69652f0e,"Phím ngon nhất tầm giá 500k đổ lại, red switch, áp mã giảm giá chỉ còn 3xx",5,2024-02-23 23:00:33,1,True,20994346123,131085332,0,0,0,0,0,74,17
008a2a448e888ce528ee9066323e549ef55e12214fc548173030dcfa42a6b9eb,"Sản phẩm đúng với mô tả, chất lượng tốt lắm nheeee 🥰🥰 vote 5 sao",5,2024-09-06 01:26:00,0,True,20994346123,131085332,0,0,0,0,0,64,15
bb93a9d747f4c71d57f6b744e755e34bbb477c8ffb946a73b0809b7bc7a75b99,"Tính năng nổi bật:alt tab không ăn Chất lượng sản phẩm:tạm ổn 825, Shop hỗ trợ mình con phím này sử dụng alt+tab chuyển tab không đc, key puller thì tróc sơn phím, còn phím thì tạm ổn, chờ thời gian mới biết được nó như thế nào.",5,2024-11-16 16:05:33,4,True,20994346123,131085332,0,0,0,0,0,228,48
968210b32da3195138711251ac36d2cf54fcb73ef546d2e84efc0df4f72923f3,Âm thanh:em ko bi on Độ bền:tot,5,2026-05-28 00:39:22,1,True,20994346123,131085332,1,0,0,0,1,31,7
9243997853d2ee0061419a272cae379b1255e4aa31a79c618ea127f1dee03f35,"Shop này quá tệ, mình có không hài lòng vì cách phục vụ và hỗ trợ của shop, bỏ ra một số tiền để mua hàng nhưng nhận lại là sự phục vụ và hỗ trợ quá tệ ,mọi người mua hàng nên cân nhắc, mình cảm thấy rất khó chịu cái thái độ của shop này !",1,2024-08-07 15:22:40,0,True,20994346123,131085332,0,0,0,0,0,239,58
9676759fb89a650f6766a2764f4492adf39e61aa51bfee8007af8d478f35b813,Tính năng nổi bật:ban phim co xịn đẹp rẻ,5,2024-07-09 12:25:55,0,True,20994346123,131085332,1,0,0,0,1,40,9
bd85ef63a442d32afc03809219e7f037ff22a0845afe09a38bbbec63741c771f,Xài êm mượt phím gõ không kẹt ạ. Xài một thời gian nếu ổn sẽ mua thêm ạ,5,2024-09-06 20:47:05,0,True,20994346123,131085332,0,0,0,0,0,71,18
0758e6eed49bde2859683b71bb144a4996fa2276aa2accda0518eaa41cc9aadc,"Bàn phím đẹp, gõ phím rất là êm luôn, không bị hư hỏng, giao đúng màu, đóng gói đẹp",5,2024-09-08 19:07:19,0,True,20994346123,131085332,0,0,0,0,0,83,19
be1c3fc3aa0b6c95ae37eb06b50df03d301f15d609817a7ec4cc7ca2bee8eb7c,Âm thanh:tiếng đã Độ bền:phe,5,2026-03-03 22:41:17,1,True,20994346123,131085332,1,0,0,0,1,28,5
255c577be6eb56dc9b51fcf0eac8f1d2b5c8048038ece09202bc22a6049d2efe,Bàn phím khá nhỏ hơi khó bấm đóng gói cẩn thận tiếng nghe ổn giao hàng nhanh,4,2026-01-16 18:14:33,1,True,20994346123,131085332,0,0,0,0,0,76,17
e81c4f419722013e2f53c3939008e3b6fd5938ddb3b1fc108d2e697c2782a15e,sản phẩm tốt sài khá ổn,5,2025-12-16 09:56:55,0,True,20994346123,131085332,1,0,0,0,1,23,6
9f7fc53acd16af18ddfe25ff4442bc079be3e63bed9c0a96a521bb1bd3b87efa,Mới nhần hành thấy sp okla,5,2024-08-29 15:08:37,4,True,20994346123,131085332,1,0,0,0,1,26,6
b98177085f2f5eeb5c7e466e34f3114d8d2a4504fc66f968cfb6b1ed1574eff4,"Shop làm ăn uy tín, hàng ngon, mừ đỉm",5,2025-02-18 16:08:29,0,True,20994346123,131085332,1,0,0,0,1,37,9
b5fde6fd19b8336314d67e5939f7f72e5f13e0a373f983a7bee12530b5cabd5a,Shop giao nhanh Sdt: 804,5,2024-02-20 12:27:39,0,True,20994346123,131085332,1,0,0,0,1,24,5
752bff823bc471af87942bf237ceae9958b860a02be4893541045bf05c827b18,Âm thanh:ổn Độ bền:chịu Kết nối:3 mode Shop nên đổi lại thông tin từ hotswap thành hotswap rivet chứ tháo ra thấy hai ống kim loại thì lừa quá,2,2026-05-09 15:24:51,0,True,20994346123,131085332,0,0,0,0,0,142,29
055e07a3315a541e4eb0092cd174f5bae7af7b789e0e01174380a79acffe6a95,"Chất lượng sản phẩm:tot Tính năng nổi bật:lam viec đẹp, đèn nhiều màu, nhưng tiếng hơi ồn, thích hợp dùng ở nhà",5,2024-11-30 00:35:02,0,True,20994346123,131085332,0,0,0,0,0,111,22
9cd2509f9e77953eb5d8298411a5fe55413c5a3debced634da3611b30cbd76e5,4 phím di chuyển thấy trong hình màu đỏ nhưng mua về lại màu đen ?,5,2024-02-24 10:09:36,1,True,20994346123,131085332,0,0,0,0,0,66,16
e93ffa4491206648a84c0a0822e177c859b1470436c1ebb17fefbbbb09c898f9,Đóng gói giao hàng nhanh shipper thân thiện nhiệt tình dễ thương quá,5,2024-08-19 14:33:49,0,True,20994346123,131085332,1,0,0,0,1,68,13
32df5de98d9829e366accaf84a9db756aa14ad370db225f12a4a4e2ad9adbb9f,Bàn phím chất lượng tốt,5,2024-03-13 14:04:26,0,True,20994346123,131085332,1,0,0,0,1,23,5
25b47a2a4f3658784bf7a33782f1875b7789163ec22c49640dc50ac9f27a2fb8,Shop giao hàng nhanh và đóng gói an toàn có cơ hội sẽ ủng hộ lại ạ,5,2025-06-23 16:05:02,0,True,20994346123,131085332,0,0,0,0,0,66,17
38ec3dc49567d65ead00abcea770c26d56aa41b41fb50658bb7ac83990c1c359,Chất lượng sản phẩm:tốt 809,5,2024-02-19 14:59:04,1,True,20994346123,131085332,1,0,0,0,1,27,5
1746d634d3a6406bf386d57109d6e88038f74ac600b13d63c5793166c77d622e,"gọn tiện, kết nối cũng nhạy",5,2025-02-20 03:40:52,0,True,20994346123,131085332,1,0,0,0,1,27,6
6558e390da8f1742f1aa1fcbade93528236589bbe351dab05a8d82386fbd8a02,Nhỏ gọn (567),5,2024-04-19 14:39:44,5,True,20994346123,131085332,1,0,0,0,1,13,3
d54e084ad30aea32fc19b2da2c9b58ebe4fe87eb06cbb22f8124697667123ede,Đã nhận đc hàng sản phẩm như hình ảnh,5,2024-08-08 10:11:31,1,True,20994346123,131085332,1,0,0,0,1,37,9
17b0220ab3782e00dadf64b4775c76b8ccc1c9aad191eef7da68d00c3cfbb3e8,Âm thanh:tot Độ bền:tot Kết nối:tot,5,2026-06-14 10:59:02,0,True,20994346123,131085332,1,0,0,0,1,35,6
e48ca3ec3b66746cc500a2c5b4201f9026c565c7f0ee0ad0c86e1e8e7e757533,Chất lượng sản phẩm:tốt Tính năng nổi bật:hôm trước mua shop coa tặng kèm switch dự phòng nhưng lần này thì không,5,2025-01-06 11:44:52,0,True,20994346123,131085332,0,0,0,0,0,113,22
13e30b7159778870dc7c03319adf32c949b9a783ccf57415abaad24428008926,221 Hàng ngon,5,2024-12-21 11:29:13,1,True,20994346123,131085332,1,0,0,0,1,13,3
170bb48d515c7e46d13f6834156b9976c70b6ebee63606d3df0147842351ebd5,Tốc độ nhận phím rất chậm hay bị delay mặc dù kết nối dây,1,2024-04-01 08:07:55,0,True,20994346123,131085332,0,0,0,0,0,57,14
d2a118f2f9951d964e5047d1d67a1ef6026c99ef6806d062e66319f3298b9f8f,Âm thanh:êm Độ bền:dùng rồi biết sau Kết nối:1 mode,5,2026-06-09 18:29:45,0,True,20994346123,131085332,0,0,0,0,0,51,10
d0eccc91abd0b404e70df6c57fabea9fe96584e12d39635702145e1b55bae2f4,"Nt kh rep, phục vụ chán nên cân nhắc😤",1,2024-09-13 01:24:56,0,True,20994346123,131085332,0,0,0,0,0,37,9
c5287d163865234879774b99b0cc235087968c86e0a0cd5d4ba17ec2871c3b7c,"Ngon luôn!!!! Nhưng mệt cái nhớ dàn phím lệnh muốn mệt á…. Nhớ ko nỗi luôn fen, ước có cái núm xoay",5,2026-01-06 23:08:42,1,True,20994346123,131085332,0,0,0,0,0,99,22
f13fd67bca1fe8625cab358a2be4da29172167f0715e44a4e4897c50eff57ea3,Đã trải nghiệm đủ cần pass lại giá siu hạt dẻ Zéplo: ko chín 4 5 tám 6 tám ko chín 1,5,2024-07-15 12:03:17,0,True,20994346123,131085332,0,0,0,0,0,84,22
6dc30acc79f937e0b5690599c1c18426594dfd987c56f176738249cfae7feb12,Chất lượng sản phẩm:tot 871,5,2024-02-21 11:37:16,1,True,20994346123,131085332,1,0,0,0,1,27,5
c413f390fcc1accd01c982117bc98a7a90c0cc60b795b682e7f2d2d375838592,"Chất lượng sản phẩm:oke, chắc chắn Rìa các phím có xíu nhựa thừa còn lại xài oke",5,2024-09-07 12:30:13,0,True,20994346123,131085332,0,0,0,0,0,80,17
1ca5489a28b584a50f88c720dbdff5d81d3700218b5a41c6110b7dbb487eb791,"Sản phẩm mình sử dụng cảm thấy rất oke, mọi người có thể tham khảo nhé. Hình ảnh chỉ mang tính nhận xu",5,2025-09-20 12:13:58,1,True,20994346123,131085332,0,0,0,1,1,102,23
40bb97b0699b091f1b715eb9397ab3d24adc430fab03064c0ffe33fecdb2b506,"Sản phẩm tốt, giá phải chăng, giao nhanh, đã mua tới 5 cái rồi nha",5,2024-10-31 08:08:08,0,True,20994346123,131085332,0,0,0,0,0,66,15
2b8b308cbd54726f9ca9a17220ea2b365412dee40e3c350c4fe09de60d7a4faf,Sản phẩm oke giao hàng nhanh shipper thân thiện. Hình ảnh chỉ mang tính chất nhận xu,5,2026-01-11 23:05:49,1,True,20994346123,131085332,0,0,0,1,1,84,17
c35b2e724c664426d5d17742699b2e973f62bb657ba189b7814628a527ede6ad,Chất lượng sản phẩm:ok Tính năng nổi bật:chơi cf quá ok luôn ok,5,2025-10-02 22:08:25,1,True,20994346123,131085332,0,0,0,0,0,63,13
f7935548ef17893602a7d9906c7b5501727160bc3bd5be6754949e23c70ae956,Kết nối Ko dây hơi kém.lâu lâu lại mất kết nối,5,2026-03-01 23:12:01,2,True,20994346123,131085332,0,0,0,0,0,46,11
27c0e87a596602a2042443e06b3c6030340df84472b7d7324f8de749035fe899,Tính năng nổi bật:tốt Chất lượng sản phẩm:ok,5,2025-09-19 17:32:56,1,True,20994346123,131085332,1,1,0,0,1,44,8
bc286210785dc0d7da6d52fea2ae4afb62ae4e9e031468d65248bdae7c18b9a5,"Bàn phím tốt, nhạy giá hợp lí. Đáng mua",5,2025-12-21 22:15:29,0,True,20994346123,131085332,1,0,0,0,1,39,9
5840c3bc9b6bcfae1f2389e0f55f9926428712b0100ea85420a732e5fc0467e6,Âm thanh:mid Độ bền:mới dùng Kết nối:đc á Tốt,5,2026-06-06 19:40:43,0,True,20994346123,131085332,0,0,0,0,0,45,9
ba1fb3b154b8fb251cf24a29b019dbd5d8e83de9b243f39e98ee46b3a6b47997,"Quá là ưng em bàn phím này, shop hỗ trợ nhiệt tình, sẽ ủng hộ shop.",5,2024-06-20 01:21:37,0,True,20994346123,131085332,0,0,0,0,0,67,16
d4daafbff99e3efaad4c0526e81e54e9dcfc20b91f9726fd4a8bc872a711b7d7,"Sản phẩm tốt, đẹp, giống mô tả. Hy vọng sẽ bền",5,2025-04-26 16:32:10,1,True,20994346123,131085332,0,0,0,0,0,46,11
66918ee0c0a380b628a33a1aba554855eb4b734359292a982785c79da91db520,"Tuyệt vời lắm nha, đèn siêu đẹp. Yêu sốp",5,2025-02-12 10:46:39,0,True,20994346123,131085332,1,0,0,0,1,40,9
31ce4ddb9cd767e793e73cf0d553c718ecd9f02f2d74ac847afe88e5d939cf0f,Tính năng nổi bật:kbt Chất lượng sản phẩm:tốt Mình mua với nhu cầu đánh máy học và làm việc là chính chứ kp để chơi game nên thấy bàn phím dùng cũng ok,5,2025-02-19 08:21:08,0,True,20994346123,131085332,0,0,0,0,0,151,33
d68dbe464185245fc007826deedcf9f656a8dcb016a2272efe61a60b8c05ded1,Đẹp chuẩn ưng ý bấm sướng nha,5,2025-07-10 22:40:43,0,True,20994346123,131085332,1,0,0,0,1,29,7
cdb5299247ff4a6e00978ab6bb95af410a94d85d4b3dcace6a51a2a343375c80,"Chất lượng sản phẩm:tạm ổn Shop đóng gói cẩn thận, giao hàng nhanh bàn phím sd khá ok",4,2024-10-20 10:01:12,0,True,20994346123,131085332,0,0,0,0,0,85,18
0aaba0c67b3fd239fbe82e413b63eb7a66b2f06304fad8d7cd9dc5d8dce58e59,"Ko alt tab chuyển tab dc, Kết nối cx khá khó vs mac, nhưng thôi k sao, cho 5 sao ! Vì đẹp Vì đẹp",5,2024-09-10 20:36:25,1,True,20994346123,131085332,0,0,0,0,0,96,25
913122b280aaa90f1f5c83df4579fe255cbc413b9b5b6fd9ca1d881e758ca03c,"sản phẩm rất tốt rất đáng tiền mua, săn sale nên giá cũng oke, mọi người nên dùng thử",5,2025-10-27 07:38:58,0,True,20994346123,131085332,0,0,0,0,0,85,19
e904a93de670aaff71aabc3f917215a8a5e9502d41a1b6cb004565a2270a9fcb,qua ngon cho 1 con bàn phím 400k,5,2024-10-23 17:25:30,1,True,20994346123,131085332,1,0,0,0,1,32,8
f9c4e918d8be32d0e2b84aec75751e7bbfe115f50092934e054e680fa011b01f,Chất lượng sản phẩm:quá tuyệt vời Trong tầm giá 400k mà mua đc em nó đúng là tuyệt vời.,5,2024-08-27 18:37:41,1,True,20994346123,131085332,0,0,0,0,0,87,19
7ccb3e85d24eb252af184f463b64075208f880aeb0261cda7fcff50e9dfcf7d3,HÀNG CHẤT SỬ DỤNG NGON.,5,2025-05-23 08:52:57,0,True,20994346123,131085332,1,0,0,0,1,23,5
e1288c2f0260a2e09e7679bf56059f40a628ad54d064660342e9420f262fe45d,Cảm ơn shopee và nhà sản xuất đã mang đến cho người tiêu dùng sản phẩm giá tốt,5,2024-11-08 14:15:47,0,True,20994346123,131085332,0,0,0,0,0,78,18
e814f0a73e4049cd9e5ecb16e0e5e03d54a4f3437c6142c3f544d740203ae8f5,698 hàng đẹp,5,2024-05-30 12:37:23,1,True,20994346123,131085332,1,0,0,0,1,12,3
b0ea7151507e596441dd45383811d9220d15bea9ebbc0f93f2663803c8914d3e,dịch vụ rất tốt ạ,5,2023-11-03 15:13:58,1,True,20994346123,131085332,1,0,0,0,1,17,5
263264052b89e2176d0825b0f048037b1bb4d51cf7652ca4887215f819e98cb3,Tính năng nổi bật:phù hợp tầm giá Chất lượng sản phẩm:H68 Cầm chắc tay Ko có điều chỉnh độ nghiêng bàn phím,4,2024-06-15 19:26:52,1,True,20994346123,131085332,0,0,0,0,0,107,22
855301a004c2d08d8b386cf88c2608d084561daa639e3c89d613c6fe8eb3cd43,Đồ bền phải sài 1 thời gian mới đánh giá đc,5,2025-07-10 13:10:41,0,True,20994346123,131085332,1,0,0,0,1,43,11
6944b9cdc105e6f100669e1588105d589aeea080377e5d59d3f5b5ac51e9ef44,Tổng quan thì cũng ok phết,5,2024-08-05 13:52:43,1,True,20994346123,131085332,1,0,0,0,1,26,6
4655bbf03513280fe412a96cdb0bfad891231ca388feddcc71ff4af45cd1b935,Tính năng nổi bật:phím dùng êm Tốt,5,2024-08-18 20:06:04,0,True,20994346123,131085332,1,0,0,0,1,34,7
92e92df50c863506be0cc8406abf0ee034f257ef2979e00fb5edbd90028a1ba8,Chất lượng sản phẩm:ồn Tính năng nổi bật:đa cổng kết nối Giao hàng hơi lâu Xẻ kiểm tra và đánh giá lại sau,5,2024-10-04 15:29:59,1,True,20994346123,131085332,0,0,0,0,0,106,23
1d189de97c5057d3c49f78ef8eb67b48f05acec8ee7a08aca178870364801879,"Chất lượng sản phẩm:oke Tính năng nổi bật:kdsjjs Mình thấy sản phẩm khá ổn, sử dụng dễ dàng và đáp ứng được mong đợi. Tuy chưa thật sự hoàn hảo, nhưng về tổng thể thì rất đáng thử.",5,2025-10-08 22:46:46,0,True,20994346123,131085332,0,0,0,0,0,180,38
b09cb0c24d544658a2f48986a346503af8f3dc7bb2c6d0d4a56481c1a4f88034,Tính năng nổi bật:led đẹp,5,2024-01-03 20:18:43,0,True,20994346123,131085332,1,0,0,0,1,25,5
4c75f694d1dcc61521aae1a57e7bad9d4161ce384e73d554dbac74a89216d07d,Xinh dễ dùng ok hợp lí giá rẻ nên mua mn ạ conh lắm. nha iu iu nhìu nhìu,5,2024-09-11 00:02:03,0,True,20994346123,131085332,0,0,0,0,0,72,19
de64f3f54c6d7aa9d4f86e1cb6634e6e0926d7a1334f9a318b087516068b39a7,"Mới dùng cảm thấy oke, về lâu dài thì chưa biết như nào",5,2024-12-13 08:00:38,0,True,20994346123,131085332,0,0,0,0,0,55,13
ade78d7d387b4b95366dfbd8f5b18f9010317305ae26317c5a5ee2dc57f1929f,"mình đã mua lại lần hai, sản phẩm oke và dùng rất mượt, đáng mua nha",5,2025-08-19 09:42:26,0,True,20994346123,131085332,0,0,0,0,0,68,16
217b0b3a3be3a61a6b7ddc6f9075def293b325ddb71d1b6e26f0a4dbd0b1c55b,Bàn phím tốt trong tầm giá,5,2024-03-08 00:04:14,0,True,20994346123,131085332,1,0,0,0,1,26,6
63c7be2310d1afe973a2067be35e2919dbeb32ef60f8950162077ab8bb8869e8,Chất lượng sản phẩm:538 538,5,2024-05-02 10:10:02,0,True,20994346123,131085332,1,0,0,0,1,27,5
29da9fd135c55287b9ec211a194d7f170758da9a4fb27e3c868bd2e5f595cddb,Chất lượng sản phẩm:SP tốt,5,2024-04-02 12:27:57,0,True,20994346123,131085332,1,0,0,0,1,26,5
2095905799dca926011cc02c1bfab08e0682a353078d9739db412bd3aa9c8bb3,"Chất lượng sản phẩm:quá oke luôn bàn phím xài rất oke , nhiều chế độ led , nếu có blue switch thì tuyệt",5,2025-12-07 09:21:22,0,True,20994346123,131085332,0,0,0,0,0,103,23
008c6e316a6470b4cd36a78e8cf7a38750b5754eec362ae01b4f8cc50acbd7ba,Chất lượng sản phẩm:ok Gói hàng rất kĩ,5,2024-10-08 16:50:13,0,True,20994346123,131085332,1,0,0,0,1,38,8
395b94bf3c253fc24a1f8d7c8c0a19f68d5816f20618d85a6657189ed83b28f2,chất lượng sản phẩm bàn phím giá rẻ tốt mọi người nên mua đáng nhất,5,2024-07-15 11:43:37,0,True,20994346123,131085332,0,0,0,0,0,67,15
354e4d042469072ef62cd54117ba09d8faff21bfac8e21cbc5e38bf3d0d79158,Chủ shop nhiệt tình lắm ạ,4,2025-03-09 09:32:47,0,True,20994346123,131085332,0,0,0,0,0,25,6
56a221bb10a735846c9f32109fa1379d2892c83b8c1a9ef97d9551471bd3d74a,Âm thanh:chuẩn không quá ồn Độ bền:chưa bt nhưng ổn Kết nối:chưa test hết,5,2025-12-11 19:27:48,0,True,20994346123,131085332,0,0,0,0,0,73,14
7c9099687c92f680dcef1b27fd0a824a18ab5df4041064dedf1b48e6a9b6b856,Âm thanh:red switch Độ bền:Tốt Kết nối:kết nối nhanh Hộp hơi móp với bẩn,4,2026-02-05 15:21:07,1,True,20994346123,131085332,0,0,0,0,0,72,14
c588b84aa848d38411698781e8c148f2b66b02b5c413aa9f73ed8a97ca77a49d,Sp trước mắt thấy khá đẹp *049,5,2024-11-14 17:43:49,0,True,20994346123,131085332,1,0,0,0,1,30,7
9e21c67b2fda2333854b3c2a9cb5d70cb2c89b0bea7265de61d6006a01f2ea11,Đặt hộ bạn nhx k méo hộp nên cho 5•,5,2024-02-28 15:47:28,0,True,20994346123,131085332,0,0,0,0,0,35,10
0d2f906184ab889c0b2d69421efbca31a0ab9cd8daed249ad41e17eafc64d3a9,Tính năng nổi bật:bàn phím Chất lượng sản phẩm:Nhựa OK is the one who wants it again to get a hold on him,5,2024-09-01 17:12:29,0,True,20994346123,131085332,0,0,0,0,0,105,23
405e3ec6bb5bce490c6f50881edf3a06faf29e2979f5b5821c51d833e3156bd1,Giá rẻ trong tầm này thì thế này là ok r,2,2024-09-05 00:30:26,0,True,20994346123,131085332,0,0,0,0,0,40,11
50956f82c4fa4c6c4332ee325357a93d6f4384249bd1f9ce503993952a014bd2,Chất lượng sản phẩm:tốt gõ khá êm,5,2024-01-20 12:57:27,0,True,20994346123,131085332,1,0,0,0,1,33,7
424e2e077ed4cebfdf90bf0ce2c45590ba47d487e99e8693a95a2ae0df54755a,Bàn phím ngon swtich nghe ổn nhưng nó là led rainbow mà shop bảo rgb Bịp,5,2024-07-09 04:33:59,0,True,20994346123,131085332,0,0,0,0,0,72,16
d19c5b3bbd1793fa0892a212fbc2a26b1910e2f7a4c81800277f4f8ed041e7d5,Chất lượng sản phẩm:tots sản phâm tốt mỗi tội giao hàng lâu,5,2025-11-18 10:22:43,0,True,20994346123,131085332,0,0,0,0,0,59,12
039a21ca3128825704d943503eef008f4a3746df50b2817c2d37eed00204a3d0,Chất lượng sản phẩm:tuyệt vời Tính năng nổi bật:okok,5,2025-11-12 11:56:35,0,True,20994346123,131085332,1,0,0,0,1,52,9
81dae54c189447b1cd6eeb0e3d31af430e65e74d11220094bae42f09d3f688a0,hàng ngon đẹp bổ rẻ nên mua về trải nghiệm nhé mọi người yẹt sua,5,2024-09-09 21:48:30,0,True,20994346123,131085332,0,0,0,0,0,64,15
18b9186892c5fcc75aab2425b851d646a14f6799ee744a62dd111918201f8c81,Chất lượng sản phẩm:tốt Ổn lắm luôm,5,2025-10-27 11:09:47,0,True,20994346123,131085332,1,0,0,0,1,35,7
3531f32c4c5c2e8b029b7e02565ece8498657e04bd717449d167f2d55ea6f1ae,Chất lượng sản phẩm:ngon 543,5,2024-10-18 10:49:11,0,True,20994346123,131085332,1,0,0,0,1,28,5
3ea90da26e36bd9eb699a7145c28cb3b85314a52c07f589a13da00791a0adbb6,"Tính năng nổi bật:hostswatch ,led 24 chế độ kn 3 mod Chất lượng sản phẩm:Sài dần mới bt Mọi thứ đều ngon cho đến khi kẹp thay key vs nút ít kẹp thay ko lịch sự cho lắm k có giấy bảo hành",4,2024-10-22 21:13:10,1,True,20994346123,131085332,0,0,0,0,0,186,43
5c5794e805ef65a715e52f7c19a3966f338fa51f7a863eb50c10d2377f9fd81f,sản phẩm tốt chất lượng ok đánh giá mười sao nên mua lại lần sau,5,2024-12-27 15:21:11,0,True,20994346123,131085332,0,0,0,0,0,64,15
c8a97d9cbf1eb16f0fe31130ffdaec986874d021d8d58912c1d5bcc02a6fa458,Chất lượng sản phẩm:tuyệt đẹp 803,5,2024-12-08 13:58:29,0,True,20994346123,131085332,1,0,0,0,1,33,6
a9147d6aa1fa0bfa794b6fc0e67a9e85f2edb94f57e79994b6280ce7f4855901,Gõ êm,5,2025-08-05 10:07:17,1,True,20994346123,131085332,1,0,0,0,1,5,2
e7756069846e0cf486d33838e3917339f2c1f57f1be900e375f88e7f06c63bd5,"Bàn phím bấm sướng, ổn với tầm giá, nên mua",5,2025-08-26 19:57:02,1,True,20994346123,131085332,0,0,0,0,0,43,10
bbf2b0b5605b9f15aaa683d7780fd5fee1d00eb1b8d088610930e2c015f83e9f,"Đẹp bấm nghe phê vờ nờ cờ, nhấp nháy nhấp nhủng các kiểu nghe chắc chắn okkkkk",5,2025-11-14 16:18:24,0,True,20994346123,131085332,0,0,0,0,0,78,17
e8ac78c5e1eba43e34e581494f0ff7a3bbd9b53d0fc94b084814e60d7f3cd6b5,"Âm thanh:êm Sản phẩm tốt,shop hỗ trợ nhanh 10d.",5,2025-11-02 12:48:33,1,True,20994346123,131085332,0,0,0,0,0,47,9
78ab5e276390e0512a383662929fe1aa4b42e2afcbec465a3f5375ca17a89e1d,Tính năng nổi bật:ngon xịn,5,2024-03-27 20:31:21,0,True,20994346123,131085332,1,0,0,0,1,26,5
2da1cfdb38e82ab1dfd118bc9ff7fdf2880651afdcabef1430bf20e617aa758d,Chất lượng sản phẩm:tốt 237 237,5,2024-02-20 08:14:01,0,True,20994346123,131085332,1,0,0,0,1,31,6
8e77053d00a0e015659098b68a5a9d7dbb8b5b43b3d5e47f32555d66de292c24,"Bàn phím cute vải chưởng, bé xinh, cơ mà tui vẫn chưa biết cách làm sao kết nối bluetooth hicc mò mãi ko đc",5,2024-10-15 10:27:59,1,True,20994346123,131085332,0,0,0,0,0,107,24
c472fee190ce5cdb178fd78fdd8627ea3ca4bc3bdb3cd7ce1426f46286080b03,Ngon á nhưng ko có sw dự phòng,4,2025-10-27 17:45:25,2,True,20994346123,131085332,0,0,0,0,0,30,8
16f4895c0fccac01321d1d91c50cd4e916cb1273f5f1f9426efd07ea20e66b8f,055 ok về chất lg,5,2024-06-10 21:54:23,0,True,20994346123,131085332,1,0,0,0,1,17,5
9d825f66cf73e8df9bd4abf5ac02095955c97c5ed0950099fe7cf411faa03e51,Tính năng nổi bật:600 600,5,2024-03-31 00:34:16,0,True,20994346123,131085332,1,0,0,0,1,25,5
354a4bba203daffce8b3c389e21e1a34221c65d85f5114eb3a9df8ec5285581c,Chất lượng sản phẩm:Tốt Tính năng nổi bật:nhỏ gọn,5,2025-09-25 08:50:30,0,True,20994346123,131085332,1,0,0,0,1,49,9
134a513a93e79bdb0391cf067660ed33d72d250f77eced83142ae6c421ae1c5d,Phím êm rất nhạy,5,2024-08-09 15:36:38,1,True,20994346123,131085332,1,0,0,0,1,16,4
59051ee06760ce7d57785dceda9601a92dc9df0f756c2c3dd23331f7f0118811,Sdt: 001 Bàn phím ngon vl,5,2024-02-20 21:08:15,0,True,20994346123,131085332,1,0,0,0,1,25,6
e3d075ffcd68b31e20d3d3085a9165183eec088f6b2fcf1109c213dfcb02f135,Sản phẩm rất tốt,5,2024-08-01 17:02:15,1,True,20994346123,131085332,1,0,0,0,1,16,4
fb30a80a8e66d072b663f945039c48bc20c14a9b718e4363bd3678daf3946e11,Bàn phím sử dụng ok gõ êm bảng Hướng dẫn phím tắt chưa được chi tiết lắm nhưng mò một hồi vẫn ok . hình ảnh mang tính chất minh họa,5,2025-05-17 13:25:15,4,True,20994346123,131085332,0,0,0,1,1,131,31
e305009e1a737ac362d27d01b8312cb057000c7ff44766054678857eaa5b35a5,Chất lượng sản phẩm:ok đáng dùng,5,2024-03-01 14:07:37,0,True,20994346123,131085332,1,0,0,0,1,32,6
2a2cab11d212eb3d534f264de326dddbeb658d59f2f5dff7fb5066ae50095c16,ok nuôn,5,2024-11-01 10:50:06,1,True,20994346123,131085332,1,0,0,0,1,7,2
ba01ec3c04a689768ab1566ea9720de81c72fd25ca85909cd3e246e67111c143,"Dùng ổn, êm, bàn phím nhỏ",5,2025-09-06 11:26:56,1,True,20994346123,131085332,1,0,0,0,1,25,6
138c508c1da2127e72fe84b7095abf2ecb2be37c0751aeb4271ed930a60ef3d0,"bàn phím tốt, shop hỗ trợ ok",5,2024-11-14 17:03:34,1,True,20994346123,131085332,1,0,0,0,1,28,7
14267ce9ef6a0c1a16ff9e7d57c24f6cec499755831df03f6ec3fff5bd4b343b,Bàn phím quá ok luôn ạ,5,2024-11-02 13:04:27,0,True,20994346123,131085332,1,0,0,0,1,22,6
989943f0f8a66c3953c8304d1d227afb33f2c81d44ede7087279938ef154d7cd,Đặt màu đen giao trắng m đùa t à,2,2024-01-23 17:47:15,1,True,20994346123,131085332,0,0,0,0,0,32,9
3e587a7663fad4915b17393da4bd78397096ed9ca873db03647da0d28e34ebad,Giao nhanh hàng ok,5,2023-12-15 09:30:50,1,True,20994346123,131085332,1,0,0,0,1,18,4
01141a19b67d15fa1ce27751d35d84b965f8a65bf0c76524df7400f51887dc2d,"Âm thanh:nghe rất choái tai, k như nhưng phím cơ khác, tệ Độ bền:nhìn rất kém, không nên mua phí tiền Kết nối bluetooth lúc được lúc không, đang sài cứ mất kết nối mãi",1,2026-05-21 15:38:02,1,True,20994346123,131085332,0,0,0,0,0,167,35
097b7e86cbd889b75f0d2e263537abcf23c5c22f3ff014f57b9853b4a5dd4e55,"Chất lượng sản phẩm:005, hàng ổn lắm nha",5,2023-12-21 11:19:47,0,True,20994346123,131085332,1,0,0,0,1,40,8
3d67fb565d95a6f10aff8d78df0c17d3320dc550620a5fa8b35cf1353d249586,Sản phẩm ok nhưng không có tem chính hãng của atas ở sau như của bạn mình Sdt 330,5,2024-12-15 23:05:11,1,True,20994346123,131085332,0,0,0,0,0,81,19
6d2aad7d4047ea4cde70ef0291745fb4534c8e0a216e4a85241b169e7ace5762,"Chất lượng sản phẩm:ok tuyet voi,beautiful,nha sang tao the ki,ban thiet ke vi dai",5,2024-05-10 09:23:42,0,True,20994346123,131085332,0,0,0,0,0,82,14
35f806501a60d1efd7cc913b2a1661cd45107e3852d942ea365ab19d628ae754,Giao hàng nhanh 902,5,2024-10-26 11:10:59,2,True,20994346123,131085332,1,0,0,0,1,19,4
807e1670df51521fe226fb4f40da885df25d59bd7e5b5301763a3336db61f061,Độ bền:treo đầu dê bán thị chó,1,2026-04-29 14:05:38,0,True,20994346123,131085332,0,0,0,0,0,30,7
db6386ecbfe5770571469388cd9e041ffa3e7826189d68586e09f71ed2402e00,nhắn tin shop k trl còn bj lỗi kết nối k dc,1,2024-07-31 07:17:11,0,True,20994346123,131085332,0,0,0,0,0,43,12
70b3785ff8e743a68377653745119210a28e7f03c29ccea69a6e0f026e9bc59a,Hàng okie,5,2025-05-01 10:46:40,1,True,20994346123,131085332,1,0,0,0,1,9,2
d2e32c68df949d7e31c99fddcb3c73ddd9a802cc233d2cd502361aec8155863b,Âm thanh:âm thanh tốt Độ bền:độ bền kém 2 ngày đã hỏng Kết nối:usb ko kết nối đc Tệ,1,2026-04-04 11:55:27,0,True,20994346123,131085332,0,0,0,0,0,83,19
f0aa34d8132b5405d73decd0ab9d7bddfd9f2fed5c6a476394c938d3e847135e,"Sản phẩm khá tốt trong tầm giá này, nên mua Cái cây dùng để gỡ phím ko giống ảnh chỉ là 1 cái móc nhỏ Có mấy chức năng ghi trong hướng dẫn có vẻ là của rgb mà phím này ko có :<",4,2024-12-02 11:02:46,1,True,20994346123,131085332,0,0,0,0,0,176,44
bc4a578b7bb376eb552b1e2ab1ab71c8cf5408b5d77aa5b37e82cee2c5c9966e,Nhân viên ko giải quyết vấn đề Bàn phím ko giống quảng cáo Nói chung là tệ,1,2025-08-17 20:46:15,0,True,20994346123,131085332,0,0,0,0,0,74,17
c60f0781954399a6cc5fd97f987e69d715127970ec1277609d69120766ed7636,Đã đang gấp shop còn giao nhầm màu,1,2025-08-26 14:18:18,0,True,20994346123,131085332,0,0,0,0,0,34,8
e93ffa4491206648a84c0a0822e177c859b1470436c1ebb17fefbbbb09c898f9,"Mua đợt sale shopee vip nên không chọn được loại 3 mode, dù sao cũng rất ok",5,2026-06-08 17:15:23,1,True,20994346123,131085332,0,0,0,0,0,75,17
5092e045bd523945d32d568f8fd60661f4ce323fb0898d48bc7dd4bb27ff9434,bluetooth cực delay + hỏi shop trả lời chậm cực kì,5,2025-06-03 16:12:15,0,True,20994346123,131085332,1,0,0,0,1,50,11
afd738330b0df95a0ed55068a0613eb8cdcaa2bddc6cb2ef130156e29c832585,"Mặc dù hình ảnh và video mang tính chất minh hoạ nhưng mà bàn phím xinh, chỉ buồn cái là trên review tặng quá trời phím phụ kiện nhưng thực tế chỉ tặng 2 cái phím thay thế",5,2024-03-11 10:50:51,0,True,20994346123,131085332,0,0,0,0,0,171,38
a682c19ad198a028c7671f831be7361856304cb9bee51f24f89d37632cd14096,Bàn phím đẹp,5,2026-01-18 11:26:34,1,True,20994346123,131085332,1,0,0,0,1,12,3
c25161ac3c706081b58a928263a463c0000054c4c3e563d5ad925f3607a7963a,"Shop làm ăn bẩn tính . Khách hoàn hàng như cố tình phóng đại lỗi sản phẩm lên để từ chối hoàn hàng. Đổ lỗi cho khách làm bẩn trong khi vết bẩn là bụi lau qua là sạch ( đã có video quay lại bằng chứng ) , còn cả đổi lỗi nào thì hộp rách nào thì tháo nắp trong khi hàng nguyên vện , hộp rách thì là cái hộp cotton khi tháo ra để kiểm tra hàng thì chả phải rách . Mặc dù tôi đã thương lượng phương án giải quyết nhưng tk shop bẩn tính vẫn ko chịu vì tôi chủ quan không quay lại video bằng chứng khi hoàn hàng Ncl là nên tránh tk này ra",1,2026-04-22 17:51:50,3,True,20994346123,131085332,0,0,0,0,0,532,124
506acc2f38158b76bcde4a0f95fd89748c119a53dbc8bd12632e18a0fd7ebc7f,Đánh giá mang tính chất nhận xu không có gì thay thế được sản phẩm tuyệt vời,5,2025-11-17 21:36:53,0,True,20994346123,131085332,0,0,0,1,1,76,17
36fe8a5183dcd0d701fcb6c3b85bafa232752c0ccee49c32fac01724a49b6bc6,Tính năng nổi bật:ok 509,5,2024-10-14 18:30:42,0,True,20994346123,131085332,1,0,0,0,1,24,5
54a2cf829e7f4aab10dd10e6dce862d1d53b65524b520d594fce2bc225ba6cc7,Tính năng nổi bật:ok Chất lượng sản phẩm:ok,4,2024-11-03 11:40:51,0,True,20994346123,131085332,0,1,0,0,1,43,8
15adca386846bd240becaa5f8f9d6f67c2a67cac48f232ed733d739a8565376d,Ố mai gót quá tuyệt vời quá hấp dẫn quá là đẹp quá là hợp ý zé oh sầm,5,2024-07-08 19:13:42,0,True,20994346123,131085332,0,0,0,0,0,69,19
bd3d30238e79d95b6ac62d9c8419e319b7122dba24cd5a43ed11b678901af5b3,Tính năng nổi bật:ổn Chất lượng sản phẩm:đẹp ưng,5,2025-03-13 13:15:40,0,True,20994346123,131085332,1,0,0,0,1,48,9
c4d082ad6b08d841a3e994b7c4926615a51a8866e6c40792babb53b9e3c26704,Mới sử dụng thấy tương đối tốt,5,2026-01-22 18:22:00,0,True,20994346123,131085332,1,0,0,0,1,30,7
b643f23c7c4e373beb74081576dc9f619e9c012bc534f53591328275cb433dd5,"[QC] Đón xem hai trận cầu Ngoại Hạng Anh siêu đỉnh cao trên TV360: Man City - Brighton lúc 22h ngày 15/3 và Arsenal - Chelsea lúc 20h30 ngày 16/3 tại http://s.viettel.vn/ksport_1 (100% Data tốc độ cao). Soạn DK KP1 gửi 1331 (60.000đ/30 ngày) để đăng ký gói K+ SD trên TV360. Gói cước gia hạn sau 30 ngày. LH 198 (0đ). Từ chối QC, soạn TC4 gửi 199.",5,2025-03-15 01:33:39,0,True,20994346123,131085332,0,0,0,0,0,347,69
abac67054feb6543d232fc139fdc20ac0cfabefbc7b53b7a66ad67af3fc5d90e,Chất lượng tốt,5,2026-04-27 10:29:42,0,True,20994346123,131085332,1,0,0,0,1,14,3
43100452818db72d931dda35a0dfdc8444d853459cedfff400b3caa7df777c23,Chất lượng sản phẩm:tốt,5,2025-06-25 19:30:20,0,True,20994346123,131085332,1,1,0,0,1,23,4
9afbc8a1ee03ace6895bb40b628174ab69a6edd32a8038826cf063ee6baeaec1,Chất lượng sản phẩm:tốt,5,2025-10-19 14:06:57,0,True,20994346123,131085332,1,1,0,0,1,23,4
dc2a65555642e59b08a8e5415a3892fb5b44e48dda400146ee14cb3989bd71a2,Dùng tốt,5,2024-03-12 07:48:03,0,True,20994346123,131085332,1,0,0,0,1,8,2
dd5fd176a8113d926d2802133fe6ed5f6b6d1c48ade322791b152356707b6c87,Phím ok nhé ...859,5,2024-02-29 14:53:33,1,True,20994346123,131085332,1,0,0,0,1,18,4
3583389f7f322833ce66bff61567d5caab17a57825dea43de0d024bf1efe0c6d,bàn phím ok nhưng có 1 thứ không hài lòng là shop bắt đánh giá 5 sao mới bảo hành kiểu như ép mình đánh 5 sao chẳng lẻ hàng kém chất lượng cũng bắt đánh giá 5 sao...?,4,2026-02-06 20:55:54,0,True,20994346123,131085332,0,0,0,0,0,166,39
b3e1a629cff65f818a56175d8b650e7d5bcb92c4dd8b727c8ab4ffdbad5aaf9d,Giao nhầm màu xanh trắng với cả keycap được tặng kèm là màu hồng :v,4,2023-12-28 16:19:13,0,True,20994346123,131085332,0,0,0,0,0,67,15
f9182872f9fe7a25c3fb510431ee01bdafa3a19d1c0ab361f9711c0f9b2782b8,Chất lượng sản phẩm:te Tính năng nổi bật:bị hư nút cách ko nên mua nhé,5,2024-10-02 23:48:52,0,True,20994346123,131085332,0,0,0,0,0,70,15
25c5892b66a98c1b572ed29303a08075163234418315fab2b1b71bdbc7f2e1f4,"Cũng ổn, 4 nút màu đỏ là điểm nhấn nhưng hong có, thay bằng màu đen 🥲",5,2024-08-02 09:54:11,0,True,20994346123,131085332,0,0,0,0,0,69,17
8debb5587f7cd87d12eb8f74b3a1100761c9c35cd8ae4c13af0c1159760b5a73,"Hàng nhẹ, vỏ nhựa nhẹ hều, có led vào cho đẹp chứ không xuyên thấu hay tự động tắt TBM 10 thì con này chưa đc 5 điểm, độ nặng thì chỉ bằng 1/3.",3,2025-11-26 16:15:23,0,True,20994346123,131085332,0,0,0,0,0,143,34
e0c0b49ff62ea1dd1593eea08087301208cd7cabdc93316c36f2abfd8a8c2150,Chất lượng sản phẩm:525,5,2024-05-18 18:49:19,0,True,20994346123,131085332,1,0,0,0,1,23,4
bd9cb8afff0ced2f7897a74caa782e885ce8f595f897a2d7c4fe9fbc790d65eb,Tuyệt vời,5,2024-04-13 08:22:40,1,True,20994346123,131085332,1,0,0,0,1,9,2
79056efd6ffc0c2476976499162cfdc482daef6f0dce72287db0081e051a06df,"Sau dùng 2 tuần thì thấy Double click, thi thoảng bấm 2 lần liên tiếp 1 phím để soạn thảo tiếng Việt thì lại ko nhận, ko nhiều lỗi nhưng khó chịu vô cùng. Lúc mua đang cần gấp hỏi thẳng nhân viên có giao ngay trong ngày đc ko, đặt hoả tốc r, nv cũng chắc như đinh sẽ giao trong ngày nhưng cuối cùng hôm sau mới giao. Mất bao việc.",2,2024-10-15 09:55:19,0,True,20994346123,131085332,0,0,0,0,0,330,73
f3883f50742ac49ae75183a9ddbeb18f7368971867e200a835740939d875514e,Chất lượng sản phẩm:ok Ok đc,5,2025-07-18 05:48:30,1,True,20994346123,131085332,1,0,0,0,1,28,6
f3f9d56c5ce3ee138c858f9603d385e53c259a9e4ab2f74715107fe515ebb983,Hình ảnh chỉ mang tính chất minh họa thui nhưng mà nên nha mọi người ơi,5,2025-12-14 17:25:58,1,True,20994346123,131085332,0,0,0,0,0,71,16
053d917bc6882d32db4d7b12544c0518fb27a26b72e4cd1f6cb5e79b6775e1f1,"Chất lượng sản phẩm:Ổn Ko hiểu sao nhưng của tui led hơi lỏ, xài cũng được",4,2025-10-03 17:58:18,0,True,20994346123,131085332,0,0,0,0,0,74,16
0f55da5a59e5c11ebd3a15975510e507c298c93a2bf1d3ce2970d41146948ec9,"Mua phát hỏng nút ALT, may có cái hotswitch thay thế",5,2026-04-08 20:14:04,0,True,20994346123,131085332,0,0,0,0,0,52,11
53b0851616817924b6d8581f7ae76261d4f1b064ed784844f144f2cdf71bc008,Okvggdssssss sure em tg hú hhhyy là một loài bướm đêm trong cái hệ ấy không biết ai không có,5,2024-12-12 22:43:41,0,True,20994346123,131085332,0,0,0,0,0,92,20
3b9ca8cb5f187f83ff0f393ba87ed8c177c27990256afead811348ed6c4d3398,"không nhấn giữ phím cho hoạt động đc, khi đè liên tục xíu lại bị ngắt, không chơi game đc, xin ý kiến",1,2025-11-10 11:38:24,0,True,20994346123,131085332,0,0,0,0,0,101,23
10639a870eb4d35cf715477afe2712d3375370beff06deebf97321db93e0f38b,Hỏi đáp về chủ đề này t đẹp hơn mỗi ngày là có mùi thơm của bạn sẽ có,5,2024-08-16 14:15:08,0,True,20994346123,131085332,0,0,0,0,0,69,19
1aee8d0854feaabb2960a74b90d5e4d1f6043560b48714e809b1376d29800c8b,"Usb không dây không nhận bàn phím, kết nối Bluetooth lúc đầu thì được vài tiếng sau thì không kết nối được, không ghép nối được luôn sai lầm lớn shop không test kỹ càng rồi giao cho khách, quá tệ",2,2026-01-21 17:15:57,0,True,20994346123,131085332,0,0,0,0,0,195,41
4a5bf2bed44e564d225a53838e311bf36dd2992909f8e6e3994420f982eb58d9,Bàn phím quá xuất sắc luôn. Hơn cả mong đợi.,5,2024-05-12 21:02:33,1,True,20994346123,131085332,1,0,0,0,1,44,10
74109deb2c4bed4ab5d8b6a2c16bf51125d4d64d13f330f9c4df89e9c511644d,sao toi đặt màu trắng lại thành màu đen thế này hả shop,4,2024-12-28 11:24:38,1,True,20994346123,131085332,0,0,0,0,0,55,13
c44a3372a5213f2af56fcd5110a4ff991db9a6cfadff159235bf0a86612165e1,"Bàn phím ngon bấm êm 10đ,không có nhưng",5,2024-12-16 21:58:46,0,True,20994346123,131085332,0,0,0,0,0,39,8
31c575005b93f94c686f751b8c2b689640c24cbc99fa6e3b52201b2a7b62b7eb,ổn,5,2024-09-16 10:14:18,1,True,20994346123,131085332,1,0,0,0,1,2,1
9811712f0425a3381a51c25da3a09c96039b7df1ef0f0b672c4b1632234f1d5d,Bàn phím rất ngon đáng mua nhưng có điểm trừ quảng cáo thì bảo free thêm 2 switch dự phòng thế nào mà lúc nhận lại ko có 🙂‍↕️🙂‍↕️🙂‍↕️,4,2026-04-23 22:46:45,0,True,20994346123,131085332,0,0,0,0,0,133,29
086cbe7c01fd1541bcb9fc9a87363a46e542e8f2e8f3aae8dbbbc12cf5b38bf5,Đúng với mô tả:đúng Chất liệu:thun lạnh Màu sắc:tối màu Thun lạnh mịn. Đai lưng quần bản vừa phải. Màu đẹp và đường may đẹp và chắc chắn. Giá tốt so với sản phẩm. Để riêng từng túi nhìn sạch và sang. Sz chuẩn như tư vấn của shop,5,2024-06-01 20:50:52,3,True,21392161853,215736678,0,0,0,0,0,228,49
293c3ade04af213eba4066dd9cdaf0a5f20d4bde107a70d9fb5f55b02b402b42,"Màu sắc:Đủ màu Chất liệu:Su Đúng với mô tả:in hình Giao hàng nhanh, sản phẩm đóng gói từng túi lẻ, chất su mát, giá rẻ mà hàng chất lượng, nên mua thử nhé! Sẽ ủng hộ shop tiếp",5,2023-12-14 11:57:48,2,True,21392161853,215736678,0,0,0,0,0,175,38
66f7ffb0e0551e401609ba240431f0713a4f19bc50e42a5ed34a3a1048e57968,"Chất liệu:vải Màu sắc:loại tối màu Đúng với mô tả:chuẩn Shop giao hàng rất nhanh , bán hàng uy tín. Chất lượng sản phẩm rất tuyệt vời, mặc thấy thoải mái . Sẽ ủng hộ lần sau nữa",5,2024-03-25 22:24:56,2,True,21392161853,215736678,0,0,0,0,0,177,38
039142ff6307db7881e37cca3860aee49eea6fb15a3940188e17b63108bb16ca,"Chất liệu:thun Màu sắc:5 màu Đúng với mô tả:đúng Quần đẹp, lưng thun mềm co giãn tốt giá cũng rẻ. Shop gói hàng cẩn thận và giao nhanh. Rất hài lòng.",5,2024-06-13 17:52:21,2,True,21392161853,215736678,0,0,0,0,0,149,31
4ff5e8441d01d592880b1ba8a2fbc600fd3dc73f16d076f3ddd459781bfbb469,Màu sắc:đẹp Đúng với mô tả:đúng Chất liệu:mát Mình rất ưng ý. Phom quần đẹp. Co giãn thoải mái. Chất liệu mát. Shop tư vấn rất nhiệt tình,5,2024-04-14 15:28:40,1,True,21392161853,215736678,0,0,0,0,0,137,28
aada7459bcb3872156d8b804dee270668239379cb56fa3f62478cb823ea1683a,"Màu sắc:set tối màu Chất liệu:cotton co giãn Đúng với mô tả:9/10 Đóng gói cẩn thận, đóng túi zip từng quần, chất liệu ổn co giãn5666, giao hàng nhanh",5,2024-06-11 13:23:38,2,True,21392161853,215736678,0,0,0,0,0,149,29
c949a8445f5e41a97cd52a53e7d5632fbc66f7dfcf066aa51f1252ce2fbad189,"Chất liệu:vải thun lạnh Màu sắc:tối Đúng với mô tả:quá chuẩn Hàng quá là đẹp mn ơi. Này phải cho 10 sao chứ 5 sao ít quá,m sẽ đặt thêm cho người thân,cảm ơn shop nhiều.",5,2024-03-21 17:22:00,2,True,21392161853,215736678,0,0,0,0,0,168,36
a7d2ed1a61f2dc732c3f527e1acb8ff89a5cbc4f77124d3679cb494153caa98f,"Đúng với mô tả:Đúng Chất liệu:Vải Màu sắc:Đủ màu Giao hàng nhanh, đóng gói đẹp đẽ, có túi zip cho mỗi sp, mặc vào thoải mái như không mặc😆😆",5,2024-01-28 08:37:41,4,True,21392161853,215736678,0,0,0,0,0,139,29
0a6446d04ba0109abf57af9fe79dbc32aa1eea923160f126bb57e1d9c15536fe,"Chất liệu:thun lạnh Màu sắc:đủ màu Giáo Hàng nhanh. đóng gói đẹp. quần mặc mát, vải mềm mại. đường may tỉ mỹ. sẽ ủng hộ shop đợt sau.",5,2024-07-10 00:21:32,2,True,21392161853,215736678,0,0,0,0,0,133,28
78b92312827a94508d1d00d975c5fd5430bf9a8f902e6ba322b309f3cfbd11b4,"Đúng với mô tả:chuan mau Chất liệu:đẹp Màu sắc:chuẩn Màu chuẩn mẫu y bài đăng, đẹp hơn sự mong đợi, đóng gói đẹp, giao hàng nhanh, sẽ ủng hộ shop thêm vì đây là mua thử, rất hài lòng lên đặt thêm 👍👍",5,2024-07-11 11:35:13,4,True,21392161853,215736678,0,0,0,0,0,198,43
116f3402c8da86da5b0e0784e4bdcb01bfa1a6b62ed2e5058f4599d5cf36893d,"Màu sắc:ddjep Chất liệu:co dãn Đúng với mô tả:đúbg Mẫu mã sản phẩm đúng như shop giới thiệu,rất đẹp,chất lượng trong tầm giá. Rất xứng đáng được 5 sao. Sẽ tiếp tục ủng hộ và giới thiệu cho bạn bè. Cảm ơn shop nhiều",5,2024-03-17 10:39:32,4,True,21392161853,215736678,0,0,0,0,0,214,44
034e571965d838524858fbb63614f0444abe477ee69987f56cb64344cbf5647d,"Sản phẩm chất lượng, đúng mô tả, vải mịn mát,lưng thun chắc chắn, mình mua 10 cái cho ck mặc thay đổi, áp mã sale tính ra chỉ có 15k 1 cái, quá rẻ và chất lượng",5,2024-04-29 10:03:45,3,True,21392161853,215736678,0,0,0,0,0,160,37
dd966818775a38d735d5e24c9efb8c6f9e996035142adc11809c293d682d92b9,"Đúng với mô tả:đúng mẫu Màu sắc:tối màu : đen, than xám Chất liệu:thun lạnh thoáng mát Sản phẩm tốt, giao đúng mẫu, đúng size.",5,2024-04-18 10:38:22,4,True,21392161853,215736678,0,0,0,0,0,126,25
718b73f8b41e0adccb28e343bb134054e8aaa562f07a3e1f69e7dce10f16583c,"Đúng với mô tả:👍 Màu sắc:đủ màu Chất liệu:thun lạnh Quần xịn, gói hàng đẹp, mỗi cái 1 túi zip riêng Ck rất ưng vì tem mác đầy đủ, 10 điểm",5,2024-10-07 13:05:58,2,True,21392161853,215736678,0,0,0,0,0,137,31
fd7725127b6725614da596a4390d2b98d3cf443fda90186d19370f3cb54e2977,"Màu sắc:đen Chất liệu:thun Đúng với mô tả:đúng mô tả Quần mỏng mát, vải mềm mịn, mặc chuẩn size, ok lắm, đóng túi zip từng cái chất lượng, sẽ ủng hộ tiếp",5,2024-07-27 14:10:03,2,True,21392161853,215736678,0,0,0,0,0,153,32
cdacbcc18231610b11244b2435f491e4b2f342fbb11565a7e0b7eba5857f35fe,Đúng với mô tả:dung Chất liệu:mát Màu sắc:đẹp Mình rất ứng ý với shop về giá cả và chẤt lượng sản phẩm tuyệt cú mèo luôn hihi mát lắm nhưng có vừa k thì quên k hỏi người mặc :)) .,5,2023-10-09 17:07:01,2,True,21392161853,215736678,0,0,0,0,0,179,41
37b234fba79be15e43d43f68e7f66f1620fe62ca6f4647efcdff9aaabe679651,Quần này mua nhiều lần rồi. Vải thoáng mỏng mặc mát. Có độ co dãn. Màu sắc không quá nổi bật rất oke nha. Nên mua,5,2024-09-20 22:03:37,3,True,21392161853,215736678,0,0,0,0,0,113,26
7b3927add24bca995bdb97f0009b0515aeed71a1bb0492af9e780a25843b5dc9,Đúng với mô tả:gia re bat ngo chat lượng vải thật cụn nha mọi người rất oke mặc thoáng mát Chất liệu:oke Màu sắc:đen Oke lắm,5,2024-07-27 20:46:34,2,True,21392161853,215736678,0,0,0,0,0,124,26
a2fb845289045b65570219b4ee056cf7235e531ff2ed25d8c72623017bc349ed,"Chất liệu:mát rượi luôn Đúng với mô tả:đúng với mô tả Màu sắc:đa sắc,đẹp chất mềm, mịn, mát đúng với mô tả rất ok luôn, mình sẽ ghé shop lại lần sau nhé",5,2024-04-28 14:18:24,2,True,21392161853,215736678,0,0,0,0,0,152,33
1ca5489a28b584a50f88c720dbdff5d81d3700218b5a41c6110b7dbb487eb791,"Màu sắc:màu tối Đúng với mô tả:mặc thoải mái, mát mẻ Chất liệu:chất liệu thun lạnh Đóng gói cẩn thận, chất liệu thun lạnh mát mẻ, size vừa y với số kí, đẹp, giao hàng nhanh đúng thời hạn không chậm trễ, shipper nhiệt tình vui tính",5,2024-09-05 10:12:40,1,True,21392161853,215736678,0,0,0,0,0,230,47
ba6ceb84746c78d80449158d79a7c3b4871621f7eb8723ddfa25f1c2600f463a,"Hàng đẹp lắm nha, chất vải mát. Giao hàng nhanh đúng mẫu. Hàng được đựng trong các túi zíp nhỏ nhìn ok lắm. Lần sau sẽ ủng hộ@/!:@:’els",5,2023-12-21 16:18:32,2,True,21392161853,215736678,0,0,0,0,0,135,28
7ea277e46c017bcf3f0cc631c624dbff1f4594ce76943bf5490fbfb58be87df6,"Chất liệu:ok Đúng với mô tả:đúng mô tả Màu sắc:đủ màu Đẹp trong tầm giá, đường may cẩn thận. Chất co dãn chuẩn size. Shop chuẩn bị và giao hàng nhanh",5,2023-12-06 18:57:18,3,True,21392161853,215736678,0,0,0,0,0,149,31
787f5e94b4083b2eb4432a1929e19689c3bea37fede88b50b29c0f9fac8adebf,Màu sắc:màu tối ok Đúng với mô tả:đúng với mô tả Chất liệu:thun lạnh mát Chất lượng phù hợp với giá cả đã mua 2 lần sẽ ủng hộ tiếp tục!,5,2024-10-22 20:17:54,2,True,21392161853,215736678,0,0,0,0,0,135,31
423762fac61791dff93c227a3614e264ad40b5da6f1ece5bf8d0531dd57fb5fa,"Màu sắc:màu tối Đúng với mô tả:đúng với mô tả Chất liệu:thun lạnh Shop giao hàng nhanh chóng, sản phẩm với giá thế là khá phù hợp, nên mua",5,2024-01-18 15:56:47,2,True,21392161853,215736678,0,0,0,0,0,138,29
aa9e38635e9d710ddf2c9a80a392b57295e148c55f01a756721fcc96dcf6b779,"Màu sắc:đẹp Chất liệu:mát, thoáng Đúng với mô tả:đúng với mô tả Hàng rất đẹp, rất vừa ý. Hàng nhận nhanh, shipper thân thiện. Cảm ơn shop",5,2024-01-23 18:00:44,1,True,21392161853,215736678,0,0,0,0,0,137,27
672952bd4eac118c1ec1abc98a1e4c9484b449dc75448a6ed811f2778362daa7,"Giao hàng nhanh, quần tốt, vải mềm co giãn tốt, thích nhất dòng chữ được in nổi nhìn nó cứ xịn xịn thế nào ấy",5,2023-12-10 15:59:53,1,True,21392161853,215736678,0,0,0,0,0,109,25
118cc75d87e315ff4557d71566e9c4ff60fff4a12f0024b00872de8f986ed4d7,Đúng với mô tả:dung Chất liệu:hỗn hợp Màu sắc:màu tối Giao rất nhanh. Đóng goid đầy đủ 5 túi zip riêng. Nc lag giá tiền này rất ưng k rẻ quá k đắt quá mà chất lượng lại tốt. Ủng hộ shop,5,2024-07-25 09:20:13,2,True,21392161853,215736678,0,0,0,0,0,185,42
dfb85fec483835194b9cf87e705ccb3f8225ca054f6c86f145f252178413855a,Màu sắc:nhieu mau Đúng với mô tả:đúng Chất liệu:tốt Sp giao đầy đủ. Giao hàng nhanh. Ko biết vừa ko chỉ thấy ok. Sẽ ủng hộ shop thêm nếu vừa,5,2024-03-03 19:09:22,1,True,21392161853,215736678,0,0,0,0,0,140,30
a44df38bb51584b65c3d3f747d74e18005b2a42fb8e7eb38cc32ae0e353b23c1,Chất liệu:vai mát Màu sắc:đen Đúng với mô tả:đúng chất liệu mùa thu nhìn mát. k biết mùa hè có nóng k. vải mềm . với giá tiền này thì khá là phù hợp với chất lượng sản phẩm. sẽ quay lại ủng hộ shop lần sau.,5,2024-10-04 10:43:39,3,True,21392161853,215736678,0,0,0,0,0,206,47
a5e23e4d7dd2ade444f410ff50bc8a253ad2a3676134737bbc46b86e1421ec69,"Shop đóng gói nhanh và kỹ lưỡng lắm luôn. Mỗi chiếc là 1 túi đựng. Còn về size thì đợi chồng về mới thử được. Lúc đó lại feedback lại cho cả nhà nha. Nhưng mình nghĩ là vừa. Kiếm chục shop mới có shop size 4XL luôn á cả nhà. Chất liệu mềm, co giãn nè. Mông vs bung chồng mk to mà số đo nhập lại không cho đúng nên mọi ng tự canh chỉnh nh",5,2024-10-09 12:10:03,1,True,21392161853,215736678,0,0,0,0,0,337,78
d7a94653907aafa18a831609f7d1126749fc54a19a3f296fb7cf23d808a29fb5,"Chất liệu:vai Đúng với mô tả:đúng Màu sắc:đủ màu Mình thấy vải rất ok, phù hợp với giá tiền. Ck mình mới xài nên không niết sao, ok mình sẽ mua thêm",5,2023-10-24 17:42:12,1,True,21392161853,215736678,0,0,0,0,0,148,32
cc3c9897fa7e87feb88e916aa79320c74300d34dbcf3dffb30e41249b43b64bc,"Đúng với mô tả:đúng Màu sắc:tối màu Chất liệu:thun lạnh Đóng gói cẩn thận, giao hàng nhanh, hôm qua mới đặt mà hôm nay đã giao hàng rồi, chất lượng thì phải sử dụng mới biết đc. Tổng quan với giá tiền này thì chất lượng tương xứng ạ",5,2024-09-20 16:25:42,1,True,21392161853,215736678,0,0,0,0,0,232,49
8de94c64cbbf927709770ae0fb86a7ac4ef3ccd6c98bb10cc33d5b649b2b44b4,Đúng với mô tả:đúng Chất liệu:vải Màu sắc:đen tr ơi nhận được hàng ưng gì đâu á quần đẹp vải dày dặn lắm luôn mặc lên xinh lắm dài qua mắt cá chân luôn nên mua nha cao m68 45kg,5,2025-02-10 09:23:41,0,True,21392161853,215736678,0,0,0,0,0,176,40
945301c8728634b1fea29771d03c808ac117232e684feedcb11d40327c272c40,giao hàng nhanh chất liệu vải mát giá cả cũng ok di luoi chụp nên lấy đại ảnh video đăng nói chung tiên nào của đó nhưng đẹp má,5,2024-09-09 21:44:05,0,True,21392161853,215736678,0,0,0,0,0,127,29
a14cd454f3ba69104aaf66f08673e61ecc307b0b42cf2df508a84ba38999d18c,"Chất liệu:co giãn Màu sắc:tối màu Đúng với mô tả:có Shop giao hàng nhanh , hàng giá giẻ , lên chất lượng mjk nghĩ như vậy là tốt .",5,2024-06-18 21:34:57,1,True,21392161853,215736678,0,0,0,0,0,130,29
41cb3043e51c558f59032af9e6cee17e3b56a39705d29f6fb76bec87e9cb5dbb,"Màu sắc:ok Đúng với mô tả:dung chuan Chất liệu:rat dep ah Hàng quá đẹp ạ lại mịn nữa , quá hởi quá sỉn xò cam on shop … lần sau ủng hộ thêm ạ",5,2024-04-16 09:35:29,5,True,21392161853,215736678,0,0,0,0,0,141,34
dd1e1605a2475567114abac8fb437b498621e0ea2b2e3553ff0bc2880d8054dc,"Đúng với mô tả:tư vấn chăm sóc khách hàng tốt Chất liệu:Bamboo thun lạnh Màu sắc:Đẹp,Phong Phú,Đa dạng Mặc cảm thấy thoải mái,co dãn mát mẻ,chất liệu tốt.Nhiều mẫu mã dễ dàng lựa chọn",5,2024-01-11 20:27:18,1,True,21392161853,215736678,0,0,0,0,0,185,34
f9274a77e8f1fb66838f762662d6c4a787a3f35cee30260f4690d9155591b748,Màu sắc:toi Chất liệu:thun Đúng với mô tả:đúng Mình mua 2 lần rồi chất lượng ok nha.. ship thân thiện .. quần trong túi zíp nên cũng ok .. vải mềm mát mắc thoải mái giao nhanh đủ sổ lượng .. săn live nên giá cũng phải chăng .. sẽ mua lại lần sau nữa .. cho shop 5sao,5,2024-10-10 10:29:50,1,True,21392161853,215736678,0,0,0,0,0,266,59
04f624e38120f8057383a8a8813c5d3477ecc11d0663782aea683ada293a11f7,"Không ngờ với giá này mà hàng xịn vậy luôn Vải co giãn siêu mát, mềm mịn đẹp lắm Set 5 quần 5 màu quá đẹp",5,2024-02-01 15:29:57,2,True,21392161853,215736678,0,0,0,0,0,105,26
23d3b6e5cc0d771f5dfdd297cfe91b218479602014aaf3a1bf96573f3de4774f,"Đúng với mô tả:ok Màu sắc:tối màu Chất liệu:thun lạnh Shop giao đủ số lượng, đúng size, đúng mẫu, đóng gói cẩn thận, chất lượng vải khá mát, co giãn 4 chiều, đường may kỹ, sẽ ủng hộ shop lâu dài",5,2024-09-09 12:55:54,1,True,21392161853,215736678,0,0,0,0,0,194,41
e52fd052675274419332404c6724724750a6b99151bb83d8dc2d6d5b22e50974,"Chất liệu:coton Màu sắc:tối màu Đúng với mô tả:xịn xò Quần đẹp lắm phải đánh giá luôn ý, chất đẹp tuyệt vời k biết lão ck mặc có ổn không nhưng sờ tay xịn xò",5,2023-12-21 10:09:05,2,True,21392161853,215736678,0,0,0,0,0,157,35
4cd9adae738ac9412ee7c11e19df01ac623cd58b0d37f4d42bdf2d0970c118b3,Đúng với mô tả:đúng Chất liệu:thun Màu sắc:tối Chất lượng sản phẩm tuyệt vời. Săn được với giá hời. Nói chung mọi người nên mua ạ,5,2024-01-08 07:28:16,1,True,21392161853,215736678,0,0,0,0,0,129,26
633310d778542ce13d73bd08dedf3964f3d432467554c95cc6ec00ade4037640,"Đúng với mô tả:đúng Chất liệu:thun lạnh Màu sắc:đủ màu Shop giao hàng nhanh , đóng gói cẩn thận. Shiper thân thiện và nhiệt tình, combo 5 quần đủ màu chất thun lạnh , giá phù hợp với sản phẩm. Tặng shop 5* sẽ ủng hộ lần sau",5,2024-08-19 12:49:46,4,True,21392161853,215736678,0,0,0,0,0,223,48
55bc1af11ba7fa1ee397c04f5eff2c3fc0676b6f448cc2543b299222b0195ef8,"Màu sắc:ok Đúng với mô tả:ok Chất liệu:ok Giao hàng nhanh chóng ,đúng mẫu mã và đủ số lượng mình đặt ,giá tốt tiết kiệm , vải mềm áo đẹp ,cầm mát tay , shop làm ăn uy tín , nên mua nhé cả nhà",5,2024-05-15 00:21:09,5,True,21392161853,215736678,0,0,0,0,0,191,45
f3f9d56c5ce3ee138c858f9603d385e53c259a9e4ab2f74715107fe515ebb983,"Đúng với mô tả:yep Chất liệu:vải mặc mát dễ chịu Màu sắc:quần tối màu Quần đẹp, mặc thoải mái, shop cute nên mua nhé ✨",5,2024-04-11 12:56:27,1,True,21392161853,215736678,0,0,0,0,0,118,25
6dcd9ce8b257a10da43f1b63695ff47867eaddee55fd6c7cf57cf3ecfa3158c3,"Đúng với mô tả:Đúng Màu sắc:đen, xanh Chất liệu:thun lạnh Đóng gói cẩn thận, có che tên sản phẩm nha. Chất thun lạnh, co giãn.",5,2024-07-24 14:22:35,3,True,21392161853,215736678,0,0,0,0,0,126,25
379642d0fc4678c8e3a1329b185de1b9046095c819f1479f92c00e387dff9d42,Chất liệu:loại tôt Đúng với mô tả:đúng với mô tả chất lượng tuyết v Màu sắc:chuẩn mầu sắc chọn.mầu sắc đẹp khà bắt mắt Hàng ok mọi người mua dùng thử lần sau dùng hỏng lại ủng hộ shop nữa,5,2024-10-06 13:38:45,3,True,21392161853,215736678,0,0,0,0,0,187,40
ab07aac93632f226abe0c17c2225dde0a3464f8efa4f830ab73888b62104160b,Đúng với mô tả:màu tối phù hợp Chất liệu:vải Màu sắc:chuẩn Mình mua lần đầu rất ưng đường kim mũi chỉ chắc chắn. Vải co giãn tốt. với giá 125k,5,2024-08-12 11:55:49,3,True,21392161853,215736678,0,0,0,0,0,142,30
f7c2b6dc939afbe4ef1cea8f1090c457b9512a855330f1df0fb2b3ac8e872a2b,"Cảm ơn shop gởi đủ 5 màu khác nhau, quần loại vải thun lạnh sờ mát tay ,lần đầu mua loại thun lạnh này chưa mặc chưa biết ,vì mới nhận hàng chưa giặt",5,2024-09-06 19:47:50,4,True,21392161853,215736678,0,0,0,0,0,149,34
a037db943724e6bbffb86fb488db438d804da4d2068f23ec3be98b935f7ae66d,Đúng với mô tả:Gan dung nhu mo ta Chất liệu:thay tot Màu sắc:Dep Tren bao bi no de WOMENS. 😵‍💫 Thay may quan lot cung tot lam. Shop dong goi khac la tot.,5,2024-02-24 00:59:19,3,True,21392161853,215736678,0,0,0,0,0,153,33
c44e097a8f26c1e0db77c15e7e23851d0feb0125bf20f5db47c7b0eb331f2f7a,Đúng với mô tả:quan lot nam Chất liệu:vai thun Màu sắc:mau tối Quan Lót nam Mặc khá thoải mái chất liệu rất mát nói chung giá tiền hợp lý chất lượng ok,5,2024-07-24 18:33:54,1,True,21392161853,215736678,0,0,0,0,0,151,32
d7a49502b18aa437b7c5cb2bb3322cc36ca3864f170db989bff347f960040875,"Màu sắc:đúng mô tả Chất liệu:đúng Đúng với mô tả:đúng Mới nhận hàng, đúng với hình ảnh, kích thước đúng. Hình ảnh chỉ mang tính chất nhận xu.",5,2024-01-08 17:43:19,1,True,21392161853,215736678,0,0,0,1,1,141,28
043255c7ef8aeef77ce2d5a1f1a37360743c8d4673ba978df155adce9aaa5895,"Đúng với mô tả:đúng Màu sắc:chuẩn Chất liệu:không rõ Cảm giác sờ vào mát tay,không biết mặc có bền lâu không,đợi thời gian để kiểm định đồ bền của sản phẩm,shop tư vấn nhiệt tình,giao hàng nhanh chóng",5,2024-07-12 21:29:17,0,True,21392161853,215736678,0,0,0,0,0,200,38
6967abc3f7a654c11e7dadb6760d6d8fb7fa9825a2a6817e774e1f9fe3ad2df8,Đúng với mô tả:tot Màu sắc:2 đen - 2 xanh than- 1 xanh Chất liệu:mat Sp thấy mọi người review tốt mua cho anh trai đi lính mặc Hàng nhìn sịn sò cảm ơn shop,5,2024-08-25 21:01:33,2,True,21392161853,215736678,0,0,0,0,0,155,35
a95c7510761503a3f94b3d8e14811bcf5d01c98dedc88e126bf2bf5da244ce83,"Màu sắc:5 màu ngẫu nhiên Chất liệu:mềm mại Đúng với mô tả:đúng mô tả Giao hàng nhanh,đúng sz số,chất liệu ok,lần sau sẽ ủng hộ tiếp",5,2024-01-14 21:11:17,2,True,21392161853,215736678,0,0,0,0,0,131,26
3ed280b201be68228c3e505cff322f9a6b0e2f3f773360c21e1473fe6c322446,"Chất liệu:vải thun lạnh cotton mền mại Màu sắc:sắc màu đa dạng, chuẩn với màu shop bán Sản phẩm dùng ổn, đúng như mô tả.” • “Đóng gói cẩn thận, giao hàng nhanh.” • “Giá rẻ mà chất lượng khá tốt.” • “Mua lần 2 rồi, rất hài lòng.” • “Dùng tiện, sẽ ủng hộ shop tiếp.” • “Chất lượng vượt mong đợi trong tầm giá.”",5,2026-05-11 13:36:26,2,True,21392161853,215736678,0,0,0,0,0,308,66
c8a68fbd01bf2005b0bef90200ee2b30eac14b2b94cc6bd7ada269b637ddb400,"vừa, oki, ck mik m7 68kg mặc ok, **Đánh giá áo thun ngắn gọn, súc tích:** > ""Áo thun giao hàng nhanh, đóng gói cẩn thận. Chất vải cotton dày dặn, mịn mát và thấm hút mồ hôi tốt. Đường may tỉ mỉ, không có chỉ thừa. Form dáng chuẩn, mặc lên cực kỳ tôn dáng và thoải mái. Màu sắc y hình, giặt không bị xù lông hay phai màu. Rất đáng tiền, sẽ ủng hộ shop tiếp!"" >",5,2026-06-20 01:30:26,0,True,21392161853,215736678,0,0,0,0,0,359,80
f731112ac23ecf1a9b3976a39fd935d752c9f9dad568d2dcaa845bef9e4c3f95,"Chất liệu:vải thun lạnh, cotton mềm, co giãn tốt Màu sắc:set màu đa dạng, chuẩn,đúng như mô tả Chất lượng vải rất tốt, co giãn OK. Đủ màu tối như ảnh.. đóng gói rất đẹp. Sẽ tiếp tục ủng hộ shop",5,2026-06-14 20:05:56,2,True,21392161853,215736678,0,0,0,0,0,193,41
10ffe28f2c6b46a84308cabee60208d585ccc5004fcdea87a4b82fcb6ff3ff93,"Chất liệu:thun co giãn tốt Màu sắc:set màu đa dạng Giao hàng nhanh, đóng gói cẩn thận, đúng mẫu, đúng màu, đúng size, ship nhiệt tình, vải thoáng mát",5,2026-02-12 17:12:03,2,True,21392161853,215736678,0,0,0,0,0,149,29
04e69af0c6bf7cd2b0a5ef4c0e3ef5cb014aba829d3d7ab80e53c6ead204ff36,Đúng với mô tả:đúng hàng luôn Màu sắc:tốt Chất liệu:tốt Cảm ơn shop nhìu nhé.đặt đúng hàng.đúng chất lượng.hợp lý giá thành.y chang quảng cáo luôn,5,2024-07-07 18:08:14,4,True,21392161853,215736678,0,0,0,0,0,146,26
7df2e08564fcb623e9ada5ba7394b9749357fae8df7d38de840f077c22f73f1c,"Đúng với mô tả:đúng với mô tả Màu sắc:đủ màu Chất liệu:co giãn Giao hàng nhanh, đóng gói chắc chắn, shipper dễ thương, sản phẩm giá rẻ nhưng nhìn có vẻ xịn xò lắm, k bjk mặc bền k, chứ thấy sản phẩm ô kê la lắm ạ",5,2025-09-10 08:20:33,1,True,21392161853,215736678,0,0,0,0,0,212,48
5573c4ca72bf11afaca1ef53fb675905f1b8b3fec2c817b3f0290af64fd5facd,Chất liệu:thun lạnh Đúng với mô tả:đúng Màu sắc:tối màu Quần ổn nha toàn mua cho chồng mấy loại này bảo mặc thoải mái. Nên mua nha 1m75 52kg mang XL á,5,2025-02-15 06:03:04,1,True,21392161853,215736678,0,0,0,0,0,150,32
61616d95eda4ddaceb60e3cc0f4cdf5c7f07f3ccb1a935d68940692ba290b63d,"Chất liệu:thun Đúng với mô tả:đúng mô tả Màu sắc:nhiều màu Đã nhận được hàng ,hàng đẹp chất lượng ,ship thân thiện ,cho shop 5 sao sẽ ủng hộ khi cần",5,2024-06-04 09:44:45,1,True,21392161853,215736678,0,0,0,0,0,148,31
4a931e1e82b6ac8c11276592d50b4b14302f09a60920406d955391a0d8751191,"Màu sắc:tối Đúng với mô tả:đúng Chất liệu:thun lạnh Hàng đẹp chuẩn, giá cả phải chăng, ship rất nhanh. Cho shop 5 sao. Mình sẽ tiếp tục ủng hộ shop.kkkkk",5,2024-05-05 16:38:19,1,True,21392161853,215736678,0,0,0,0,0,153,30
0fdad0ede93631f27ae9de285559da4d44b08eccd3e91953e1fe6f791f80deab,Đẹp OK lắm mọi người nên mua màu đẹp vải thoải mái đúng với mọi tả sản phẩm màu sắc đẹp lắm mọi người ơi chất liệu tốt mắc thích lắm,5,2025-06-18 08:55:01,1,True,21392161853,215736678,0,0,0,0,0,132,31
7cc6fdf65aa0bd6dd10179ddae5512912a738111c9d39ad15353ea8b560c9048,"Giao hàng nhanh, bao bì đóng gói cẩn thận, thái độ phục vụ thân thiện, nhiệt tình, chu đáo. Sẽ tiếp tục ủng hộ shop",5,2023-11-22 10:59:24,1,True,21392161853,215736678,0,0,0,0,0,115,25
0812ac5f436f887530f4905c8a2e13150453747e542cccec9d5a295f54e8b530,"Đúng với mô tả:đúng Chất liệu:cotton co giãn Màu sắc:tối màu Quần đẹp, chất liệu vải cotton co giãn 4 chiều mặc rất dễ chịu. Săn sale nên giá cả ổn thỏa. Mỗi quần có box riêng nên nhịn khá xịn xò. .....",5,2023-12-02 17:17:21,1,True,21392161853,215736678,0,0,0,0,0,202,43
882423320fef0235e1ac087eca8a48f3cf5fe62b566823d3cb5d36c4bc6436fa,"Màu sắc:đẹp, tối màu Chất liệu:vải Đúng với mô tả:chính xác Sản phẩm đúng mô tả. Vải mát. Chất lưong. Lần sau sẽ ủng hộ. Shop đóng gói cẩn thận, giao hàng nhanh. Shipper thân thiện. Haha",5,2025-07-30 11:03:49,1,True,21392161853,215736678,0,0,0,0,0,186,37
4fe337308645cfb631d9cf98648776abc5ee3c28e7800f1ec5efa0692e88f6d4,"Màu sắc:đủ màu Chất liệu:cotton Quần chất lượng, vải mát, mặt thích, mấy ông có mua thì thêm 1 size mặc sẽ dễ chịu hơn và dự phòng trường hợp mấy ông sẽ mập lên ! Mua 5 cái sẽ rất rẽ !!! 5 sao, giao hàng nhanh",5,2023-12-20 14:03:42,2,True,21392161853,215736678,0,0,0,0,0,209,48
d149e061571e0df96fe16ec8a370b01a6685331d209bc9025b3c9771f9b4ef58,"“Chất vải mềm, thoáng khí, thấm hút mồ hôi tốt nên mặc cả ngày vẫn dễ chịu.” “Kiểu dáng ôm vừa vặn, co giãn tốt giúp vận động thoải mái, không bị bó hay lằn.” “Đường may chắc chắn, không bị cọ xát hay gây khó chịu khi mặc.” “Màu sắc và form giữ tốt sau khi giặt nhiều lần, không bị giãn hay phai màu.” “Giá cả hợp lý so với chất lượng, đáng để mua thêm vài cái thay đổi hằng ngày.”",5,2025-10-11 12:38:17,1,True,21392161853,215736678,0,0,0,0,0,381,84
857d886b06508e20a660a6e2d1e9d36374feaaec31aa8b6d96867dd42a2e6364,"Giá rẻ mà chất lượng ổn áp lắm nhe. Tui mua cho chồng mặc, ban đầu mua với tâm lý mua mặc vài lần rồi vứt mà ai ngờ chất lượng k tưởng. Shop 10đ k nhưng nhe.",5,2024-09-14 10:35:22,1,True,21392161853,215736678,0,0,0,0,0,157,38
c039f12900088eb84da9285c863027076c35921b817700138c0f314ac5683e3f,Màu sắc:đẹp Chất liệu:mềm mại Đúng với mô tả:đúng như mô tả Mua về cho chồng rất thích.chất quần đẹp mát.cặp chun k bị nhão .nói chung rất ok,5,2024-09-09 20:15:01,0,True,21392161853,215736678,0,0,0,0,0,141,29
548c2aab7b3b0cad19915e842ebd033e1a3ef9af4d1fde0ec800e37d40370f7c,Chất liệu:thun lanh Đúng với mô tả:đúng mô tả Màu sắc:dùi màu tối Vải mềm mát . Giao hàng nhanh . Giá rẻ dây chun chắc chắn Mọi người nên mua nha,5,2025-12-15 10:49:19,0,True,21392161853,215736678,0,0,0,0,0,145,32
32f3b7fd14b5f436761db73909a91ab2361916272f6e08003dce93dec1a05bb5,Đúng với mô tả:Đúng như mô tả Màu sắc:màu tối Chất liệu:thun lạnh Chất vải tạm được.shop đóng gói cẩn thận. Shipper nhiệt tình. Hàng giao nhanh,5,2024-08-27 19:30:34,1,True,21392161853,215736678,0,0,0,0,0,143,27
8e7478f209cfbdc42b4c09acca72dbf4fa3b2eaa41e446e408cb27fb1907b914,"Màu sắc:mau toi Chất liệu:thun lạnh Đúng với mô tả:y như mẫu nha Giao hàng khá nhanh, đóng gói cũng ok, mỗi quần một bịch riêng, nên mua nè",5,2024-08-04 12:37:18,1,True,21392161853,215736678,0,0,0,0,0,139,29
4109fd37161ba338ff8403dc826fc3c4b545daff6bffd9f97cd0ba1a31693493,"Sản phẩm rất chất lượng, đáng giá với giá tiền. Giao hàng nhanh chóng và đóng gói sản phẩm cẩn thận. Chất lượng sản phẩm vượt xa mong đợi của tôi, rất hài lòng. Sản phẩm đáng mua, đáng bỏ tiền. Hình ảnh và mô tả sản phẩm chính xác, hài lòng hơn mong đợi. Dịch vụ khách hàng rất tốt, shop hỗ trợ nhiệt tình, sẽ ủng hộ lần sau. Sản phẩm giao nhanh và an toàn, không bị hỏng hóc. Hàng nhận đóng gói chắc chắn. Chất lượng sản phẩm như hàng hiệu. Giá đúng với lượng sản phẩm. Sản phẩm giống như mô tả trên trang web, không có sự chênh lệch đáng kể. Dễ dàng sử dụng sản phẩm. Sản phẩm chất lượng cao. Đáng giá để mua lại trong tương lai. Hài lòng với sản phẩm. Sản phẩm có tính",5,2024-12-23 21:52:20,1,True,21392161853,215736678,0,0,0,0,0,671,145
78b88355225f837df47c5f136d51c5fc58ab340ea419710a16ba89ebbcf1a2e1,"Đúng với mô tả:Đúng Chất liệu:thun lạnh Màu sắc:Nhiều màu Shop chuẩn bị và giao hàng nhanh,đóng hàng cẩn thận và đủ số lượng, đúng size nha. Quần mặc rất mát và thoải mái, thoáng ạ. Rất hài lòng về sản phẩm 👍👍👍",5,2025-09-19 09:36:26,1,True,21392161853,215736678,0,0,0,0,0,210,43
67b9a0b351ca2cd6caeb8043c17944495486400cd96fbfb0e81f44fa30d7b533,"Chất liệu:thun lạnh Đúng với mô tả:đúng Màu sắc:nhiều màu 5 cái quần lót đẹp, mịn mát giao hàng nhanh chóng gói hàng tạm được chấm điểm 7/10",5,2023-11-25 17:58:43,1,True,21392161853,215736678,0,0,0,0,0,140,28
d1dd4c2a6cffb8b392c82715aeddfb48445dedef20c9e857683ded3c4b6842d4,Khá bất ngờ về chất vải Hàng rất đẹp chỉ ko bị thừa Về lâu dài mình nghĩ sẽ bung nhưng mà đến lúc đấy thì cũng phải thay rồi,5,2023-12-15 12:43:23,1,True,21392161853,215736678,0,0,0,0,0,124,30
7b5f312faf51255384f1ecd293e8304080265fd2d6d81fd7633e80265e4728db,"Sản phẩm chất lượng tốt, rất đáng để trải nghiệm. Thiết kế đẹp, sử dụng tiện lợi và hài lòng. Chất lượng ổn định, phù hợp với nhu cầu sử dụng. Dùng rất tốt, đúng như mong đợi ban đầu. Hoàn thiện chỉn chu, cảm giác sử dụng tuyệt vời. Sản phẩm đáng tin cậy, sẽ tiếp tục ủng hộ.",5,2026-03-07 13:49:53,0,True,21392161853,215736678,0,0,0,0,0,275,60
8c2512edbb90556c71b1393210f552a2f34969adeee8f6c25cd9e70cddaa22a0,"Đúng với mô tả:ok Màu sắc:đẹp Chất liệu:ok Sản phẩm tuyệt vời, đúng với mô tả. Giao hàng nhanh chóng, shipper thân thiện dễ mến Đóng gói cẩn thận, có thể thấy tâm huyết của người bán. Hộp không bị móp méo, vận chuyển rất tốt. Thời gian giao hàng nhanh chóng, tôi không phải chờ đợi quá lâu để nhận sản phẩm. Chất lượng sản phẩm vượt mong đợi. Tôi rất hài lòng với trải nghiệm mua hàng này. Sản phẩm chất lượng tốt, đóng gói cẩn thận, giao hàng nhanh. Đã mua lần thứ 3 và vẫn rất hài lòng. Sản phẩm được giao nhanh và đóng gói chắc chắn",5,2025-09-01 17:41:35,0,True,21392161853,215736678,0,1,0,0,1,535,112
422f2b3468ed41096e2805eaeef92e010cbf990a33c2d88eb958367c6306e1e1,"Chất liệu:oke Màu sắc:oke Đúng với mô tả:oke Mình đã nhận được hàng và thật sự rất ưng ý. Sản phẩm giống y hệt hình, chất liệu tốt và cầm rất chắc chắn. Shop đóng gói kỹ, không bị móp méo gì. Giao hàng nhanh và thái độ của shop rất nhiệt tình, trả lời tin nhắn nhanh nữa. Với mức giá này thì chất lượng quá tuyệt vời. Mình sẽ giới thiệu bạn bè mua thêm!",5,2025-11-14 11:26:57,0,True,21392161853,215736678,0,0,0,0,0,353,77
3e8110ac3093487f1f6acc73d722bcfac0537a73139d1d96a9cbd7ab6ba84b9e,"Sản phẩm tuyệt vời, đúng với mô tả. Giao hàng nhanh chóng, shipper thân thiện dễ mến Đóng gói cẩn thận, có thể thấy tâm huyết của người bán. Hộp không bị móp méo, vận chuyển rất tốt. Thời gian giao hàng nhanh chóng, tôi không phải chờ đợi quá lâu để nhận sản phẩm. Chất lượng sản phẩm vượt mong đợi. Tôi rất hài lòng với trải nghiệm mua hàng này. Sản phẩm chất lượng tốt, đóng gói cẩn thận, giao hàng nhanh.",5,2024-12-17 23:25:29,0,True,21392161853,215736678,0,1,0,0,1,407,84
c175083dab98627e1376822fbfaebb81e8c1a5609832516ed48459b062c4c63e,Chất liệu:vải thun lạnh.mem mát và co giãn tốt Màu sắc:đúng như mô ta màu sắc đa dạng Mọi người nên mua nhé cạp chun chắc chắn vải mềm mịn mát.lan sau sẽ ủng hộ kghop tiếp.shipe chu đáo nhiệt tình,5,2026-05-20 16:07:58,0,True,21392161853,215736678,0,0,0,0,0,196,41
877f020e43a43a2d7b55f6db380f3c9abe6906a0df1f7e119f171bd667d5c5e0,"Sản phẩm tuyệt vời, đúng với mô tả. Giao hàng nhanh chóng, shipper thân thiện dễ mến Đóng gói cẩn thận, có thể thấy tâm huyết của người bán. Hộp không bị móp méo, vận chuyển rất tốt. Thời gian giao hàng nhanh chóng, tôi không phải chờ đợi quá lâu để nhận sản phẩm. Chất lượng sản phẩm vượt mong đợi. Tôi rất hài lòng với trải nghiệm mua hàng này. Sản phẩm chất lượng tốt, đóng gói cẩn thận, giao hàng nhanh. Đã mua lần thứ 3 và vẫn rất hài lòng. Sản phẩm được giao nhanh và đóng gói chắc chắn.",5,2025-10-03 07:22:21,0,True,21392161853,215736678,0,1,0,0,1,493,104
cdbc781a79758362892a1b3ae681df47a98e2035cb17caa0634f212b33f103b1,"Sản phẩm rất chất lượng, đáng giá với giá tiền. Giao hàng nhanh chóng và đóng gói sản phẩm cẩn thận. Chất lượng sản phẩm vượt xa mong đợi của tôi, rất hài lòng. Sản phẩm đáng mua, đáng bỏ tiền. Hình ảnh và mô tả sản phẩm chính xác, hài lòng hơn mong đợi. Dịch vụ khách hàng rất tốt, shop hỗ trợ nhiệt tình, sẽ ủng hộ lần sau.",5,2024-11-16 16:47:13,0,True,21392161853,215736678,0,1,0,0,1,325,71
cc4dca707b296b7a279f56d43af0925b168a52b678732ffcfa2c5362507363c5,"Quần sịp đẹp, chất liệu mát lạnh, thấm hút mồ hôi tốt, mang lại cảm giác dễ chịu suốt cả ngày. Thiết kế thời trang, ôm dáng vừa vặn, không gây khó chịu. Đường may chắc chắn, co giãn linh hoạt, phù hợp với mọi hoạt động. Lý tưởng cho ngày hè oi bức.",5,2025-06-03 10:37:18,0,True,21392161853,215736678,0,0,0,0,0,248,54
6c3a2eba87f2d6094b98c29bac713f698cf7307d6e625d320ec29168faa6cfad,Chất liệu:mát mẻ Đúng với mô tả:đúng với mô tả Màu sắc:đẹp Quần đẹp chuẩn dáng mặc thoải mái màu cũng đẹp nữa sản phẩm chất lượng và giá cả hợp lý nha. Sẽ quay lại ủng hộ shop tiếp tục nữa nha. Nên mua nha mn ơi đẹp lắm ạ xứng đáng để mua nè,5,2025-07-27 15:36:43,0,True,21392161853,215736678,0,0,0,0,0,241,56
6ddc584961c6ec25c34ba5bd8c8bcd6859bd0bd4169ff71c7a8fc768d49a2726,"Chất liệu:ok Màu sắc:ok Đúng với mô tả:ok ⸻ “Sản phẩm dùng rất tốt, đúng như mô tả. Chất lượng ổn định, thiết kế đẹp và dễ sử dụng. Giao hàng nhanh, đóng gói cẩn thận. Mình đã dùng thử vài ngày và hoàn toàn hài lòng. Sẽ ủng hộ tiếp nếu cần.”",5,2025-07-17 12:12:00,0,True,21392161853,215736678,0,0,0,0,0,241,53
c2d2e5d9a083f27d2181ba55056f288f4ed8d4abfc5f2672f85c2b1a43e3a8aa,Chất liệu:đúng Màu sắc:đúng Đúng với mô tả:đúng Giao hàng nhanh Gói hàng cẩn thận Trong mỗi quần có túi riêng nên rất ưng Giao đúng sz Mọi người nên mua Do lười dậy nên không chụp ảnh thật được,5,2023-12-31 20:48:51,1,True,21392161853,215736678,0,0,0,0,0,193,40
3b7d443dca363b8e11d39df83ccd6b1bf3e25782e83fba6339b3efbf234182ab,"Chất liệu:cũng được mát Màu sắc:đa dạng Hàng giao nhanh đủ màu cx đa dạng ,vải cx đc mặc vừa vặn giao nhanh cho shop 5 sao",5,2026-06-04 19:01:57,0,True,21392161853,215736678,0,0,0,0,0,122,27
221f03253b2b8d8b33827284fb04fad64af6c77b5e0e1f4d88d2b3214015f005,"Quần mặc đẹp,mát,thoải mái. Chất liệu vải mát lạnh. Combo 5 cái giá rẻ. Mọi người nên mua đi nhé. Sẽ quay lại mua shop dài dài.cám ơn shop nhiều",5,2024-10-21 15:04:15,0,True,21392161853,215736678,0,0,0,0,0,144,30
bc6c826b838b85f0e5eecd1b4e02733dc1db21d560a8ef82ae015f9f7acb84f3,"ảnh và vd nhận xu bv hàng ok chất lượng ok nên mua nha moi nguoi, thoi gian chuan bị va giao hop li đóng gói cẩn thận , thời gian giao hàng hợp lí, giá cả phải chăng , sản phẩm đẹp",5,2026-04-24 13:28:42,1,True,21392161853,215736678,0,0,0,1,1,180,43
e6129f275ea3aaaa1c63ce7d9a8d0a444fea15fd31e9108c57f4ca13918b6014,Đã nhận được hàng. Giao hàng nhanh. Đóng gói cẩn thận. Chất lượng sản phẩm phù hợp vói giá tiền. Đúng mô tả. Nên mua nha mọi người,5,2024-07-19 15:24:00,1,True,21392161853,215736678,0,0,0,0,0,130,28
d8bae5851d97e879a2fb30b49bec60c250c4b8242ab860c8c28e2b999564f686,"* Sản phẩm tuyệt vời, đúng với mô tả. Giao hàng nhanh chóng, shipper thân thiện dễ mến * Đóng gói cẩn thận, có thể thấy tâm huyết của người bán. Hộp không bị móp méo, vận chuyển rất tốt. * Chất lượng sản phẩm vượt mong đợi. Tôi rất hài lòng với trải nghiệm mua hàng này",5,2025-08-11 12:16:43,0,True,21392161853,215736678,0,0,0,0,0,269,58
eb7773c76626c4cebcc3e2dd9126b47bbff9c1835bb47b720f6add13d3d6bd03,"Màu sắc:Den vaf xanh duong Đúng với mô tả:Dúng Chất liệu:ổn Sản phẩm ổn. chữ dán nỗi đẹp. Tuy nhiên, sợ qua thời gian nó sứt ra thôi. Đề sử dụng xem thế nào.",5,2024-09-29 15:12:36,1,True,21392161853,215736678,0,0,0,0,0,157,34
4d08a37fee31643df29e3061ab09784a3acab447b4d01a7b9937a50b6ac2145a,Chất liệu:thun Màu sắc:màu tối Đúng với mô tả:như hình Mua giúp ngta nên cũng biết chất lượng như nào nhưng shop giao hàng đây đủ đúng mẫu. Sẽ quay lại,5,2024-06-29 20:55:15,4,True,21392161853,215736678,0,0,0,0,0,151,31
5b3fc62541b3940e7d31951ec72e15d167edd4b7dd230a380cccd28c152d4412,Màu sắc:den Đúng với mô tả:dung Chất liệu:côtn Sản phẩm chất lượng tốt đúbg như quảng cáo giá thành rẻ sản phẩm chất lượng. Gioa hàng đúng hẹn. Shop đóng gói kĩ càng trước khi vận chuyển. Đánh giá 5* và tiếp tục ủng hộ lần nữa. Mọi người nên tham khảo để mua nha,5,2024-08-16 14:33:46,3,True,21392161853,215736678,0,0,0,0,0,262,55
a73364498e5ce2fcfc71f6a557784440dbe174db7056a1b67e731171fd4e1afa,"Giao hàng nhanh, sản phẩm chất lượng tốt như quảng cáo. Sẽ quay lại tiếp! Dịch vụ chăm sóc khách hàng xuất sắc, giải đáp thắc mắc cực nhanh chóng, vừa nhắn hỏi đã thấy nhân viên rep rồi. Chất lượng sản phẩm quá tốt so với cái giá mà tôi phải bỏ ra. Khi có nhu cầu sẽ mua lại của shop.",5,2025-02-21 13:07:07,0,True,21392161853,215736678,0,0,0,0,0,284,63
7460642879e9af1a3fc631858d478b77da4bcf4fd4bac52babde3e7277f6cf31,Chất liệu:vải thun lạnh cotton mềm mịn Màu sắc:sét đa dạng mẫu mã đẹp giống như hình ảnh Đóng gói cẩn thận giao hàng nhanh chóng sản phẩm rẻ tiền chất lượng tốt có nhu cầu sẽ quay lại ủng hộ,5,2026-05-01 16:40:52,0,True,21392161853,215736678,0,0,0,0,0,190,41
9615b6050a6908a335653469490fb25499d2aac6fa38570ea44147abc30d58d4,"Đúng với mô tả:đúng Chất liệu:thun lạnh, co dãn Màu sắc:tối màu Sản phẩm đúng mô tả, giao hàng nhanh, giá hợp lý, đóng gói sản phẩm cẩn thận, mỗi quần 1 túi zip. Sẽ ủng hộ shop các sp sau",5,2024-10-08 14:31:52,1,True,21392161853,215736678,0,0,0,0,0,187,41
913122b280aaa90f1f5c83df4579fe255cbc413b9b5b6fd9ca1d881e758ca03c,Chất liệu:thun lạnh Màu sắc:đúng như đặt hàng Đúng với mô tả:đúng với mọi tả Nhận hàng đúng như quảng cáo. Kích thước vừa . Chuẩn . Sẽ quay lại ủng hộ shop lần sau,5,2023-11-13 16:20:46,1,True,21392161853,215736678,0,0,0,0,0,163,35
418ff59fc744781611fcc49b5ef6b246335660301409bf91aabfcad564640433,"giá rẻ, hàng oke lắm, vải mặc mát, đóng gói lẻ từng cái, mng k chắc thì nên nhờ shop tư vấn size nha, nếu cần che tên sp thì nên ib riêng cho sốp nha",5,2024-07-13 16:23:33,1,True,21392161853,215736678,0,0,0,0,0,149,36
c7464bf88187ece079709cc09de70409ca564ebd2a6ae529c88a1482bc85fedb,"Màu sắc:đen , tím than, xanh coban Chất liệu:thun lạnh Đúng với mô tả:đúng Quần đẹp nha, co dãn tốt, nên mua. Số đo t điền của t chứ ko biết số đo của chồng",5,2024-09-18 19:59:38,2,True,21392161853,215736678,0,0,0,0,0,156,35
a3ff43a75646286d3effa354a70ba4a0465d7627df04022bd37ba46e5749ee2a,"Màu sắc:tối màu Đúng với mô tả:chuẩn Chất liệu:mát Chất lượng sản phẩm tuyệt vời, đóng gói sản phẩm chắc chắn và đẹp, giao hàng nhanh, ủng hộ shop nhé.",5,2025-03-26 08:05:29,1,True,21392161853,215736678,0,0,0,0,0,151,30
794558e027bbbae72fe2ed754252f8ac333c6cbf2d01889148b5f9f74aadc53f,"Màu sắc:đúng Chất liệu:đẹp Đúng với mô tả:đúng Shop gói hàng kĩ bỏ vô túi zip gọn gàng chuyên nghiệp. Giao hàng nhanh. Chất vải thoáng mát, đẹp. Lần sau sẽ ghé ủng hộ shop tiếp",5,2025-02-14 20:56:09,3,True,21392161853,215736678,0,0,0,0,0,176,36
cf27cf172b37378bbb5aa965b63935640ce16cc920b4a4b8429d37ad96dd6ef5,Màu sắc:màu tối Chất liệu:thun Đúng với mô tả:đẹp hơn mô tả Chất lương để trong từng túi zip xịn xò lắm mọi người nên mua về cho ck mặt nha se tiếp tục ủng hộ cho shop,5,2024-02-03 14:50:47,1,True,21392161853,215736678,0,0,0,0,0,167,38
bcee596b92064447263bea948e523f346df1b3a2b6dd4a6e3acd8424abf81002,"Chất liệu:ok Màu sắc:ok ⭐️⭐️⭐️⭐️⭐️ Hàng giao nhanh, đóng gói cẩn thận. Chất lượng sản phẩm ổn so với giá, nhìn bên ngoài giống hình shop đăng. Dùng thử thấy khá hài lòng, không có lỗi gì. Shop tư vấn nhiệt tình, phản hồi nhanh. Sẽ ủng hộ thêm nếu dùng tốt lâu dài.",5,2026-02-05 23:35:14,0,True,21392161853,215736678,0,0,0,0,0,264,54
f7226365a4cc301b60ddbd2879573d3b67a0ea18ea34f7a240299eed44d645e9,"Đúng với mô tả:đúng Màu sắc:đen, xanh đen ,xanh Chất liệu:thun lạnh Giao hàng nhanh vãi thun lạnh mát mẻ khá ok , đặt quần nam nhìn cái bịch ghi Women là hú hồn , thông tin để nhận xu",5,2024-10-07 15:18:36,5,True,21392161853,215736678,0,0,0,1,1,183,40
3df6b95ce84af65904c31c7c41e87e81ef3021339b0335adefafb5eb81c221ad,"Quần đẹp, vải mềm, thoáng mát tạo cảm giác dễ chịu cho ng mặc. Mua đc combo 5c giá rẻ so với chất lượng, nchung là ưng 🥰",5,2023-10-12 18:04:31,1,True,21392161853,215736678,0,0,0,0,0,120,28
9cabd8a8146d572c46b4a6723f956eeb25877cef2650cf872c62b0c8f4877b18,"Sản phẩm tuyệt vời! Đóng gói sản phẩm cẩn thận. Rất ấn tượng với sản phẩm. Màu sắc và kiểu dáng của sản phẩm rất ok. Sản phẩm tốt, không làm tôi thất vọng khi mua. Dịch vụ khách hàng rất thân thiện và hỗ trợ nhanh chóng. Sản phẩm đáng mua, sẽ mua thêm. Hài lòng về chất và giá trị của sản phẩm",5,2025-02-03 11:50:50,0,True,21392161853,215736678,0,1,0,0,1,293,65
e46b9a80ebfa63607f8744675ea5a46242f3f3171aa906194870312632cd0189,Chất liệu:ok Đúng với mô tả:ok Màu sắc:đẹp Giao hàng nhanh đóng gói túi zip rất ok lần sau sẽ ủng hộ shop ạ thanks shop 😍😍😍,5,2024-06-28 18:17:09,4,True,21392161853,215736678,0,0,0,0,0,123,27
114f2be648dfbde2affc60b90316ea4d905f17d72f1a5d32139dd35e4026f885,"Đúng với mô tả:dung Chất liệu:thun lạnh Màu sắc:đen Shop có đọc ghi chú 10 điểm , quần mát mặc rất ok nha ae nên mua",5,2024-11-09 03:39:55,1,True,21392161853,215736678,0,0,0,0,0,116,26
c0312c08dc77b6c91fd2ed1b19da27d9f1b3dd3e765083db006f29bc1eb6da78,"Mua giá 95k. Với tầm giá này 5 cái xịp thì tôi cảm thấy rất tuyệt vời. Chất vải khá cao cấp, co giãn tốt. Combo tối màu có 3đen, 1 xanh biển nhạt, 1 xanh đậm. Mấy cái chữ cái chính giữa giặt vài lần là bay nhưng nó không quan trọng. Co giãn thoáng mát thoát mồ hôi được. Dùng tháng nay không có dấu hiệu hư hỏng. Ae nên mua. Nói vậy cho nó vuông",5,2024-12-17 16:25:58,0,True,21392161853,215736678,0,0,0,0,0,345,78
ede45fa6ef5eff3a8451867ae2bffafea25e1039f079cda9f31a1acf2182d426,"Giao hàng nhanh, mình đặt lộn shop rất dễ thương hỗ trợ đổi trả rất nhiệt tình giá cả hợp lý nữa nên mua nha mn ơi",5,2024-09-29 10:36:57,1,True,21392161853,215736678,0,0,0,0,0,114,27
7dd15c3ad92010c817d22d291b03c27e8d3d2461e5b41535fb0d8a34498233dc,"Chất liệu:tốt Màu sắc:đủ màu Đúng với mô tả:đã nhận được hàng, hàng đẹp đúng với mô tả của shop sẽ ủng hộ shop lần sau❤️❤️",5,2023-11-15 12:50:37,0,True,21392161853,215736678,0,0,0,0,0,122,26
c042e94f0f7c40366df4c5c07bd46ba15b4831eedfbcec4a9cda11df1e392640,Chất liệu:thun Đúng với mô tả:chuẩn Màu sắc:bảy màu Quần mặc được lắm được ôm bó nâng đỡ lắm ae nên mua Rất thoáng khí và nâng niu hòn bi việt,5,2023-12-03 20:58:05,1,True,21392161853,215736678,0,0,0,0,0,142,31
080dce987332d8389ea718a6e634cb0faa3a0c7cf488b844f3c222c13019d3bd,"Sản phẩm nhận được đúng như mô tả của shop, hình thức bên ngoài đẹp và hoàn thiện khá tốt. Sau khi sử dụng một thời gian ngắn mình thấy hoạt động ổn định, không có lỗi gì đáng kể. Đóng gói cẩn thận, giao hàng nhanh hơn dự kiến. So với mức giá thì mình đánh giá là hợp lý và đáng mua. Nếu có nhu cầu mình sẽ tiếp tục ủng hộ.",5,2026-03-01 22:29:15,0,True,21392161853,215736678,0,0,0,0,0,323,74
6fe08ad6678c8767764b6e8faec7ce69eb431e4ee65176a965156fd81c275459,"Sản phẩm đúng mô tả, chất lượng tốt, đóng gói cẩn thận. Giao hàng nhanh, nhân viên thân thiện. Sử dụng ổn định, đáng tiền so với giá. Sẽ ủng hộ shop lần sau và giới thiệu bạn bè. Rất hài lòng về trải nghiệm mua sắm này tại đây.",5,2026-04-06 00:12:49,0,True,21392161853,215736678,0,0,0,0,0,227,50
6fc257e4d339c7cadda22a341e07c49b7af0404c72ddb0ffc7e54fc3745f1cb9,"Chất liệu:ko bt Màu sắc:nhiều màu Đúng với mô tả:bth Hàng giao nhanh, đóng gói rất cấn thận. Sản phẩm đúng mô tả, chât lượng ôn, giá hợp lý. Shop tư vân nhiệt tình, rât hài lòng luôn",5,2026-01-01 15:51:05,0,True,21392161853,215736678,0,0,0,0,0,182,38
fd3cd58c6a5fb5957834f881abc051e852241f644b96d0d9a182334f488c00bf,"Chất liệu:vải thun mềm Đúng với mô tả:đúng mô tả Màu sắc:nhiều màu shop giao hàng siêu nhanh, vải đẹp, giá cả hợp lý. Tặng shop 5 sao ủng hộ shop lâu dài",5,2025-01-23 21:35:23,1,True,21392161853,215736678,0,0,0,0,0,153,33
81ca939f6055a8758b292b0dc6f125dcc66cc6da00b70eaa00ab6ad243baf0e1,"Màu sắc:tốt Đúng với mô tả:đúng Chất liệu:đẹp Giao nhanh , hàng dùng chất lượng , shipper thì siêu nhiệt tình, sẽ quay lại ủng hộ và giới thiệu người mua , cảm ơn shop",5,2024-12-05 22:31:05,0,True,21392161853,215736678,0,0,0,0,0,167,35
61e95d55ee4a29f1a1e72d407e9d9b1c841b75ba661fbe13715fd292bb72251e,"Đúng với mô tả:Đúng Màu sắc:Đủ màu Chất liệu:Vải cotton Shop giao đúng số lượng và mẫu, đủ màu. Đóng gói cẩn thận. Chất liệu vải tốt. Thanks shop",5,2024-11-29 23:38:04,3,True,21392161853,215736678,0,0,0,0,0,145,29
6e33cbc07612abaf3e08b54e582d558a0a4f3ea53f8f70e6716f94aba29f134b,"Chất liệu:tot Màu sắc:dep Sản phẩm tốt, chất lượng phù hợp, giá rẻ, shop nhiệt tình, nên mua nhé mọi người, sẽ quay lại lần sau ạ.",5,2025-12-29 19:39:27,1,True,21392161853,215736678,0,0,0,0,0,130,27
3ace81b249d7f405852043087369370d61091fe202e73fe11fd964d64913f06f,"Chất liệu:mềm, mịn Màu sắc:đúng Đúng với mô tả:đúng Hàng giá rẻ nhưng chất lượng cao. Mình 56kg mặc xxl vừa in. Chất vải mềm, co dãn rất thoải mái. Đáng mua",5,2024-06-18 18:30:35,0,True,21392161853,215736678,0,0,0,0,0,156,32
99582ae24e14b01c611ce7e7ca8c6fbc59682ca8abf7210dadba88906aadc837,"Màu sắc:full màu tối Đúng với mô tả:đúng Chất liệu:thun nhẹ , co giãn tốt Chất liệu vải khá mỏng, nhẹ , co giãn 4 chiều",5,2023-11-28 16:07:49,3,True,21392161853,215736678,0,0,0,0,0,119,26
ab2414da0e15317886654c3481ade5d8368b99c8e02494ed1ed09005727719e9,Đúng với mô tả:chuẩn mô tả Chất liệu:thun lạnh Màu sắc:đủ màu Lần đầu mua ở shop thấy tốt nha mn. Vs mức giá này mình hk đòi hỏi nhìu. Vải khá mỏng nha mn. Mn tham khảo chiều cao cân nặng nha.,5,2024-06-06 12:32:45,1,True,21392161853,215736678,0,0,0,0,0,192,43
ba3d6723032e6b05edf5f16349a95c1a27107b319faa726a04c9b85034637d38,"Màu sắc:chuẩn màu như hình Đúng với mô tả:chuẩn Chất liệu:thun lạnh Sản phẩm rất là đẹp , đặt 5 màu tối giao màu nào cũng đẹp mà hàng lại còn chất lượng nữa cho shop 5 ⭐️⭐️⭐️⭐️⭐️ tôi sẽ quay lại ủng hộ shop nhiều lần nữa",5,2024-07-10 22:58:57,2,True,21392161853,215736678,0,0,0,0,0,220,48
f4b40019097ae8504285e1e7d70674049e0d6e1596d3ac324cbf999802d12bcd,"Chất liệu:vải thun lạnh, co dãn tốt Màu sắc:màu sắc đa dạng Giao hàng nhanh đóng gói cẩn thận, chất lượng tốt nên mua nha",5,2026-02-09 05:27:08,0,True,21392161853,215736678,0,0,0,0,0,121,25
69074daeaa4933c37a149bd94e217951f0ab238d04d3ffd0da8fc27d911d41cc,"Sản phẩm dùng ổn, chất lượng đúng mong đợi Tôi hài lòng, trải nghiệm tốt, không có gì để chê Ổn áp, đúng nhu cầu, đáng tiền để mua Chất lượng sản phẩm khá tốt, xài yên tâm Hài lòng với sản phẩm, giao hàng nhanh",5,2025-09-15 11:52:21,0,True,21392161853,215736678,0,0,0,0,0,210,46
c28b99868f1689e9cd6d309748ce8b460fbede275c6b3807fc4e0cd6aba42e1d,Mình đã nhận được hàng shop đóng gói cẩn thận giao hàng nhanh chóng shipper thân thiện đúng 5 loại tối màu quần mặc thoải mái sẽ còn ủng hộ lần sau anh chị em mình nên mua shop uy tín,5,2025-09-26 13:43:18,0,True,21392161853,215736678,0,0,0,0,0,183,41
af90b87755bf9f4d4f020425afc2179a2a908c2800b4f1b478487ec8723b5d23,Màu sắc:5 màu Chất liệu:OK Đúng với mô tả:đúng Quần đẹp nha shop giao hàng nha mh mua combo dc gia OK nè sẽ ủng hộ shop,5,2023-10-29 12:58:05,1,True,21392161853,215736678,0,0,0,0,0,119,27
a66100832531f8b7f5ab1a181fc2e670259eb046890d23ab85804412853d8e18,Đúng với mô tả:bt Shop giao hàng đúng và đủ số lượng Nhìn chung là khá ổn so với giá Dùng 1 thời gian xem thế nào r quay lại feedback tiếp nha Shipper thân thiện nhiệt tình,5,2024-04-07 17:58:01,4,True,21392161853,215736678,0,0,0,0,0,172,38
02a6f99eb635314bd702265a93d86f082cc1d905bd93a326b1a64c0878d279b1,"Màu sắc:xinh Chất liệu:thoáng, mát Đúng với mô tả:đúng mô tả Vải ưng nha, thoáng mát. Đóng gói chỉn chu, ưng ạ. Lần đầu đặt nhưng khá là ưng",5,2024-10-19 22:32:47,1,True,21392161853,215736678,0,0,0,0,0,140,29
39b42a4230113f46cad145604c7ba48fda6f825d34e128ccf1aa7669c908e14b,"Đóng gói sản phẩm cẩn thận. Rất ấn tượng với sản phẩm. Màu sắc và kiểu dáng của sản phẩm rất ok. Sản phẩm tốt, không làm tôi thất vọng khi mua. Dịch vụ khách hàng rất thân thiện và hỗ trợ nhanh chóng. Sản phẩm đáng mua, sẽ mua thêm.",5,2025-05-12 00:11:44,0,True,21392161853,215736678,0,1,0,0,1,232,51
94c2652a48bd45254e7ce01a9e58dd64ae4791e8aa63e44d8d3c6392dd476167,"Quần lót nam xịn xò nha , vải thun lạnh mát mẻ dày dặn , mỗi quần là 1 túi zip riêng , ok lắm nha",5,2024-01-18 17:04:16,1,True,21392161853,215736678,0,0,0,0,0,97,26
0663a36a4d3f4c672fbc65ff1e33bc8a13a1afd5c3732b76f3e208b3736a5d26,"Sản phẩm có chất lượng tuyệt vời, thiết kế đẹp mắt và tinh tế. Hiệu suất hoạt động ổn định, bền bỉ, đáp ứng tốt nhu cầu sử dụng. Dễ dàng sử dụng, tiện lợi và mang lại trải nghiệm tuyệt vời. Giá cả hợp lý, rất đáng để sở hữu. Hoàn toàn hài lòng với sản phẩm này!",5,2025-03-30 11:10:38,0,True,21392161853,215736678,0,0,0,0,0,261,59
c9b0658310e56b40b7e8240014b34c3e6c53976f99157025aaed11db346c0250,"Nhận được sản phẩm tốt. Tôi mua cho con trai. Quần thun mịn , mát lạnh. Giá trên live ổn. Shop giao hàng rất nhanh. Shiper vui vẻ. Cám ơn shop. Mong rằng con tôi sẽ thích thì tôi see you again.",5,2025-11-20 16:59:13,1,True,21392161853,215736678,0,0,0,0,0,193,42
06abed79d7976cb499dc59fba30b5206c7d8341374df008a60bc4201e68c3e3e,"Quần đẹp vải cũng mát , in chữ nhìn đẹp mắt xịn xò nên mua nha , săn được giá hời 95k 5 quần ,🥰🥰🥰🥰🥰😆😆🥰😆😆😆😆😆😆😆😆chúc shop buôn may bán đắt",5,2024-08-21 18:58:34,1,True,21392161853,215736678,0,0,0,0,0,136,30
72e6b81359b64c554b75f34a436dbe180038e24f027fc9e42d3b14885e7ca703,sản phẩm đúng với mô tả chất liệu của sản phẩm tốt giao hàng nhanh đóng gói cẩn thận lần sau sẽ mua ủng hộ shop còn độ bền thì phải dùng một thời gian thì mới biết được giá cả hợp lý,5,2025-02-23 20:39:34,2,True,21392161853,215736678,0,0,0,0,0,182,43
2ec386ae58c8b5a141c3db66aefaff82c6f8dce387c82153c56cc78cc55be694,"Màu sắc:den, trang Đúng với mô tả:đúng Chất liệu:vải thun mát Sản phẩm đúng với mô tả, giá thành ổn, hợp túi tiền, gói hàng kỹ càng, shop tư vấn nhiệt tình. Sẽ ủng hộ tiếp nếu có nhu cầu. Đánh giá cao cho shop ạ.",5,2025-08-17 17:17:17,0,True,21392161853,215736678,0,0,0,0,0,212,46
e3a5e8a09897ee02777475a5976df6b3f65f603031c11741362aafe4fd304ffa,"Đúng với mô tả:ok Màu sắc:chuẩn Chất liệu:coton co giãn sản phẩm rất ok sờ mềm mại,giá cả tốt,tặng shop 5*sẽ tiếp tục mua sp của shop",5,2024-07-17 17:02:24,1,True,21392161853,215736678,0,0,0,0,0,133,27
2e5acfa86eebc788a344a37cba6b299d5eeedb9330d734bb0ffbece7c04e5011,Màu sắc:toi Đúng với mô tả:tam Chất liệu:cottong Giao hàng khá nhanh a ship quen nhà rồi nên lần nào cũng nhanh quần thì chất bình thường tiền nào Qua đây mọi người cần mua nhé,5,2024-05-19 09:12:10,1,True,21392161853,215736678,0,0,0,0,0,176,36
844b6f921fa9eee4ffd31e270497e5c900a2bc071566ee8b65f6beb7b7f18917,"Màu sắc:Set màu đa dạng, màu sắc chuẩn và đẹp như mô tả. Chất liệu:Vải thun lạnh, cotton mềm mại và co giãn rất tốt. Vải co giãn tốt, thun lạnh , giặt 3 lần còn ra màu nha, quần đen ra màu nhiều lam nha shop",5,2026-01-28 12:40:58,1,True,21392161853,215736678,0,0,0,0,0,207,47
0a713b97a0c4256b9322483773425aee4de8fe0b86e8f137cfe71d8355b23a7f,"Hàng đúng mô tả, chất lượng tốt, giá cả hợp lý, giao nhanh hơn dự kiến, đóng gói cẩn thận, sản phẩm đẹp và nguyên vẹn, dịch vụ chuyên nghiệp, rất hài lòng, đáng để mua lại lần sau.",5,2025-03-01 14:30:52,0,True,21392161853,215736678,0,0,0,0,0,180,39
1ca5489a28b584a50f88c720dbdff5d81d3700218b5a41c6110b7dbb487eb791,"Đúng với mô tả:dung Chất liệu:tot Màu sắc:tối màu Rẻ mà đẹp lắm nha , chất co dãn mịn mỏng , giao hàng nhanh , đóng gói cẩn thận , shop tư vấn nhiệt tình",5,2024-12-16 09:15:15,0,True,21392161853,215736678,0,0,0,0,0,153,35
0ada883a54e2fdb21b52503af988085821e1cc21d160e667d00983597466cd27,"Shopee giao hàng rất nhanh, đóng gói cẩn thận, sản phẩm đúng mô tả, chất lượng tốt, giá hợp lý, sẽ tiếp tục ủng hộ",5,2026-06-16 15:10:41,0,True,21392161853,215736678,0,0,0,0,0,114,25
a0b3966fb0ced4cb91b324f5a0a55b84ed7e65a270bef3447eb0f3e3d8a1271e,Chất liệu:vải thun Đúng với mô tả:đúng đúng đúng Màu sắc:màu tối đen và anh đen Hàng ok nhe bà con cô bác nên mua thoải mái lắm nha,5,2024-10-01 19:33:41,1,True,21392161853,215736678,0,0,0,0,0,131,29
786f69b70771e85c40d47dd7a70407d55e8321482eb7980e7a71786b43499ca8,"Màu sắc:đúng với combo Đúng với mô tả:đúng Chất liệu:mát, tốt Mặc thích nha, nên ủng hộ, mua 2 combo trừ thêm 100k xu giá còn 123k tính ra 12k 1 quần. Tui thấy chất liệu này tốt. Nên mua trải nghiệm",5,2024-06-06 13:10:56,5,True,21392161853,215736678,0,0,0,0,0,198,42
e84c7666681fca2f24afde589a593bfd4ccd48cd4fdc404fcf2023fc900c4c18,"Đúng với mô tả:đúng Chất liệu:thun mát Màu sắc:đủ màu Sp chất lượng ok, nên mua nhé mn, hơn 20k/1c chất là quá ok r, màu sắc cũng đẹp",5,2024-08-11 13:09:34,4,True,21392161853,215736678,0,0,0,0,0,133,29
1c25d4c839f80eac450b108a8075b2bfb80581eefa83c6309d8142d56f115cc0,"Đúng với mô tả:đúng với hình ảnh quảng cáo Màu sắc:màu đen, xanh than Chất liệu:mềm mại, mặc rất thoải mái Shop đóng gói cẩn thận, mỗi quần gói trong 1 túi rất đẹp. Chất liệu quần mềm mại, thoáng khí. Mình đặt size 4XL mặc cho thoải mái Shop giao hàng nhanh, 2 hôm đã nhận được hàng",5,2025-04-02 09:01:30,3,True,21392161853,215736678,0,0,0,0,0,282,59
2edafef4e850511a6bd732f4d71166f234463f59621f99afcdfe2a77ec800c3d,Màu sắc:ok Đúng với mô tả:ok Chất liệu:ok Giao hàng nhanh spham khá ok mnguoi nên mua nha quần chất mát mua dc giá khá rẻ rùi ạ,5,2024-07-05 11:57:01,1,True,21392161853,215736678,0,0,0,0,0,127,28
6b9e69e27024a65721548d162f471674b0822684fd9931eaccd6be5a990a8eea,"Giao hàng nhanh. Sản phẩm chất lượng tốt. Chất liệu thun lạnh, mặc rất mát. Size rất chuẩn. Chất liệu co giãn thoải mái. Rất ok. Sẽ mua tiếp",5,2025-09-09 23:23:02,0,True,21392161853,215736678,0,0,0,0,0,140,29
b366a45bf5abef89596b73e2ed20716def8fb8637daaa06d663ac5e25a4cac40,"Màu sắc:đúng Đúng với mô tả:chuẩn Chất liệu:tốt Đúng nhanh , đúng như hình ảnh , đúng loại , đúng số lượng , Làm ăn là phải chuẩn ,phải uy tín như này , giá cả hợp tình hợp lý , sẽ ủng hộ shop ngay và liền.",5,2024-11-09 21:58:33,1,True,21392161853,215736678,0,0,0,0,0,206,48
a011f348bebb5c7208e2541fc09a54f3f2546049a9f93e8d725f9c90a8f4782a,Đúng với mô tả:đúng ạ Màu sắc:đpẹ Chất liệu:mát co dãn Hình ảnh video mang tính chất nhận xu ạ shop đáng eo cute lém ạ Shipper thân thiện em cảm ơn nhiều sẽ mua lại nữa ạ,5,2025-03-08 11:50:06,0,True,21392161853,215736678,0,0,0,1,1,170,38
bc6c826b838b85f0e5eecd1b4e02733dc1db21d560a8ef82ae015f9f7acb84f3,"Chất liệu:vải Màu sắc:Đen, xanh than Đúng với mô tả:đúng So với giá tiền là ok, mặc dù là hàng Ca vìu ken pha ce nhưng dùng vẫn tốt. Kinh tế eo hẹp thì chỉ tế tôi",5,2024-10-09 11:54:58,1,True,21392161853,215736678,0,0,0,0,0,162,37
98eabfad771691f2ed7a236268ef3c644c4231da2d72b8bdb74ac68c72007e5b,"Set đẹp , chất liệu thun lạnh , chịu lực tốt , giao hàng nhanh , shiper thân thiện, hàng đóng gói cẩn thận , cân nhắc đặt size , from đẹp , chuẩn , bé rất thích , sản phẩm giống hình , như mô tả",5,2024-12-21 21:56:41,0,True,21392161853,215736678,0,0,0,0,0,194,47
5d5d6396d12f24c17656577f229e33a8891a45e6c1848d8e1f2549ce2025c02a,"sản phẩm tốt, giao hàng nhanh đóng gói cẩn thận, chất liệu mềm mại dễ chịu bao bì cũng khá đẹp giá cả lại vừa phải nên mua nhé",5,2025-12-17 16:36:26,0,True,21392161853,215736678,0,0,0,0,0,126,29
2a9425a8f6399fcfd93cadd6388af5dbb3cb11bf1e2e72546ed8b14ffa50d3bf,"Đúng với mô tả:đúng Màu sắc:màu tối Chất liệu:co giãn Giá thành so với chất lượng được coi là rẻ, nói chung chất khá mát, co giãn tốt, sẽ ủng hộ shop lần sau",5,2024-04-27 19:08:42,1,True,21392161853,215736678,0,0,0,0,0,157,34
e6fa7d2efc6b5df8e42ebf5303f679ba9e3d2ecc201f16d4bfd73803208dd29b,"Chất liệu:vải thun lạnh Màu sắc:đa dạng màu tối chồng mặc vừa, ship nhanh, hài lòng Sản phẩm quần sịp nam giống mô tả. Kiểu dáng giống ảnh mẫu Quần lót nam được kiểm tra kĩ càng, cẩn thận và tư vấn nhiệt tình trước khi gói hàng giao cho Quý Khách Hàng có sẵn, giao hàng ngay khi nhận được đơn Hoàn tiền nếu sản phẩm không giống với mô tả Chấp nhận đổi hàng khi size không vừa Giao hàng trên toàn quốc, nhận hàng trả tiền Hỗ trợ đổi trả theo quy định của Shopee",5,2026-01-29 07:31:13,0,True,21392161853,215736678,0,0,0,0,0,460,98
f4b30ff8bee711e93f3a24b6822a2eaf0660c12caf74d18156fad021843ed25d,"Quần lót boxer mang đến cảm giác thoải mái, thoáng khí và rất phù hợp để mặc hằng ngày. Chất liệu thường là cotton pha spandex giúp thấm hút mồ hôi tốt, co giãn nhẹ và ôm vừa vặn cơ thể mà không gây bí bách. Thiết kế ống dài giúp hạn chế ma sát, bảo vệ vùng da nhạy cảm, thích hợp cho cả làm việc, vận động hay chơi thể thao. Ngoài ra, boxer còn có nhiều màu sắc và kiểu dáng trẻ trung, dễ phối với phong cách thời trang nam hiện đại.",5,2025-09-26 09:43:42,1,True,21392161853,215736678,0,0,0,0,0,434,96
aae7f2187de239186495bdc9fc355df5aa232e7ab1b078106a96f5e08a4a9071,"Trông xịn xò nha mấy má, mua live cũng rẻ nữa. Chất lượng ổn, note chọn màu mà shop cũng linh động nữa. Quá oke luôn",5,2024-07-10 12:01:09,1,True,21392161853,215736678,0,0,0,0,0,116,26
f47d1ddd610515184672a5f913f3e33996a9d7b22da9008685450ef454e90620,Chất liệu:giống coton Màu sắc:sậm màu Đúng với mô tả:đúng Mk chọn lớn hơn 1 size nha. Mặc cũng thoải mải mỏng mịn đẹp. Mọi người nên mua nha rất oke,5,2024-09-15 07:16:30,2,True,21392161853,215736678,0,0,0,0,0,148,31
7df1bfc3044c52256315cc15f1f86289e344f70dacb792f74749790d63633268,Đúng với mô tả:Đúng mô tả Màu sắc:Nhiều màu Chất liệu:Vải Gian hàng nhanh Đủ shipper nhiệt tình đóng gói chắc chắn sản phẩm tốt mặc thoải mái,5,2024-08-25 13:48:22,1,True,21392161853,215736678,0,0,0,0,0,141,28
78649c80f27c96ec413be2e8724b4564f31bbfac5ab1eb52b6f8e6648dd43690,Chất liệu:thun lạnh thoáng khí Đúng với mô tả:đúng Màu sắc:đủ màu Tuyệt vời mỗi cái đựng một túi riêng rất đẹp Lần sau sẽ ủng hộ tiếp cho shop 😘😘,5,2024-02-17 14:52:45,1,True,21392161853,215736678,0,0,0,0,0,145,31
9cf2234a3fe92881c3cd3144f992466ddda03ad988f16a6041b44238794b3de9,"Đúng với mô tả:có Màu sắc:nhiều màu Sản phẩm này thực sự ấn tượng! Thiết kế tinh tế, chất liệu bền bỉ và tính năng vượt trội, đáp ứng hoàn hảo nhu cầu sử dụng. Từng chi tiết đều được chăm chút tỉ mỉ, mang lại trải nghiệm tiện lợi và hiệu quả. Sự kết hợp giữa chất lượng và công nghệ hiện đại khiến sản phẩm trở thành lựa chọn đáng tin cậy. Một khi đã dùng, chắc chắn sẽ hài lòng!",5,2025-03-19 17:21:29,0,True,21392161853,215736678,0,0,0,0,0,379,83
af66aa45826679f4ad4199e3ed3f376d309eb94730833327564825ad5dd3511a,"Hàng rẻ đẹp. Chất lượng tuyệt vơi. Shop tư van nhiệt tình. Gói hàng kỹ chắc chắn. Ship hàng nhanh, shipper vui ve de thương . Sẽ quay lại ung hộ lần sau.........vvvvvv",5,2026-02-06 12:49:40,0,True,21392161853,215736678,0,0,0,0,0,167,33
3aea223d1be672597b33e3943313cf0edcb6fea76bc4fa9a5bc77415de4e2d54,"Sp y hình, chữ nổi đẹp nhưng k biết có dích chắc không, vải thì cũng bth k quá dày, nhưng tính ra 25k/ cái thì cũng k đòi hỏi nhiều, khá là đẹp, giá rẻ nên mua nha",5,2024-07-31 16:50:31,1,True,21392161853,215736678,0,0,0,0,0,163,39
e7e689837cbd32538016e48dd559098d61206d37f783a77f1a4c22317b63980d,"Chất liệu:thun lạnh Đúng với mô tả:đúng Màu sắc:tối Hơn trăm cành mà mua dc 5 cái quần cho nam sịn sò dã man, màu tối nhã nhặn, vải thun mát co giãn tốt. Sẽ mua lại",5,2024-06-05 08:29:54,1,True,21392161853,215736678,0,0,0,0,0,164,37
68b42e53e9f27e6d9364eda9998714ffbb0ee6924a030780899cda4432b4ed08,"Đúng với mô tả:đúng với mô tả Chất liệu:vải thun lạnh Màu sắc:nhiều màu Giao hàng nhanh, mặc vừa vặn thoải mái",5,2025-03-10 09:13:44,0,True,21392161853,215736678,0,0,0,0,0,110,22
62373a9cfc77666f0523fc39ad9966094a33020d84261b2799c962c8f34723e4,"Chất liệu:vải thung mát Màu sắc:đen,xanh đen Sản phẩm đúng như hình shop minh hoạ ,shop uy tính .shiper và shop chuẩn bị và giao hàng nhanh.lần sau cần sẽ ủng hộ shop tiếp",5,2026-06-07 19:55:52,0,True,21392161853,215736678,0,0,0,0,0,171,34
0b011cd62d7bf2b6e2c235a1fbdd1c18f9c2ac0863e5b6cbc413192077f23546,"Màu sắc:Đen Đúng với mô tả:Đúng Chất liệu:Thun lạnh Quần đẹp, mát và êm. Đóng gói kỹ giao hàng nhanh shiper nhiệt tình và vui vẻ.",5,2024-04-09 00:49:05,1,True,21392161853,215736678,0,0,0,0,0,129,26
d00a765067c756752b4716f9bce643a60182e59f78e89687febaf65a18bc4118,"Sản phẩm có chất lượng tuyệt vời, thiết kế đẹp, bền bỉ và dễ sử dụng. Hiệu suất ổn định, đáp ứng tốt nhu cầu. Giá cả hợp lý so với chất lượng. Dịch vụ hỗ trợ nhanh chóng, chuyên nghiệp. Đáng để đầu tư, phù hợp cho cả cá nhân và doanh nghiệp. Sẽ giới thiệu cho bạn bè!",5,2026-05-05 19:50:56,0,True,21392161853,215736678,0,0,0,0,0,267,60
be344a5c163ab88db400ea2ef0d51363205636cf20442b564083f6a64e2e1c47,"Đúng với mô tả:Đúng Màu sắc:Ok Chất liệu:vải mềm, mát Chất liệu vải mát, co giãn tốt. Mình lấy lớn hơn 1 size so với size quần cũ nhưng mặc vẫn khá ôm và vẫn thoải mái. So với giá tiền thì như vậy là quá chất lượng rồi. Lần sau sẽ quay lại ủng hộ shop. Hình ảnh nhận xu chứ clip khui hàng dài quá ko up lên được",5,2024-09-30 15:27:17,0,True,21392161853,215736678,0,0,0,1,1,311,71
1e1b922fff031e002e0c9d68e496536c9884584e8685d4edc63ef0178a7d3d5f,Màu sắc:5 mau Chất liệu:vai thun lanh Đúng với mô tả:đúng với mô tả Rất chất lượng. Giá này mà quần như thế này thì quá hời. Mua 4 5 lần rồi. Ok lắm,5,2024-06-30 15:11:38,1,True,21392161853,215736678,0,0,0,0,0,148,34
92b0eb445575f9d0b89331e2370128e1e76e6582749e250183547fb0a77a7002,Quần rất đẹp. Vải đanh. Lên fom đẹp k bị bai nhão. K nghĩ 98k/5 cái quần có thể đẹp đc đến thế. Sẽ quay lại ủng hộ shop,5,2024-11-16 13:20:12,1,True,21392161853,215736678,0,0,0,0,0,119,29
1c680398372fc7f85de277cf0ba2a646392c4b99a757a99b4e17e3537de1a9e8,"Chất liệu:Thun lạnh Màu sắc:tối màu Giáo hàng đúng hẹn, đủ số lượng đúng mẫu đúng màu như quảng cáo. Lần sau sẽ ủng hộ shop tiếp",5,2024-07-10 21:18:00,2,True,21392161853,215736678,0,0,0,0,0,128,27
0cd36934d689fa0838d311b51f1a146b426e488e898baec8665a2dd569471c22,"Chất liệu:vải thun lạnh, cotton co giãn tốt, mềm mại . Shop chuẩn bị và giao hàng nhanh, đúng màu sắc, số lượng. Chất lượng như mô tả nên mua ạ. Sẽ ủng hộ shop làn sau. Ảnh và video ma g tính chất nhận xu",5,2026-05-04 10:01:31,0,True,21392161853,215736678,0,0,0,1,1,204,46
e079e73deacc81b3d134a9a7d7997be5237d936352b976176e97eb348c2036f4,"Đúng với mô tả:ok Màu sắc:màu tối Chất liệu:thun Giao hàng nhanh, mỗi quần 1 túi rất xịn xò, quần nhẹ, vải mềm,mát, mặc vừa vặn, ôm cơ thể",5,2024-09-10 12:04:27,1,True,21392161853,215736678,0,0,0,0,0,138,29
d084001e3bea296392949dde2d3ebab5975e2ef05d891c3abb567537eaadd3d7,"Chất liệu:thun lạnh Màu sắc:tối Đúng với mô tả:đúng hàng Giá rẻ, chất liệu mát, mua mặc dần, khá ưng ý",5,2023-11-13 16:36:18,1,True,21392161853,215736678,0,0,0,0,0,102,21
64ddf2498e0b3bb94707bec371c7d8c3fd4c167a969f3171c6f6991e68317c43,Màu sắc:đủ màu và tối màu Đúng với mô tả:đúng Chất liệu:thun lạnh Tui đặt 2 size 1 size 2XL đủ màu và 3XXL tối màu đều là quần đùi hết mua cho bố và người yêu thấy mọi người kêu mặc mát thoải mái lắm nha. Bà nào muốn mua cho người yêu thì ghé shop đây rẻ mà ok nữa,5,2024-10-05 14:38:44,1,True,21392161853,215736678,0,0,0,0,0,264,62
8d9d036e8ddf2c45d5636074d7a04aac1fc6fb22613cd207bd481161742a7600,"Chất liệu:thun lạnh, cotton mềm mại và co giãn thoải mái Màu sắc:Đa dạng, màu sắc đa dạng và đẹp như mô tả Giao hàng nhanh, đủ số lượng, chất liệu cotton mềm mại co giãn thoải mái",5,2025-11-20 12:11:33,0,True,21392161853,215736678,0,0,0,0,0,179,38
49138b044c441a08bebde4313764db1d5c22ab4b507518c8504c50ef558044cd,"Chất liệu vải mỏng nhẹ, giao đủ hàng và đúng các màu tối. Giá rẻ so với bên ngoài, chất lượng phù hợp với giá tiền.",5,2024-11-25 11:42:47,1,True,21392161853,215736678,0,0,0,0,0,115,26
232df804748f05d60a5b373bdb773683dc6ff8bc43c22d0fe26b406c13f95788,"Sản phẩm thật sự làm tôi ngạc nhiên với sự xinh đẹp và tuyệt vời của nó. Tôi muốn bày tỏ lòng biết ơn đặc biệt đến nhà cung cấp, nhà sản xuất, người bán hàng, cũng như sàn thương mại điện tử và những người vận chuyển đã đồng lòng để mang đến cho tôi cơ hội trải nghiệm sản phẩm tốt như vậy. • Hàng được đóng gói một cách tinh tế và đẹp mắt. Sự cẩn thận và tâm huyết của người bán thực sự hiển nhiên trong mỗi chi tiết. Hộp không có dấu hiệu móp nào, cho thấy sự chăm sóc từng đợt vận chuyển, như việc nâng như nâng trứng và hứng như hứng hoa. Tôi muốn bày tỏ lòng biết ơn chân thành cho tất cả mọi người. • Thời gian vận chuyển rất hợp lý, không làm tôi phải chờ đợi lâu.",5,2025-04-26 01:12:10,1,True,21392161853,215736678,0,0,0,0,0,671,150
dd37c6fb109892fb58392f3f82dbe5714065a6a8d9693cee285f912ec6d6271c,"Chất liệu:th Màu sắc:sa Đúng với mô tả:td Sản phẩm này tạo ấn tượng khá tốt nhờ sự cân bằng giữa hiệu quả và trải nghiệm sử dụng. Thiết kế bao bì gọn gàng, dễ bảo quản, đồng thời thành phần rõ ràng giúp người dùng yên tâm hơn khi lựa chọn. Trong quá trình sử dụng, cảm giác mang lại khá thoải mái, không gây khó chịu. Điểm cộng lớn nằm ở tính ổn định và độ tin cậy. Đây là lựa chọn đáng cân nhắc cho ai tìm giải pháp vừa an toàn vừa tiện lợi.",5,2025-09-15 19:03:38,0,True,21392161853,215736678,0,0,0,0,0,442,98
31542cd6a53b4aa38ca1e3d497c69d699c4eb7b9ea16d04e6f19b90aaa617b2a,"Chất lượng sản phẩm rất tốt, đóng gói cẩn thận, nhận hàng nhanh chóng. Gói hàng chắc chắn, không lo lắng về vấn đề giao hàng. Sản phẩm nhận được giống mô tả, hài lòng với trải nghiệm mua sắm",5,2024-09-08 21:21:23,0,True,21392161853,215736678,0,0,0,0,0,190,40
7ce291ec8ea711acc893bdd5527a17528f4cf5db2570f82d3b3bd0c164c3be8c,"Sản phẩm tuyệt vời, đúng với mô tả. Giao hàng nhanh chóng, shipper thân thiện dễ mến Đóng gói cẩn thận, có thể thấy tâm huyết của người bán. Hộp không bị móp méo, vận chuyển rất tốt.",5,2026-04-17 08:42:17,0,True,21392161853,215736678,0,1,0,0,1,182,38
1922dcaa004bdddd4515966e79d2752355106d46e2a4f9037e12a1e71f3ce5a4,"Chất liệu:hi Màu sắc:hi Túi đẹp hơn mong đợi, chất liệu da PU mềm, sờ khá xịn, form cứng cáp nên bỏ đồ không bị méo. Ngăn chia hợp lý, đựng được nhiều mỹ phẩm, mang đi du lịch hay đi học đều tiện. Màu sắc đúng mô tả, khóa kéo mượt, đóng gói cẩn thận. Rất đáng tiền 👍",5,2026-02-07 15:50:02,0,True,21392161853,215736678,0,0,0,0,0,266,60
f0033dc4c422b575afa5fdde337d1357e8aebdfaf22b0ed2a7e6a3f434b4e063,"Chất liệu:vải thun lạnh Màu sắc:đa dạng Sản phẩm đúng như mô tả, trong phân khúc tầm giá này thì nói chung có sài tạm là đc, ko trông ngóng gì nhiều, mong sẽ bền và ổn định theo thời gian về chất lượng,.... Tóm lại, nên mua để trải nghiệm thử nhé!",5,2026-05-10 14:22:52,1,True,21392161853,215736678,0,0,0,0,0,247,53
c4ecc427d6b7dfc58e0247ef343211710eb49cf2c8415c6433c0f2a99c38e29b,Chất liệu:mỏng thoáng mát Đúng với mô tả:đúng Quần mỏng nhẹ thoáng mát size vừa hàng giao nhanh,5,2023-12-14 18:40:20,5,True,21392161853,215736678,0,0,0,0,0,95,18
8118e94d1a15ab34ca72532785508f617dfcb8e842772f6b04b8e3927521a6b9,Chất liệu:thun mát Màu sắc:ok Đúng với mô tả:ok Đặt theo sz shop để ck tớ 75kg 3xl vừa nhưng sau này chức k mặc dc lâu nên mua 2xl thôi hix,5,2024-10-11 20:34:43,1,True,21392161853,215736678,0,0,0,0,0,139,32
b276c0d735beb6143ae50017493b990476e1619c96279f53bfa1fd4a9da8d580,"Để đánh giá sịp đùi nam, bạn cần xem xét chất liệu vải, độ co giãn, thoáng khí, và khả năng thấm hút mồ hôi. Một sản phẩm tốt sẽ mang lại cảm giác thoải mái cả ngày, không gây kích ứng da và giữ form dáng sau nhiều lần giặt. Đường may chắc chắn, không cộm, và thiết kế vừa vặn cũng là những yếu tố quan trọng giúp tăng sự thoải mái khi mặc. Chọn thương hiệu uy tín sẽ đảm bảo về chất lượng và độ bền của sản phẩm.",5,2024-08-26 20:46:27,0,True,21392161853,215736678,0,0,0,0,0,413,93
6c90b9563a91785e1da49aebaf527afa31c942f8b344dfafc41bc3ac922033dc,"Chất liệu:tốt, mịn Đúng với mô tả:chuẩn Quần đẹp nha, chất liệu mịn mặc rất thoải mái..",5,2023-11-18 17:12:08,1,True,21392161853,215736678,0,0,0,0,0,87,17
3a5140b0963a7f130f7cd46a98c355148aaed39f5a7de5bb4dcd26a27e095c8b,"Đúng với mô tả:dung Màu sắc:5 màu Chất liệu:cotton Hàng mặc rất ok, thoáng mát, nhưng mình thắc mắc là trên vỏ có ghi women thì liệu đây có phải quần lót nữ không",5,2024-05-21 10:00:12,2,True,21392161853,215736678,0,0,0,0,0,162,34
0e756c2bff0c0ffb2c50d36295107dff191e79eb33da8121b4fab7ee252c56fb,"Hàng đúng như hình, chất lượng tốt so với giá tiền. Shop đóng gói kỹ, không bị móp méo hay hư hỏng. Giao hàng khá nhanh. Sử dụng thấy ổn, nếu bền sẽ quay lại mua tiếp.",5,2026-02-06 13:00:01,0,True,21392161853,215736678,0,0,0,0,0,167,37
f9a2f67a69c88d99be2539f12b95eef231f6791701fe441de499ffc222ce63b7,"Vải thun lạnh, cotton mềm mại và có giản rất tốt màu sắc rất đa dạng màu rất chuẩn như quản cáo mình ủng hộ shop tiếp mình cho shop 5 sao tks shop.",5,2026-05-15 11:56:20,0,True,21392161853,215736678,0,0,0,0,0,147,34
e7ec7bd20ce11aa9012f922317798e5d9474610145ebff5155e025e6acc670a7,"Hàng về nhanh , chất vải mát ,thấy rất ưng . Chuẩn size nha. 👍👍👍",5,2023-11-09 22:43:43,1,True,21392161853,215736678,0,0,0,0,0,64,15
8ab78851d08205512e5f32ea5dafa62a55554ade20e3f6397d6f51a2e907accd,Đúng với mô tả:đúng Màu sắc:xám đen Chất liệu:vải Hàng đẹp giá rẻ phù hợp với giá tiền hihi có thể tham khảo nhé các bạn trẻ nên mua,5,2024-06-22 20:39:30,1,True,21392161853,215736678,0,0,0,0,0,132,29
913122b280aaa90f1f5c83df4579fe255cbc413b9b5b6fd9ca1d881e758ca03c,"Chất liệu:cha biet, so cung mat Đúng với mô tả:đúng Quần săn được giá rẻ mà mặc ok la lắm nha. Không ngờ với giá này lại mua được sét quần ưng ý như thế. Mọi người nên mua nha.👍👍👍👍👍",5,2024-06-17 20:48:33,1,True,21392161853,215736678,0,0,0,0,0,181,40
19b83bcde4e0537dd6f454c1543e85e82b6487c1581cc7ec8891ddd435982f4f,"Giá rẻ, mặc okk nên mua nha mn. Mình có đặt size bị nhỏ nhưng mà shop hỗ trợ đổi size rất tận tình ạ. Service 10/10 luôn ak",5,2024-09-16 17:58:41,1,True,21392161853,215736678,0,0,0,0,0,123,29
a66100832531f8b7f5ab1a181fc2e670259eb046890d23ab85804412853d8e18,"Màu sắc:y hình Đúng với mô tả:100% Chất liệu:thun lạnh Choongf mình khá đô con nên lựa đồ cho ổng rất khó, thấy shop bán mấy set này nên mua thử, hên là ổng mặc vẫn vừa. Nói chung ok nha mn, nguyên set có hơn 100 nhưng mặc ổn chứ ko phải mỏng le ko mặc đc đâu",5,2025-05-22 13:39:32,1,True,21392161853,215736678,0,0,0,0,0,259,59
e0652940a9ecdd353746b31c707a246ab664b781d1294b4497939387f755948e,Chất liệu:thun lanh Đúng với mô tả:yep Màu sắc:đen và trắng Nhắn shop chọn lẻ màu shop cũng vui vẻ xếp màu như mình yêu cầu 10 điểm nên mua nhé mn,5,2024-09-19 16:59:06,1,True,21392161853,215736678,0,0,0,0,0,146,32
f7251afa921a52f60bc926627572b1b412d5e5ae23255eee4c82ea58ea3ceab7,Chất liệu:tốt Đúng với mô tả:tốt Màu sắc:đẹp Shop giao hàng nhanh chóng mình rất hài lòng về sản phẩm và dịch vụ của shop nhé các bạn nên mua nhé,5,2023-11-06 07:42:17,0,True,21392161853,215736678,0,0,0,0,0,145,31
e41843087537b873baaeef352c7c8e91836c20312f77b0a18870f2142cb6a4ff,"Chất liệu:bình thường Đúng với mô tả:đúng Màu sắc:đủ màu Chất lượng vài bình thường, các bạn muốn mua chất đẹp phải đi xem trực tiếp còn xem trên ảnh thì chỉ chung chung thôi được cái giá hợp lý dùng tạm",3,2023-10-29 15:45:16,4,True,21392161853,215736678,0,0,0,0,0,203,42
e1820b1c0cadea77f4d54020d3224cadaed215a328caaff569c8929365a9b0ce,"Màu sắc:tôi màu Đúng với mô tả:đúng Chất liệu:vải ... Sp ngoài sự mong đợi luôn ạ,vừa ck mình như in,nói chung là ok nha,đáng đồng tiền lắm ạ",5,2024-08-04 21:20:15,3,True,21392161853,215736678,0,0,0,0,0,141,29
8ce64a4401d900319e13712c8676d3c5b15ca35bd31f080177ed242cb47302c9,"Màu sắc:đúng như mô tả Chất liệu:tốt đúng như quảng cáo Đúng với mô tả:đúng Hàng đúng như mô tả,chất liệu vải thun lạnh đúng như quảng cáo mình rất hài lòng với sản phẩm sẽ ủng hộ tiếp tục trong thời gian tới",5,2025-11-16 12:08:43,2,True,21392161853,215736678,0,0,0,0,0,208,44
12c03a18f6eab3422bb7d8e6d93a2a1b3b6e3093f5f0a17c53635e6fc672c1db,Giao hàng nhanh set ba túi đẹp chắc chắn đựng rất là nhiều đồ luôn tiện lợi mang đi du lịch mai đi chơi đi đâu cũng được nha shipper thân thiện đã ra đi comment cho mọi người nên mua nha,5,2025-01-12 11:45:22,0,True,21392161853,215736678,0,0,0,0,0,186,42
c850b70b1fc616f5aff44ca7d6b0c92c69554b9fcbb52181d09891d5c9a6b9fc,"Chất liệu:vải mềm co dãn tốt Màu sắc:4 đen-1 xanh giao hàng nhanh, mẫu mã cũng đẹp. Mua cỡ to nhất mà suýt không vừa mình 75 cân",5,2025-06-30 17:34:50,1,True,21392161853,215736678,0,0,0,0,0,128,28
7f34937c300dd162a6cfa707fdd63dde0590f930c0fe8ce0c08930cc620009e3,"Màu sắc:toi mau Đúng với mô tả:Đúng Chất liệu:Mát Sản phẩm chất lượng, đóng gói cẩn thận, đụng riêng từng cái chứ không đóng kiểu theo lô:))) Shop tư vấn nhiệt tình, tóm lại là chưa biết chê chỗ nào… nào có vấn đề thì chê sau:)))",5,2024-07-26 19:25:47,1,True,21392161853,215736678,0,0,0,0,0,229,47
be8c7bf5026165c3f56d5d683be0331cc487420195658c93184d0162472344b1,Màu sắc:Màu tối Chất liệu:Cotton Đúng với mô tả:đúng Quần đẹp shop giao hàng nhanh nên mua nha mn màu cũng đẹp nữa ạ xs luôn,5,2024-05-29 10:05:32,1,True,21392161853,215736678,0,0,0,0,0,124,26
34d8b63942e3724095fdac08b98d2e2c7d8e45d6cff9d931774683b9d2501f03,"Bộ quần áo này nhìn rất đẹp và hợp với bạn. Màu sắc hài hòa, kiểu dáng hiện đại, tạo cảm giác gọn gàng và lịch sự. Cách phối đồ tinh tế giúp tôn lên phong cách riêng, vừa trẻ trung vừa cuốn hút, để lại ấn tượng tốt với mọi người xung quanh.",5,2026-05-31 13:58:16,0,True,21392161853,215736678,0,0,0,0,0,240,54
46ad324d0b1063eaf8713f653f40aba6d2c7b71c2127e219d572f0a104d4d559,Chất liệu:vải thun lạnh cotton mềm Màu sắc:set màu đa dạng. cotton chuẩn săn được giá rẻ nên mua nhé.ảnh mang tính chất minh hoạ thôi ạ.hi vọng sau săn được rẻ nữa ạ,5,2026-06-19 14:28:17,1,True,21392161853,215736678,0,0,0,0,0,165,34
3d34a18358e21ddbaa5c6efe278f74f2f446f99d1673f297f368cba24f627a1a,"Màu sắc:đen Đúng với mô tả:đúng với mô tả Chất liệu:thun lạnh Mặc rất mát nha, shop chu đáo nhiệt tình, sẽ ủng hộ thêm cho shop ạ ⭐ ⭐⭐⭐⭐",5,2024-09-20 11:03:53,1,True,21392161853,215736678,0,0,0,0,0,136,30
03e6d42011b44a6babaf3f414f72ec05a568495bc48dd4632d6a84552075a0f8,Hàng rất đúng với mô tả. Chất liệu vải tạm được. Giá cả hợp lý phì hợp với túi tieend. Lần sau sẻ ủng hộ thêm nha shop,5,2023-11-25 14:00:58,0,True,21392161853,215736678,0,0,0,0,0,118,28
5c45fa607068fba5d52bd003124e8d42e3d4754674abf009d91006dcf709dd46,"Màu sắc:5 colour Đúng với mô tả:right Chất liệu:cottons The item is pretty good quality, which was packaged carefully and was delivered quickly. Thank you so much",5,2024-09-10 19:43:39,1,True,21392161853,215736678,0,0,0,0,0,162,27
dcf7c4f02d318dbd1a376e1b73891d7d757f42b210ec58abb6b280d3cddf20b1,Chất liệu:ok Đúng với mô tả:ok Màu sắc:ok Giao hàng nhanh Chất lượng so tuyệt vời Giá cat hợp ký Shop phục vị nhiệt tình,5,2023-11-29 22:37:51,0,True,21392161853,215736678,0,0,0,0,0,120,25
ba2dfda5a0beee3658c879c2dc203bbda173df3189256b85b79ee4f511097285,"Chất liệu:thun lạnh Đúng với mô tả:y như mô tả Màu sắc:tối Vải mát thích hợp mặc mùa nóng, đường may đẹp, co dãn tốt, mặc thoải mái k bị bó, hàng chất lượng nên mua nghen",5,2025-03-25 12:33:35,0,True,21392161853,215736678,0,0,0,0,0,170,37
45ae88208c0c1c92ef7d911499a695c93bdb7bd59fcfc28ec5f399da81d4947b,"Đúng với mô tả:Đúng Màu sắc:đẹp Chất liệu:tốt Giao hàng nhanh đóng gói cẩn thận,mh rất hay mua hàng của shop,hàng vừa rẻ lại tốt mọi người nên mua ạ,sẽ ủng hộ shop nhiều hơn nữa ạ ♥️",5,2025-08-19 21:11:33,1,True,21392161853,215736678,0,0,0,0,0,182,38
7b5f312faf51255384f1ecd293e8304080265fd2d6d81fd7633e80265e4728db,"Chất liệu:ko rõ Đúng với mô tả:đúng Màu sắc:tối Mua về mà mọi người cứ hỏi mua ở đâu mà rẻ đẹp vậy. Không biết mọi người thấy sao chứ mình thấy những sản phẩm ở shop đẹp chất lượng mà giá cả lại hợp lí lắm luôn á . Đã mua nhiều lần rồi, shop vẫn đóng gói kĩ càng, sản phẩm vẫn chất lượng như ngày đầu. 10 điểm không có nhưng cho shopp",5,2024-03-10 21:15:53,1,True,21392161853,215736678,0,0,0,0,0,334,76
543f8ff99844aad8119830c288ba655f5d7ff3a785da9bcae58b7f6f6b9ab2f7,Đúng với mô tả:đúng Chất liệu:thun lạnh Màu sắc:đủ màu Oke nha Mà bảng size chỉ có cân nặng k có chiều cao nên lúc mua hơi phân vân tí,5,2024-06-07 18:58:32,1,True,21392161853,215736678,0,0,0,0,0,134,30
8c5b9f805e5afecfa0afc68fd17a47ff0bcf0d333fcbe490dadf32ff2d41e0a6,"Chất liệu:thun Đúng với mô tả:10/10 Màu sắc:đủ màu [TB] SIÊU SALE BLACK FRIDAY! Giảm 20% giá các gói 5G khi mua qua ứng dụng Viettel Money. Truy cập ngay https://km.vtmoney.vn/314y/datatab5g để lựa chọn gói cước phù hợp và nhận ưu đãi. CT áp dụng đến hết 30/11/2024, dành riêng cho Quý khách. Chi tiết truy cập https://viettel.vn/BF20 . LH 198 (0đ).",5,2024-11-30 13:53:59,2,True,21392161853,215736678,0,0,0,0,0,349,62
49f4dc07b5eb9ce2c760ec9bd55f2678a4025d80d174a2ace4026be7b3aaedce,"Chất liệu:cotton Đúng với mô tả:chuan Màu sắc:nhiêu mau shop giao hàng nhanh, chất ok. phù hợp giá tiền. cảm ơn shop, sẽ ủng hộ nữa",5,2024-08-09 11:03:33,1,True,21392161853,215736678,0,0,0,0,0,131,26
88b9f9bb90ae9ba5ea3140c3c7db73123b5d0a596db1f99d1ef3b359894a4a2b,"Sản phẩm rất chất lượng, đáng giá với giá tiền. Giao hàng nhanh chóng và đóng gói sản phẩm cẩn thận. Chất lượng sản phẩm vượt xa mong đợi của tôi, rất hài lòng. Sản phẩm đáng mua, đáng bỏ tiền. Hình ảnh và mô tả sản phẩm chính xác, hài lòng hơn mong đợi. Dịch vụ khách hàng rất tốt, shop hỗ trợ nhiệt tình, sẽ ủng hộ lần sau. Sản phẩm giao nhanh và an toàn, không bị hỏng hóc. Hàng nhận đóng gói chắc chắn. Chất lượng sản phẩm như hàng hiệu. Giá đúng với lượng sản phẩm. Sản phẩm giống như mô tả trên trang web, không có sự chênh lệch đáng kể. Dễ dàng sử dụng sản phẩm. Sản phẩm chất lượng cao. Đáng giá để mua lại trong tương lai. Hài lòng với sản phẩm. Sản phẩm có tính năng ưng ý và đáp ứng được nhu cầu của tôi. Hình ảnh thực tế của sản phẩm không bị chỉnh sửa quá mức. Được nhận hàng đúng thời gian như đã cam kết. Sản phẩm rất ok. Giao hàng nhanh, chuyên nghiệp. Sản phẩm đáp ứng được mong đợi của tôi về chất lượng và tính năng. Thích hợp mua làm quà. Sản phẩm đáng mua.",5,2024-10-29 20:10:28,0,True,21392161853,215736678,0,0,0,0,0,977,212
f2c3a2e033333f3d74ffd9646b2eb3e5a29ed0ac3506c994360a8ac26bc3a407,"Đúng với mô tả:Đúng với mô tả Chất liệu:Thun lạnh, kháng khuẩn, thoáng khí, co giãn bốn chiều Màu sắc:Tối màu Quần lót có thiết kế đơn giản với chất liệu thoáng mát, co giãn, màu sắc đẹp.",5,2025-06-29 15:58:17,1,True,21392161853,215736678,0,0,0,0,0,187,38
dd6298e5a64b887709b1760d9cddec36c01ad67ab2ac153e9a61410ae4a3fa76,Đúng với mô tả:đúng Màu sắc:màu tối Chất liệu:vải Đúng đẹp.ạ ck mk bảo mặc mát rất thích sẽ tiếp tục mua tiếp thêm cho ng nhà,5,2025-10-03 22:38:53,1,True,21392161853,215736678,0,0,0,0,0,125,27
9d092be3a99c9ec452ef4405da3ae4b00f0398e7c13a5671b4837a013f0d1488,"Đúng với mô tả:good Màu sắc:đẹp Chất liệu:mát, mịn Sản phẩm tốt, giá quá yêu, vải mịn mát, thoáng khí, Mình m7, 57kg, mặc hơi chật xíu nhưng thôi sau giãn ra là vừa lười đổi, sẽ còn ủng hộ shop nhiều.",5,2024-02-22 12:18:06,1,True,21392161853,215736678,0,0,0,0,0,200,42
33e1b24f83006a1f4c1f78969ee59d6d6e893690c4b1013b7a6f0b1bc93bd3fb,Đúng với mô tả:co Chất liệu:vải co giản Màu sắc:tối màu Shop đóng gói cẩn thận Giao hàng nhanh Shipper nhiệt tình Săn sale giá tốt nha Nên mua nha mọi người Sẽ ủng hộ shop tiếp,5,2024-08-26 06:25:07,0,True,21392161853,215736678,0,0,0,0,0,176,37
6d7388f0f0075ee70157a56309219463cb0a7184ca3477e410f6fceb38dd5273,"Màu sắc:đẹp Đúng với mô tả:đúng Chất liệu:vải Vải đẹp, may đường chỉ cũng đẹp, may mạc và in logo đẹp, nói chung xin xò",5,2024-04-05 19:26:34,1,True,21392161853,215736678,0,0,0,0,0,119,25
0af5c2a3d7e396c84a27e8158178feb25df008b42156853b0106acbb9545849e,Đúng với mô tả:đung như mô tả Màu sắc:bộ com bo đủ màu Chất liệu:ko rõ lắm Shop gửi hàng nhanh sản phẩm vừa đẹp ok,5,2025-06-27 10:40:07,2,True,21392161853,215736678,0,0,0,0,0,114,26
557aee97bd637960c951d1a4f49559b46264e00702b22310485a3c371bbe0131,"Màu sắc:xanh, đen Đúng với mô tả:đúng Chất liệu:vải Giao hàng nhanh, đóng gói sản phẩm chắc chắn",5,2024-03-02 14:40:53,3,True,21392161853,215736678,0,0,0,0,0,96,18
1a414e6580be0096ec8cff98e730ad2949b2a142a2ec454e6b6ab238bab963e0,"Đúng với mô tả:ok Chất liệu:ok Màu sắc:ok Quần boxer nam là lựa chọn phổ biến nhờ sự thoải mái, thấm hút tốt và thiết kế thoáng khí, phù hợp cho cả mặc hằng ngày lẫn vận động nhẹ. Chất liệu thường là cotton, thun lạnh hoặc sợi tổng hợp, mang lại cảm giác mềm mại và co giãn tốt. Tuy nhiên, một số mẫu có thể hơi rộng hoặc lỏng lẻo nếu không chọn đúng size, ảnh hưởng đến cảm giác ôm sát cơ thể.",5,2025-06-26 09:52:10,0,True,21392161853,215736678,0,0,0,0,0,394,86
ce19bbc2c81cc921211d59bbd0a55a6d1c36127578f5b329cfad5a2df388c71b,"chất mát , mặc co giãn tốt , rất ưng ý ạ chồng mình có 64 kg nhưng do chạy bộ nên mông với đùi to nên phải mặc 3 xl mới vừa , mình muốn mua 3 xl nhưng mình đặt nhầm size mà nhắn tin cho shop . shop hộ trợ đổi cho mình . mình cảm ơn shop nhiều .🥰",5,2025-10-11 22:23:43,0,True,21392161853,215736678,0,0,0,0,0,245,63
4726514c6367679cfb9fcf875a71f6e6164a532a7a1892508f5d4f30799d0b79,Sp đúng đẹp và y hình. Giá rẻ đẹp. Đóng gói cẩn thận mn nên mua nha. 😁😁😁,5,2023-12-01 18:03:53,2,True,21392161853,215736678,0,0,0,0,0,72,18
6b369c9404b92e2f5171d7c6869c98d342ea586719bcf1e4825e78e66811221e,Chất liệu:cotton Màu sắc:đủ màu Shop giao đủ màu đủ số lượng quần co dãn tốt phù hợp với giá tiền,5,2024-02-04 23:14:22,1,True,21392161853,215736678,0,0,0,0,0,97,21
5623edfde6235153e50f13a9bb3762bb4a9dbdbbc03416a0a4562a84486c7022,"Quần chất đẹp mà mát lắm nha, giá thì lại quá rẻ, rất nên mua, mùa nóng này mặc mấy quần này là chân ái đấy ạ 😊😊😊",5,2024-10-19 13:06:28,1,True,21392161853,215736678,0,0,0,0,0,113,28
01f75a69b8632221772158702e7cbd151d5eb24762fd16890c5b8c2c33901245,"Chất liệu:vải thun lạnh Màu sắc:màu đẹp logo nổi Sản phẩm tuyệt vời ngay từ quy cách đóng gói túi zip từng chiếc 1, quần co dãn mềm mại, size chuẩn mặc rất dễ chịu, shop giao hàng nhanh",5,2025-11-09 04:52:58,1,True,21392161853,215736678,0,0,0,0,0,185,39
2d96675bd437ada1bc44c5c1990b3a97092309a1ff283761aeb8787590205374,Giá rẻ chất lượng hàng ok mọi người nên mua với giá này mình không đòi hỏi nhiều shop bán đồ giá rẻ hơn ở bên ngoài lần sau ủng hộ shop tiếp năm sao ￼,5,2024-06-15 20:40:45,3,True,21392161853,215736678,0,0,0,0,0,150,36
68c88dcdfe2fa2b3b0f4650df01e7cc65899fe93f67daf3dcaa7b498cf6fc92d,"Chất liệu:vải Màu sắc:màu tối Đúng với mô tả:đúng Giáo đúng số lượng, đúng sản phẩm, lần đầu mua cho chồng , thấy cũng rất phù hợp",5,2024-07-22 15:27:07,1,True,21392161853,215736678,0,0,0,0,0,130,27
c93ac40756145fe4a2feb0c4181baf59874bac2a4dabdd433bd238de90351118,Đúng với mô tả:hàng đẹp Chất liệu:tốt Màu sắc:co giản thoáng mát đẹp Sản phẩm tốt giao hàng thân thiện shipe thân thiện mọi người nhớ ủng hộ shope nha,5,2024-06-20 14:29:58,1,True,21392161853,215736678,0,0,0,0,0,150,30
9d092be3a99c9ec452ef4405da3ae4b00f0398e7c13a5671b4837a013f0d1488,"Chất liệu:good Màu sắc:đẹp Đúng với mô tả:ok Chất mịn mát, đẹp, giá quá tốt cho chất lượng, đã mua và sẽ còn ủng hộ, mình 1m7 57kg size Xl thì hơi bó, size 2XL thì thoải mái nhưng có vẻ hơi rộng.",5,2024-02-26 15:49:38,1,True,21392161853,215736678,0,0,0,0,0,195,43
67da95418d948e351f63bc1e160a8608954ef448f7659153c376e1ad1ddb6cef,"Hàng tốt, phù hợp giá tiền. Chất liệu vải thoáng mát, sờ vào mịn. Nên mua nhé mn",5,2023-10-17 21:06:07,0,True,21392161853,215736678,0,0,0,0,0,80,18
1908a76488e0f999727f6417f0bb1ffde139f0c039aa119f2450925a4174339a,"Hàng ship nhanh. Mua hôm 12/12 nên dc giá hời. Chất vải mát, nhẹ, mềm. Co dãn ổn áp. Sẽ còn ủng hộ shop những lần về sau ạ",5,2024-12-17 11:27:05,2,True,21392161853,215736678,0,0,0,0,0,122,29
1b3142cc3e0197fbd4a6ff620d8dcdb252405d2cf50c69145ecdb65fd2c631c9,Đúng với mô tả:dung Chất liệu:cotton lạnh Màu sắc:đủ màu Giao hàng nhanh + đủ số lượng. Sẽ ủng hộ tiếp nữa.,5,2024-01-29 17:28:47,1,True,21392161853,215736678,0,0,0,0,0,107,22
12c5d3a8a613b78fa939d3a9703b3de13e642e695ef4b8721f19b05a211a05c4,"Đúng với mô tả:mặc thoải mái mà giá cả hợp lí Chất liệu:không rõ, tôi không hiểu về các loại vải Màu sắc:màu tối Giao hàng nhanh mà giá tốt. Cho shop 5 sao",5,2024-09-10 20:53:41,0,True,21392161853,215736678,0,0,0,0,0,155,34
e7ec7bd20ce11aa9012f922317798e5d9474610145ebff5155e025e6acc670a7,Chất liệu:vai thun Màu sắc:tối Đúng với mô tả:giong Giao hàng nhanh đầy đủ . Mua giá rẻ được tăng them tất . Giao đúng mẫu đúng size . Đóng gói đẹp,5,2024-01-26 21:14:56,0,True,21392161853,215736678,0,0,0,0,0,147,32
6aa81312bf63e6522198876ae12b5a910315e926a8cd44f13a937319fa4acbcb,Màu sắc:đúng 5 màu yêu cầu Đúng với mô tả:rất đúng Chất liệu:thun lạnh Hàng rất đẹp và chất vải mát nhẹ nhàng mình rất ưng ý vì đã chọn đc sp tốt cho ck cảm ơn shop đã nhiệt tình lựa màu theo ý thích mình yêu cầu sẽ ủng hộ shop tiếp nên mua nha mọi người ck cao 1m75 nặng 73kg lấy size 2XL vừa vặn luôn nha,5,2024-07-24 19:05:30,0,True,21392161853,215736678,0,0,0,0,0,306,71
65a796b3c61a8ee9055a9cf17891c3f2f350efd88fde708e7f4a4c37036362f3,"Chất liệu:Vải thun lạnh, cotton mềm mại và co giãn rất tốt. Màu sắc:Set màu đa dạng, màu sắc chuẩn và đẹp như mô tả. Chất liệu vải thun lạnh, co giãn tốt. Tạo cảm giác dễ chịu và thoải mái khi mặc, ngoài ra có đủ màu sắc lựa chọn không sợ trùng màu nhé.",5,2026-05-18 09:08:21,0,True,21392161853,215736678,0,0,0,0,0,253,56
e43b48ca685b618afdc6916c935e9beedb413e8dfb68c60b5b0666a36b2dbbd6,Đúng với mô tả:giống ảnh của shop Màu sắc:tối màu Shop giao hàng nhanh chóng sp giống như mô tả shop tư vấn nhiệt tình. Giản thun co giãn tốt mặc cực kì thoải mái,5,2024-01-28 10:29:52,1,True,21392161853,215736678,0,0,0,0,0,162,35
a23a30cca29bdeee19d6459e812ad3b0a060f48b93872b23027a28c7b6f007a4,"Đúng với mô tả:đúng Chất liệu:oke Màu sắc:oke Shop giao hàng nhanh, đóng gói cẩn thận nè. Chất mịn, màu đẹp, nhìn chung so với giá thì mình thấy okela. Không biết dùng thời gian sau như thế nào. Rcm mng ủng hộ shop nha",5,2024-03-21 16:25:31,0,True,21392161853,215736678,0,0,0,0,0,218,45
69483dfa541106a60e9d383a68cf50bda971c016672237eb1d6890d1ecac2d0c,"Shop đóng gói hàng cẩn thận, sản phẩm không bị nhăn hay lỗi khi nhận. Thời gian giao hàng nhanh hơn mình nghĩ. Nhìn chung mình khá hài lòng với chất lượng sản phẩm so với giá tiền. Sẽ cân nhắc ủng hộ shop thêm những lần mua sau.",5,2026-01-22 15:49:43,0,True,21392161853,215736678,0,0,0,0,0,228,49
f7251afa921a52f60bc926627572b1b412d5e5ae23255eee4c82ea58ea3ceab7,Màu sắc:bnn Chất liệu:hh Đúng với mô tả:hbb Shop giao hàng nhanh chóng mình rất hài lòng về sản phẩm và dịch vụ của shop nhé các bạn nên mua nhé các bạn,5,2023-10-30 23:05:12,0,True,21392161853,215736678,0,0,0,0,0,152,33
0dee9ec1e6af90eb62f431ce737bbc9d2f54bfb84309d24912f0f97b75fce91d,"Chất liệu mát co giãn ok Hàng đúng mô tả Rất nên mua, mặc rất thoáng",5,2023-11-15 12:17:27,2,True,21392161853,215736678,0,0,0,0,0,68,16
e83ee4390dfde955a5106f3e0dbea0d8d5ee4536da13369b577535d4b74a0a9b,"Giao hàng nhanh , đóng gói cẩn thận , vải thun lạnh co giãn ok ,",5,2023-11-23 09:00:25,1,True,21392161853,215736678,0,0,0,0,0,64,16
f4a19b7b6c8f08155f7e09a753ff6acb9eb2df4e49f030336cb8d35cf78e83d4,"Vải thun lạnh, cotton mềm mại và co giãn rất tốt Set màu đa dạng, nhiều màu. Mình đã mua lại nhiều lần. Shop hỗ trợ nhiệt tình, chu đáo. Đặt cho e trai nên chưa coa hình ảnh và video >*~! Hình ảnh mang tính minh hoạ nha^^",5,2026-01-18 22:56:24,3,True,21392161853,215736678,0,0,0,0,0,221,49
f5462cc0207dd1325c5cc244a5f9ed5854fc99d557ea9f8370ad9f681e190ffe,"Đúng với mô tả:đúng Chất liệu:co giản Màu sắc:5 màu Vải lạnh, mát không nóng, mình săn giá rẻ mn nên mua và trải nghiệm",5,2025-07-10 11:05:59,3,True,21392161853,215736678,0,0,0,0,0,119,25
6930a79248d2156fceba7e7c6d67adbc9244dbbc0793d60cf493f76d30b575df,"Quần chất lượng, vải co dãn thoáng mát mà giá rẻ. Nên mua.",5,2023-10-23 13:19:41,1,True,21392161853,215736678,0,0,0,0,0,58,13
7c51d31789ee4210cdfafa804b25c1813a46d57b6a9125584747619e63717d33,Chất liệu:vai thun lanh cotton mem min Màu sắc:set mau da dang mau sac chuan Chất liệu cotton mềm mịn mặc mát đang mua giao hàng nhanh nha,5,2026-06-08 17:42:16,1,True,21392161853,215736678,0,0,0,0,0,138,28
49e4cf4e805d3dae8a5d0876029e9304375588d06d6c2f1f170840dc31dc7748,Đúng với mô tả:đúng với mô tả Chất liệu:tốt Màu sắc:đủ màu Sản phẩm tốt sản phẩm đóng gói kĩ càng ship bơ nhiệt tình chu đáo vui vẻ thân thiện mình rất hài lòng mik sẽ ủng hộ shop tiếp đáng mua nha mn,5,2026-01-18 17:23:24,0,True,21392161853,215736678,0,0,0,0,0,200,45
877d3c4975b80e03b2bb016b83b0741f28d691bfac264f5c95bcf6011fe7e959,"Màu sắc:đúng Chất liệu:thun lạnh Đúng với mô tả:đúng Đúng như hình ảnh, mik rất hài lòng về sp, lần sau sẽ ủng hộ thêm ạ.",5,2024-12-02 17:08:01,2,True,21392161853,215736678,0,0,0,0,0,121,26
ba825c3f30cd090e17f23a41aa287560c392addb5e36e79341a972354014da73,"Đúng với mô tả:dung Chất liệu:vai thun Màu sắc:tối màu Giao hàng nhanh,đóng gói chắc chắn,shop phục vụ tốt,lần sau sẽ ủng hộ shop tiếp.thường xuyên",5,2025-12-21 22:23:07,0,True,21392161853,215736678,0,0,0,0,0,147,26
0d92aff8970b24753cfed82015108898fe0260f25fecf44b5cbf60bce53f1f6e,Màu sắc:5 mau Đúng với mô tả:dung Chất liệu:thun lanh Giao hàng nhanh 2 đến 3 ngày đã nhận đc hàng săn đc giá rẻ chỉ với 20k 1 cái,5,2024-11-18 11:21:55,1,True,21392161853,215736678,0,0,0,0,0,130,30
93555fe5fef61db19c3291a9ae6e3e1db982c56aeb28b807a8d0cf1eedc8e1d4,Shop đóng gói hàng nhanh. Nhưng rơi vào dịp tết dương nên bị chậm mất vài ngày. Mua đc áp mã rẻ nên k có gì phàn nàn về chất lượng trên giá thành. Chất liệu cũng khá mát. Sẽ đánh giá sau khi sử dụng.,5,2024-01-04 10:03:34,2,True,21392161853,215736678,0,0,0,0,0,199,46
dee9c18b5aa9d31edc803d864ec56cad290812605728cc5003512adf2ddff714,"5c còn rẻ hơn t mua 1c ở ngoài store ^^ vậy mà vải nó xịn cũng ngang ngang nhau. Mặc mát, thoải mãi, chồng rất ưng! Sẽ quay lại mua tiếp khi không còn sd được nữa = )))",5,2026-06-09 01:10:43,0,True,21392161853,215736678,0,0,0,0,0,168,40
638069fb86f09c1c5a9fac43d2126a2d3ebae5fd27619305fef0f6cdc16b0770,"Sản phẩm giao đúng mẫu, chất thun lạnh mặc rất mát và thoải mái, co giãn tốt. Combo 5 cái màu sắc cơ bản rất dễ dùng. Shop đóng gói kỹ, giao hàng nhanh chóng. Rất đáng tiền, mọi người nên mua nhé!",5,2025-12-22 22:29:43,1,True,21392161853,215736678,0,0,0,0,0,196,43
9cabd8a8146d572c46b4a6723f956eeb25877cef2650cf872c62b0c8f4877b18,"Chất liệu:cotton Đúng với mô tả:đúng Màu sắc:nhiều màu chất lượng sản phẩm tốt, mỗi quần được đóng gói riêng 1 túi zip cực kỳ sịn sò",5,2023-10-06 17:51:38,0,True,21392161853,215736678,0,0,0,0,0,132,27
80396dc838d8b694ada7a9c65c1fc15496f896990b338b2bc94bca1327e66efe,Chất liệu:ok Màu sắc:ok Đúng với mô tả:ok Shop giao hàng tầm 3-4 hôm Giá cả hợp lý Chất liệu mát Mềm Nên mua ạ,5,2024-05-20 09:35:51,1,True,21392161853,215736678,0,0,0,0,0,110,25
92efe29e0fc62a790ab5b74381e36edfc113877a6de00d1ef0b8a59097aa6375,"Đúng với mô tả:đúng với mô tả Chất liệu:co giãn mát mẻ Màu sắc:đen,xanh đen Đóng gói cẩn thận nhìn cũng ok chưa sử dụng nhưng nhìn có vẻ chất lượng",5,2025-01-21 19:15:18,2,True,21392161853,215736678,0,0,0,0,0,147,31
9567ab17f3ae8c301e69d05c8178725e4d293ab8b6f2d1b32ccc7d91fdce9b52,Chất liệu:mats Màu sắc:đủ màu Đúng với mô tả:đúng Hàng giao nhanh đủ số lượng chất lượng kb vì đặt cho chồng cho shop 5 sao,5,2024-08-31 11:10:13,0,True,21392161853,215736678,0,0,0,0,0,123,26
7a4e4b0745aa9e7583918d12537cd617387455cc59c1eb69a7c416d192a2c7ba,"Chất liệu:vai Màu sắc:5 mau Đúng với mô tả:đúng giao hàng nhanh đóng gối cẩn thận, vải xịn nha mua 5 màu ưng lắm luôn, cám ơn shop nhiều nha",5,2025-06-12 11:43:21,2,True,21392161853,215736678,0,0,0,0,0,140,30
c39397ed7460a2421854804a0c1fef4621fd5d3ff1c57ef5b6e47dc3788735c1,Chất liệu:thun lạnh Màu sắc:tối mầu Đúng với mô tả:đúng như mô tả Lần đầu mua và trải nghiệm mặc rất thích chất liệu rất mát có giãn tốt,5,2024-11-26 13:32:56,1,True,21392161853,215736678,0,0,0,0,0,136,29
efd1a3263cdc9dfce03eeb98cdb0510ae341df4e59fcc7174210c7f7cd855568,"Đúng với mô tả:đúng Chất liệu:vải Màu sắc:đen Hàng giao nhanh chất lượng, shipper thân thiện. Chủ shop nhiệt tình. Nên mua nha mọi người",5,2025-02-18 08:52:46,1,True,21392161853,215736678,0,0,0,0,0,136,25
21d735365993d59eedeb4ec82e2e83c048e48faada261794c1312b3f8745366b,"Chất liệu:thun Chất thun mát, form quần đẹp, mặc thoáng mát Shop giao hàng rất nhanh (Quy khach duoc mien phi xem phim va cac kenh truyen hinh tren TV360 theo chuong trinh khuyen mai khi dang ky/ gia han thanh cong goi cuoc Mobile Internet)",5,2024-12-05 00:16:13,0,True,21392161853,215736678,0,0,0,0,0,240,46
35a206328ab88d50dd3d610f91921366eb712c8378dc16457a4aad1b785a291b,"Đúng với mô tả:hang đẹp Chất liệu:đẹp Màu sắc:vừa ý Hàng đẹp, xịn, đựng trong túi xin xò, ô Ck tớ nặng 75kg mặc vừa. Vẫn hơi kích. Nên mua mấy bác ạ. Nên mua cho Ck",5,2024-07-21 10:53:01,1,True,21392161853,215736678,0,0,0,0,0,164,37
a66100832531f8b7f5ab1a181fc2e670259eb046890d23ab85804412853d8e18,"Đúng với mô tả:ok Màu sắc:nhiều màu Chất liệu:thun lạnh Chất lượng sản phẩm tuyệt vời , đóng gói sản phẩm rất đẹp và chắc chắn",5,2024-09-12 18:52:20,1,True,21392161853,215736678,0,0,0,0,0,126,26
15fe2011b9759260e5f6ad670df2b97fc3831343c22ffa549a0a0bd5f7534d87,"Đúng với mô tả:đúng mô tả Chất liệu:thun lạnh Màu sắc:màu tối Giao hàng nhanh đóng gói cẩn thận, shipper nhiệt tình.mặc vừa vặn nhé",5,2025-07-03 21:50:11,0,True,21392161853,215736678,0,0,0,0,0,131,25
f8478d57ba08e82935ebe45a44adf74e56a2a233ce79dbe926bebb2294c8b14f,"Màu sắc:màu tối Đúng với mô tả:Đúng Chất liệu:Thun lạnh Shop siêu dễ thương, mình đặt nhầm size shop vẫn đổi trả rất nhanh ạ.",5,2025-10-25 10:04:34,0,True,21392161853,215736678,0,0,0,0,0,125,25
40303b5ab0a9c78fcf0518d3f0a983aa5016dbdaa0d95f647264b4e761b65a12,Chất liệu:vải thun lạnh cotton mềm mại thoáng mát Màu sắc:set màu đa dạng dễ sử dụng Tìm deal giá hời sản phẩm chất lượng ok lần sau sẽ ủng hộ shop tiếp,5,2026-06-09 21:58:56,2,True,21392161853,215736678,0,0,0,0,0,152,33
b96d254506e5b37e8554f87436f7bcafa8c974a6fc75f738205446907f9351e2,"Chất liệu:co giãn tốt Màu sắc:màu tối Giao hàng nhanh chóng, đóng gói cẩn thận, sản phẩm chất lượng, giống mô tả, giá hợp lý. Nên mua",5,2026-06-19 20:25:59,1,True,21392161853,215736678,0,0,0,0,0,133,27
439bcea068e9322bbc0622fdd26b43e9ec7c2b9c34cf3e074a82c46b137eabcf,"Đánh giá sản phẩm: Sản phẩm tốt, đúng như mô tả, giao hàng nhanh, shop hỗ trợ và phản hồi rất nhanh khi có vấn đề liên quan đến đơn hàng. Sẽ ủng hộ trong tương lai khi có nhu cầu về hàng hoá.",5,2025-07-24 12:35:33,0,True,21392161853,215736678,0,0,0,0,0,191,44
8a5fa68d89bec58335dbefc8efa27f5eafaa274443910b566b3584402ef5de5d,"Đúng với mô tả:đúng Màu sắc:đen và xanh than Chất liệu:thun lạnh Shop giao hàng nhanh , chất vải OK giá thành rẻ , hàng đẹp . Sẽ ủng hộ shop lần sau",5,2024-07-25 21:53:55,1,True,21392161853,215736678,0,0,0,0,0,148,33
50e49925863512d1c86a1f2a24aa832a987a3e67c8282ef03610ea7259f88c6e,"Chất liệu:mat Màu sắc:den Quần lót đúc su! Đó là một loại quần lót nam được làm từ chất liệu đúc su (còn gọi là chất liệu thun) mềm mại và thoải mái. Dưới đây là một số đánh giá về quần lót đúc su: *Ưu điểm:* - Mềm mại và thoải mái khi mặc - Co giãn tốt, phù hợp với nhiều kích cỡ - Dễ dàng di chuyển và hoạt động - Giá cả hợp lý *Nhược điểm:* - Có thể không bền như quần lót làm từ chất liệu khác - Có thể bị mất hình dạng sau khi giặt nhiều lần - Không phù hợp với những người có da nhạy cảm *Đánh giá chung:* Quần lót đúc su là một lựa chọn tốt cho những người muốn một quần lót thoải mái và mềm mại. Tuy nhiên, nếu bạn muốn một quần lót bền và có độ bền cao, bạn có thể muốn xem xét các loại quần lót khác. Nếu bạn có bất kỳ câu hỏi hoặc muốn biết thêm thông tin về quần lót đúc su, vui lòng cho tôi biết!",5,2025-11-05 23:21:28,1,True,21392161853,215736678,0,0,0,0,0,809,188
9281082f9464b400ea05f3b24c4d6d206a6975c5ea0f238879c2ab551e2536ec,"Chất liệu:mát , nhẹ cotton Màu sắc:đúng màu Chất mát , nhẹ cầm mịn tay giá thành hợp lí . Đóng gói từng cái riêng biệt xin xò nên mua",5,2024-07-26 15:41:19,2,True,21392161853,215736678,0,0,0,0,0,133,30
2dbe5843168d50b2bc166010bc6e8a85b1be9b87eee1b4900912297b64bb322c,Chất liệu:vải mát co dãn Màu sắc:5 màu Đúng với mô tả:đúng với mô tả Okii nha mọi ng mặc thích mát lắm nha thoải mái nha đáng mua nha rẻ nữa ạ Sẽ ủng hộ shop nhiều ạ,5,2024-08-20 17:06:52,0,True,21392161853,215736678,0,0,0,0,0,165,39
7460642879e9af1a3fc631858d478b77da4bcf4fd4bac52babde3e7277f6cf31,"Màu sắc:đen trắng, .... Chất liệu:thun lạnh Đúng với mô tả:chuẩn Shop giao hàng nhanh, đóng gói chắc chắn, sản phẩm có mùi thơm nhẹ, shiper nhiệt tình.",5,2025-02-17 14:41:50,0,True,21392161853,215736678,0,0,0,0,0,151,28
3314455da241e1a4d0c523932b8320afe827870fc8c6652249d17f2f0fd20e70,Đúng với mô tả:đúng Chất liệu:vải Màu sắc:đủ màu Kêu shop che tên tại sợ có ng nhận hộ shop cũng có trl và làm theo yceu của mk nhe Cái chữ mk tưởng là in thg thôi nma là in nổi xịn v Tóm lại đồ đẹp nha vừa MN nên mua lần sau sẽ quay lại sốp,5,2023-12-29 13:04:31,1,True,21392161853,215736678,0,0,0,0,0,241,59
b007a989f5b6f016a93621efa3b7ebb8cf3547c68670cebdd504bdf46a7527c5,"Màu sắc:đủ màu Chất liệu:thun lạnh Đúng với mô tả:rất chuẩn - Quần sịp đùi nam của shop cực kỳ chất lượng - Tôi đã mua 2 lần rồi - Tuy tôi ko thêm hình ảnh , nhưng vì tôi còn rất bận đi làm khắc phục điện lưới trong thành phố sau bão Yagi , phải nhờ người nhận hàng giúp . - CHẤT LƯỢNG, UY TÍN, ĐẸP đó là những gì tôi đánh giá shop .",5,2024-09-13 20:32:41,0,True,21392161853,215736678,0,0,0,0,0,333,78
42237d4f3d8ea0d726e9d17d60f924e6904b2e93d9abeb808a95b09461edcbda,"Sản phẩm đúng mô tả, giao hàng nhanh, đóng gói cẩn thận. Sẽ ủng hộ shop lần sau.” * “Chất lượng ổn trong tầm giá, hàng giống hình, shop tư vấn nhiệt tình.”",5,2026-06-01 14:49:19,1,True,21392161853,215736678,0,0,0,0,0,155,33
948d3a7d7f3231ecfb984c7c4ff5e7c06716c24582fd0c7e10cdbdb98bf84034,"Giao hàng nhanh, hàng đóng gói cẩn thận, chất lượng sản phẩm như mong đợi. Nên mua rộng hơn 1 size thì mặc mới thoải mái.",5,2024-07-27 14:49:41,1,True,21392161853,215736678,0,0,0,0,0,121,26
746579258a43ab4b726a22c5061beecd44a145154323f818893054277788b6fc,"Chất lượng sản phẩm rất tốt, đóng gói cẩn thận, nhận hàng nhanh chóng. Chất lượng sản phẩm không làm thất vọng, giá cả hợp lý. Đánh giá 5 sao.",5,2025-04-17 21:39:41,1,True,21392161853,215736678,0,0,0,0,0,142,30
0e27585b0ea599d3807744ea8a6da3da729f1320f42be26ce4698f3a0d044be6,mình rất hài lòng với sản phẩm này. chất vải rất mềm mịn mát. giá cả lại hợp lý. chúc shop buôn may bán đắt,5,2023-12-07 12:48:54,1,True,21392161853,215736678,0,0,0,0,0,107,25
3eb1afbb80c98e6706e2cc456f1655f93df92fa59a14af6077da15db901fb628,"Màu sắc:đẹp Đúng với mô tả:đúng Chất liệu:tốt, mịn, mát Lúc đầu đặt hàng thấy rẻ mình cứ nghĩ tạm dùng dc không ngờ chất lượng sản phẩm rất tốt. Sản phẩm đúng như mô tả, chất liệu trong video quảng cáo thậm chí không đẹp bằng sản phẩm, lúc nhận sản phẩm mình kiểm tra rất ưng, vượt ngoài sự kỳ vọng, chất liệu min màng, mát, đường may mủi chỉ rất đẹp, hàng rất tốt, giá rẻ, tính ra có 27k/1 cái rẻ hơn chất lượng sản phẩm rất nhiều... So sánh với các sản phẩm khác mình từng mua 3 cái Cook mate giá 169k nhưng chất lượng vải dày, hơn ko mịn như Boss boxer, 3 cái Boxerman 149k tuy loại này chất liệu mát hơn, mỏng hơn, xịn hơn, như lụa nhưng giặt có mấy lần bị bong ống chân và lưng ( sản phẩm này chun chỉ dán keo nhưng không may nên dễ bong tróc. Cảm ơn shop, nếu có hơn 5 sao mình sẽ đánh giá mức cao nhất..",5,2025-10-08 09:33:55,2,True,21392161853,215736678,0,0,0,0,0,810,177
fa545f7f6268eba6fb94004367927a14995f1bee9bee623af85dad6ee5772ad7,"Đúng với mô tả:đú g Chất liệu:thun lạnh Màu sắc:đủ màu Chất vải khá ok, phù hợp với giá tiền. Shop đóng gói cẩn thận hàng đi cũng nhanh. Nói chung mặc khá thích",5,2025-07-26 05:15:32,3,True,21392161853,215736678,0,0,0,0,0,160,34
bfa5898fb6f65546e9a5c471a9f26133e316305ef8d01cc2bb7ce8701936fb86,"Đúng với mô tả:đúng Màu sắc:đen Chất liệu:thun lạnh Mới mua lần đầu, chất lượng và giá hợp lý sẽ ủng hộ shop các lần sau",5,2024-08-04 18:33:45,2,True,21392161853,215736678,0,0,0,0,0,120,26
ac49d9d28d181ca6a65d469ace1f8a01161ac5721297c47efb9d2302a272920e,"Chất liệu:mịn , mát Mình quên mất không chụp ảnh. Quần được đóng từng túi riêng. Chất mát và mịn ạ. Mình săn với giá cũng khá rẻ mà không nghĩ chất lượng lại oke vậy đâu ạ . Đáng mua",5,2025-07-28 10:06:34,0,True,21392161853,215736678,0,0,0,0,0,182,41
2d21d140260e76fa1d60b4cffc54e08cb4061598a57a2ddf70fabbc728d452b6,"Chất liệu:on Màu sắc:dung voi hinh Đúng với mô tả:yes Dac diem cua he thong chinh tri viet nam trong thoi ky qua do len chu nghia xa hoi thu nhat tinh nhat nguyen, thu hai tinh thong nhat, thu ba tinh gan bo mat thiet boi nhan dan",5,2023-12-05 14:21:31,0,True,21392161853,215736678,0,0,0,0,0,230,49
ca968f0c4025af5860dd8f6ca04c85878aee79fe28a18fc7d352572246ac4687,Màu sắc:toi mau Đúng với mô tả:hàng như hình Chất liệu:thun lạnh Quần mỏng nhẹ thoáng mát Chất lượng thì sài thời gian mới biết được.,5,2024-12-08 13:59:52,1,True,21392161853,215736678,0,0,0,0,0,133,26
af1fc859dc0d2608021bb66e709b7acbaab99eb6ac6b1e2667f4cbd76f91c7b7,"Đúng với mô tả:đúng Chất liệu:mềm, mịn, co giãn tốt Màu sắc:màu chuẩn men Mặc thoải mái như không mặc nha mấy ní, đứa nào fen MCK nên đặt vài lô cho nó bận đê =))",5,2025-09-12 13:06:54,0,True,21392161853,215736678,0,0,0,0,0,162,36
33d0ae4cac054b8a5f600cf6e289e22bc03281ed96171563d2c1c3f20c156c00,Chất liệu co giãn tốt Giao hàng nhanh chóng ship giao hàng thân thiện Lần sau sẽ ghé ủng hộ shop tiếp Giao hàng đúng với khi đặt,5,2025-04-09 19:19:57,3,True,21392161853,215736678,0,0,0,0,0,128,28
9ae5e5684db1a42d0a45e7ccaf398920ff5c1aa38466898db5e2716060b37e33,Màu sắc:màu tối Chất liệu:thun lạnh Đúng với mô tả:đúng Hàng may chắc chắn phom đẹp đường chỉ may sắc xảo. Mỗi cái có bịch riêng rất chỉn chu. Sẽ ủng hộ shop lâu dài. Mọi người nên mua nhé giá lại rẻ nữa,5,2025-03-14 16:50:14,2,True,21392161853,215736678,0,0,0,0,0,203,44
878fdb2e0e7f3598c432e83c74915c6c4981d1937fbf1727a4e7b0d654531f82,Shop giao hàng nhanh đóng gói cẩn thận. Hàng đầy đủ. Chất lượng chưa sử dụng nên chưa rõ chất lượng. Hình ảnh mang tính chất nhận xu.,5,2024-07-11 11:03:41,1,True,21392161853,215736678,0,0,0,1,1,133,28
5717b6b7e07092e34b5459bb95614d283664cf4cb649e51322dfe5f482f8c5f2,"Chất liệu:Vải thun mát lạnh, co giãn tốt Màu sắc:Đen trắng Quần chất lượng tốt, chất vải mềm mịn , co giãn tốt , ship cũng nhanh nhaaa",5,2026-06-20 18:59:23,0,True,21392161853,215736678,0,0,0,0,0,134,28
8433f684d2fd80559aaaa1f4723ea495dcc3fbfc9d64c3229203fdf748c03385,"Chất liệu:vải thun mát lạnh, co giãn tốt Màu sắc:màu tối đúng hàng Vải chất liệu tốt, mát lạnh, co giãn thoải mái, vừa với mình dù mình khá to con. Giao hàng nhanh dù sắp tới tết. Lần sau sẽ ủng hộ shop thêm.",5,2026-02-01 12:04:12,1,True,21392161853,215736678,0,0,0,0,0,208,45
e45574551f14da520ab19f6b5ff0b55a058d2b3fab2dacd6988f456a8df36451,Đúng với mô tả:quần chất tạm ổn sờ mướt tay Màu sắc:màu tối Dùng k pit có nhanh bai nhanh dãn k.nếu oki sẽ quay lại ủng hộ shop tip,4,2024-08-21 21:47:29,1,True,21392161853,215736678,0,0,0,0,0,131,30
740679884e922f47ccae2869614b75fc4636795f3ab54a5a9e2eb3a5de2fd51d,Màu sắc:dep Đúng với mô tả:chuan Chất liệu:mem Nhận được hàng thì thấy chất liệu rất là mềm mịn ở nhưng mà có lẽ là hơi rộng rồi mua cho con thế nhưng mà chắc là mình sẽ khám cho em trai mình vậy để hai mình gặp khách sau nhưng mà mình hy vọng là có sai mờ có tên là sai lờ thì có lẽ là mình sẽ không vừa ấy,5,2025-02-18 07:57:11,3,True,21392161853,215736678,0,0,0,0,0,307,73
c3c92a1e77de2ed6ec0f8aa418e2b59cb7d63fd1c69aa63800b0661131e1690d,"Đúng với mô tả:ddungs Chất liệu:cotton Màu sắc:đủ màu Shop giao hàng nhanh,ship nhiệt tình chu đáo sản phẩm nhận về tay thì quá đầy đủ ưng quá trời mặc vừa vặn 10₫ cho shop",5,2026-01-19 22:02:07,1,True,21392161853,215736678,0,0,0,0,0,172,35
ee0715d11ff093900a926b68573e42310d6f405b043a74e590c3c944c46821c0,"Đúng với mô tả:ok Chất liệu:ok Màu sắc:ok Quần co giãn tốt, chất liệu mềm mịn mặc cảm giác thoải mái. Giá lại rẻ, ưng nha. Cho 10đ",5,2024-12-02 20:42:07,1,True,21392161853,215736678,0,0,0,0,0,130,28
de149545f2cf8fde1c0e6c8afed8f5bb49d7eb1df2be5acad7514e6a7312578a,"• Sản phẩm rất xinh đẹp tuyệt vời, tôi không thể trông đợi gì hơn. Cảm ơn nhà cung cấp, nhà sản xuất, cảm ơn người bán hàng, cảm ơn sàn thương mại điện tử, cảm ơn người vận chuyển để tôi có cơ hội dùng sản phẩm tốt như thế này. • Hàng đóng gói rất đẹp. Quả nhiên người bán đã gửi gắm rất nhiều tâm tư và tình cảm trong lúc gói hàng. Hộp không có dấu hiệu bị móp, chứng tỏ bộ phận vận chuyển đã nâng như nâng trứng, hứng như hứng hoa. Xin nghiêng mình cảm ơn vì tất cả. • Thời gian vận chuyển rất hợp lí. Tôi đã đặt hàng với tâm thế hào hứng chờ đợi để được trải nghiệm sản phẩm và tôi không hề bị chờ mỏi cổ. Có thể thấy bên vận chuyển không quản ngại thời tiết và đường xá xa xôi để đưa sản phẩm cho tôi trong thời gian ngắn nhất.",5,2024-12-15 16:49:12,0,True,21392161853,215736678,0,1,0,0,1,731,166
de149545f2cf8fde1c0e6c8afed8f5bb49d7eb1df2be5acad7514e6a7312578a,"• Sản phẩm rất xinh đẹp tuyệt vời, tôi không thể trông đợi gì hơn. Cảm ơn nhà cung cấp, nhà sản xuất, cảm ơn người bán hàng, cảm ơn sàn thương mại điện tử, cảm ơn người vận chuyển để tôi có cơ hội dùng sản phẩm tốt như thế này. • Hàng đóng gói rất đẹp. Quả nhiên người bán đã gửi gắm rất nhiều tâm tư và tình cảm trong lúc gói hàng. Hộp không có dấu hiệu bị móp, chứng tỏ bộ phận vận chuyển đã nâng như nâng trứng, hứng như hứng hoa. Xin nghiêng mình cảm ơn vì tất cả. • Thời gian vận chuyển rất hợp lí. Tôi đã đặt hàng với tâm thế hào hứng chờ đợi để được trải nghiệm sản phẩm và tôi không hề bị chờ mỏi cổ. Có thể thấy bên vận chuyển không quản ngại thời tiết và đường xá xa xôi để đưa sản phẩm cho tôi trong thời gian ngắn nhất.",5,2024-12-15 16:52:20,0,True,21392161853,215736678,0,1,0,0,1,731,166
03421fce0aa4bfa359003905fd4d7f4018ee407ce502261a5c9a79972241c784,"Màu sắc:Đúng mô tả Chất liệu:thun cotton Đúng với mô tả:đúng mô tả Thun cotton, đúng mô tả, thiết kế đẹp, chất liệu mát, giao hàng nhanh",5,2024-07-05 13:10:05,1,True,21392161853,215736678,0,0,0,0,0,136,27
fa87babde96493fbde7b5856765817c4fe648ce6f204cb7c2d50c9b00f7346c5,"Đúng với mô tả:dung Chất liệu:vải mềm nịn Màu sắc:đẹp Sản phẩm đẹp đúng với hình ảnh , vải mịn , rẻ và thoáng mát",5,2024-06-10 12:25:14,1,True,21392161853,215736678,0,0,0,0,0,113,25
a82604944168ecfda8ff4a63784bdfaec81c5fe56cccbcb81b315d9fda2dd463,"Giao hàng trong thời gian quy định, đóng gói cẩn thận, đủ số lượng. Vải thun 4 chiều, co dãn, thoáng khí, vải mỏng, vận động thoải mải.",5,2026-05-21 11:20:10,1,True,21392161853,215736678,0,0,0,0,0,135,28
b9ef1cf078234851d3ea5f703bfb767136afc947becdf9829814021195538e40,"Màu sắc:combo đủ màu Chất liệu:thun lạnh thoáng khí Đúng với mô tả:đúng Quá là ưng cho combo 5 cái mà giá cả như này thì ko có gì để đòi hỏi hơn rồi. Size shop tư vấn chuẩn, giao hàng nhanh, 10 điểm ko nhưng. Quần sịp thì mn mặc 5-6tháng nên thay mới 1 lần đi. Sẽ ủng hộ shop tiếp nhưng lần về sau nhé. Hình ảnh và clip chỉ mang tính chất nhận xu",5,2024-04-21 10:56:32,0,True,21392161853,215736678,0,0,0,1,1,346,78
f7ca40cb2fa7a5eb3c8b17e183f8c68d1089095a36089f72bfdccd1a5e631a3b,"Màu sắc:tối màu Chất liệu:cotton Đúng với mô tả:giống ảnh Vải mát, thoải mái, gói cẩn thận ....",5,2024-01-07 11:03:45,5,True,21392161853,215736678,0,0,0,0,0,95,18
8a389832e691d328df29e8e2bfb08cce32db67bda467633f2f374f2fa1fd5784,"Giao hàng nhanh, trông quần đẹp nha, vải mặc mát dễ chịu với mình ấn tượng đặc biệt với phần chữ nha rất đẹp. Mn nên mua ạ",5,2025-01-23 00:59:07,1,True,21392161853,215736678,0,0,0,0,0,122,28
44d9017fa8f890c3c7de573e6518a1aec0c75b66e09762c77bf2982ce13f70d9,"Chất liệu:vải thun lạnh Đúng với mô tả:đúng với quảng cáo mô tả Màu sắc:màu tối, xanh, xanh đen Hàng chất lượng ok, giao đúng hàng đúng size đúng màu. Giá cả hợp lý, săn sale nên giá khá mềm, ưng ý",4,2024-05-13 12:28:51,1,True,21392161853,215736678,0,0,0,0,0,197,42
5f8d1b5138a92fbc62d894ce481eb9ae6658e3c736b76fb3057659105cdc7f91,Màu sắc:màu sắc đẹp Đúng với mô tả:hàng đúng mô tả Chất liệu:chất cotton co dãn Quần chật cotton co dãn tốt.vải mịn thoáng khí.sipper giao hàng thân thiện,5,2025-07-10 11:50:18,0,True,21392161853,215736678,0,0,0,0,0,154,29
ece67bdb7aca0c6a2aaa0926272619d1e6345c33c47ffbcd01d438ccbb268fbb,Shop đóng gói cẩn thận và chuẩn bị giao hàng khá nhanh. Sản phẩm giống với mô tả. Săn sale giá rẻ không ngờ mà hàng chất lượng đáng mua,5,2025-04-02 17:43:02,0,True,21392161853,215736678,0,0,0,0,0,135,30
f9ade3b655a41b99a4402336b97caf9b98f24e418588114c03ff312fcbcbbc96,"Chất liệu:tot Đúng với mô tả:đúng Màu sắc:đủ Đóng gói cẩn thận, giao hàng nhanh, đúng với mô tả sản phẩm, lần sau lại ủng hộ",5,2025-10-23 18:13:48,1,True,21392161853,215736678,0,0,0,0,0,124,26
e07feaf3c5847eb5f8464881db617da35add22b4cfc437e9b98c32fc709959e6,"Đúng với mô tả:Đúng Chất liệu:êm ái, mềm Màu sắc:ok Quần đẹp chất liệu ổn, sẽ mua tiếp vì mặc sướng tờ rym lắm 🤭",5,2024-12-01 12:20:03,2,True,21392161853,215736678,0,0,0,0,0,112,25
232df804748f05d60a5b373bdb773683dc6ff8bc43c22d0fe26b406c13f95788,"Mặc thoải mái dễ chịu, không biết chọn sz nên chọn hơi bị thoải mái hơn bình thường nhưng vẫn vừa 😅 Giao hàng nhanh, đóng gói cẩn thận",5,2023-11-14 01:00:32,1,True,21392161853,215736678,0,0,0,0,0,134,29
cbbe586f3b24c196c42c86ef887a7502f8ba24abc98b40cacb9e3808232d7984,"Đúng với mô tả:tốt Chất liệu:tôt Màu sắc:tốt Mày sắcvtoost rất ưng không có gì để chê, mọi thứ đều tuyệt vời mùi thơm da mềm căng mượt M in",5,2024-04-15 10:46:06,2,True,21392161853,215736678,0,0,0,0,0,139,30
5f02e98a5fcc7b21bd87d8111ca23065168ef3734f251706c9d0b48c0a0dc21b,"Chất lạnh, giao đủ sản phẩm, đúng size đặt, mặc thoải mái, giá hợp lý, sẽ ủng hộ tiếp với chất lượng và giá sản phẩm",5,2025-11-17 22:58:18,1,True,21392161853,215736678,0,0,0,0,0,116,26
d65bd0ed81f2fdbffe42955d3eddb04090ad61cde0c780ff4bdf9fc0aad06108,Chất liệu:ok Đúng với mô tả:rất thoải mái Màu sắc:đẹp Cảm giác vải mỏng mang lâu thoáng. Vải co giãn nên khá là ưng ý. Mọi người nên thử nha. Sản phẩm đẹp hàng ngon giá cả hợp lí ☺️☺️,5,2024-12-27 18:14:46,5,True,21392161853,215736678,0,0,0,0,0,183,40
2c84a69525199700110d8e31ecc18c22bd3f2baf077079547cc79c77e98ecf3e,Giao hàng nhanh 1-2 ngày nhận được hàng rồi. Quần shop giao đúng mk đặt lô màu tối thì may là tất cả đều màu tối Mk thấy đường may cũng okela nha. Chất cũng oke so với giá vậy là oke rồi,5,2024-07-19 20:49:56,1,True,21392161853,215736678,0,0,0,0,0,186,43
9ce92bd688029fddb6fb7aca6b35d7315d73f3ebe3718c6e52ebed252a9d1a62,Chất liệu:thun lạnh Đúng với mô tả:100% Màu sắc:đủ màu Sp đúng với mô tả shipper thân thiện giao hàng nhanh hình ảnh chỉ mang tính chất nhận xu,5,2024-11-18 18:43:15,0,True,21392161853,215736678,0,0,0,1,1,143,29
806c8315b946f87fa6fb909d3fa93f4e21c5ffc9c1cb3f79a0598ebe0291083d,Chất liệu:cotton Đúng với mô tả:đúng với mô tả Màu sắc:combo 5 cái tối màu Chất liệu cotton thoáng mát mẫu mã đẹp chất lượng. Có túi đựng từng cái quần 1 rất chỉnh chu,4,2024-05-15 12:29:33,2,True,21392161853,215736678,0,0,0,0,0,167,35
81e3534e5fe5329201603b8465f304666d54e7abdb41d8ab789cb7141cd48896,"Chất liệu:vải Màu sắc:đa dạng Mình đã nhận hàng và sử dụng thử. Sản phẩm đúng mô tả, không bị lỗi, đóng gói cẩn thận. Giao hàng nhanh, shop tư vấn ok. Với mức giá này thì chất lượng như vậy là ổn, đáng mua.",5,2026-01-02 14:42:24,1,True,21392161853,215736678,0,0,0,0,0,206,45
89b71bd2c0dcb172ae33053880070e94ac248258ea047ae854bca40ce1ef4cc2,Màu sắc:tối Chất liệu:đẹp Đúng với mô tả:hàng đẹp Shop tận tình chu đáo giải quyết vấn đề nhanh gọn 10 điểm k có nhưnh,5,2024-06-29 15:31:38,1,True,21392161853,215736678,0,0,0,0,0,118,25
357abe8f14a3afd8023c582d5c13c3b1471063fbebdb58e4cd6e73b63614ae3e,"Đúng với mô tả:đúng Chất liệu:thun lạnh Màu sắc:y hình Gửi đúng màu,đúng size. Vải đẹp,co giãn tốt,thun lạnh. Mọi ng nên mua nha. Màu nào cũng mịn và đẹp hết.đường may sắc xảo.giá rẻ hơn ở ngoài chợ họ bán.",5,2025-09-03 17:54:11,0,True,21392161853,215736678,0,0,0,0,0,206,41
f81ac727dbd339484b3415d1138b38145eb7a154d2e77413d72936abbb5e937d,"Màu sắc:màu tối Chất liệu:thun lạnh Đúng với mô tả:đúng Giao hàng nhanh, chất vải mát, mặc rất vừa lần sau sẽ tiếp tục ủng hộ",5,2024-06-30 09:18:33,0,True,21392161853,215736678,0,0,0,0,0,125,26
94e97ae416ae4ceb82a8e981b0a1a8c5eac33caa0694464f4d19328d22146436,Quần đẹp vải co giãn nhìn xịn sò lắm giao hàng cũng nhanh ghi tên sản phẩm là phụ kiện thời trang nhận hàng cũng đỡ ngại :))),5,2026-06-19 12:53:47,1,True,21392161853,215736678,0,0,0,0,0,125,28
ff1f89cffe89c02766f5343e9d165240faf5288e18ca5e88afb5431151a2b507,Chất liệu:ok Đúng với mô tả:ok Màu sắc:tối giao hàng nhanh đóng gói sản phẩm chắc chắn quần thun lạnh mát giá phải chăng mua cho chồng lên mua cho chồng mà thích nên mua,5,2025-07-18 15:04:59,1,True,21392161853,215736678,0,0,0,0,0,169,35
aada7459bcb3872156d8b804dee270668239379cb56fa3f62478cb823ea1683a,Chất lượng tốt Giá cả phải chăng Chăm sóc chu đáo Shipper nhiệt tình thân thiện Giao hàng nhanh Ủng hộ lần sau Áp mã được giảm nhiều,5,2025-08-17 23:03:28,0,True,21392161853,215736678,0,0,0,0,0,132,28
7c1bf11c509c168c881c9d787423b8772b5d82d746bd87e288a29c57335c495c,"Màu sắc:ok Chất liệu:ok Đúng với mô tả:ok sản phẩm tốt, đẹp, chuẩn màu, cho shop 5 sao, mọi người nên, shipper nhiệt tình giao đúng mẫu, đúng màu cho khách, đúng size cho khách, hỗ trợ khách nhiệt tình",5,2025-08-19 12:18:12,1,True,21392161853,215736678,0,0,0,0,0,201,40
8a51bfc2e26401f7c1c3b28f14bde89c5014c389fea13d99212a6f5c49f41924,Chất liệu:thun lạnh Đúng với mô tả:đúng mô tả Màu sắc:xanh than đen giao hàng nhanh đóng gói kĩ càng chất lượng sản phẩm ok,5,2025-02-26 13:58:03,1,True,21392161853,215736678,0,0,0,0,0,123,25
a1acdf413dfa44c9602a6d0cc6ebd4d50e278aa7fcf1082a409cbbcaf3fe3d4a,"Chất liệu:Thun lạnh, mát Màu sắc:tối màu Đóng gói cẩn thận. Quần đẹp, ko chỉ thừa, cầm mát tay. Size quần đúng mô tả. Chồng mình 1m68 nặng 65kg size 2XL vừa đẹp. Nên mua. Cảm ơn shop 👍👍👍",5,2025-01-09 11:05:22,2,True,21392161853,215736678,0,0,0,0,0,186,39
ff884b1d92e18effed2213fc153e8ba1ceaafad447bef2fc2a595d4c1a978c35,"Đúng với mô tả:lần đầu tiên mua hàng. Giao hàng nhanh,đóng gói đẹp. Chất vải được",5,2024-01-22 11:34:56,3,True,21392161853,215736678,0,0,0,0,0,81,16
a4c8e3334b3338ef4bbb9103c4cfccd93e6ea39e2f2b4e7344958497a499fe1d,"Đúng với mô tả:dung mo ta Giao hàng nhanh chóng. Chất liệu: co giãn tốt, thoáng mát Màu sắc: đủ 5 mầu như đã đăt Hình ảnh video mang tính chất lấy xu",5,2025-09-16 17:03:55,0,True,21392161853,215736678,0,0,0,1,1,149,33
04f624e38120f8057383a8a8813c5d3477ecc11d0663782aea683ada293a11f7,Chất liệu:ok Đúng với mô tả:ok Màu sắc:ok Chuẩn bị và giao hàng nhanh chóng . Đầy đủ số lượng và mẫu mã . Hình ảnh sao nhận được hàng như vậy . Giá thành phù hợp với chất lượng . Nên mua và trải nghiệm . Hình ảnh và video mang tính chất nhận xu .,5,2025-01-22 07:10:24,0,True,21392161853,215736678,0,0,0,1,1,246,57
0fd5ae6fa2f20278e14cefac2fe61df712ef4aa85115503a9624d9b3d1242d72,Đúng với mô tả:đúng Chất liệu:tốt Tôi đã mua lần này là lần 2 rồi. Nhưng đồ mua cho bố chồng k tiện chụp ảnh. Lần 1 mua đã oánh giá đầy đỷ. Shop giao nhanh. Đóng gói cẩn thận Chất lượng khá ổn nhé. Ảnh minh họa để ngận xu,5,2025-04-20 07:58:36,0,True,21392161853,215736678,0,0,0,0,0,221,51
55bc1af11ba7fa1ee397c04f5eff2c3fc0676b6f448cc2543b299222b0195ef8,"Màu sắc:tối màu mình mới nhận được hàng, mẫu mã đẹp giống hình, mỏng mát, co giản oke, giá rẻ mà bọc gói chia từng túi cẩn thận, mình mới săn sale mà đã nhận được rồi chưa tới 2 ngày nữa. cảm ơn shop nhiều",5,2024-07-08 14:04:03,2,True,21392161853,215736678,0,0,0,0,0,205,46
432b1d124a85a0bdf52daf4735aacd501635a13977162cf85b9fdc27136b683d,"(ảnh,vid nhận xu) Mình đặt mua cho ba, ba khen hnay đặt được cái shop bán đồ ok nè, k như shop trc. Chất vải mình sờ thử thì mát nha, rất hợp để mặc vào thời tiết mùa hè như này ở Sài gòn. Ba còn kêu mình đặt thêm màu đi, nói chung recommend cho mấy bảnh mua mặc và mấy bèo mua tặng ng thân, ng iu 🥰",5,2024-08-07 13:04:33,0,True,21392161853,215736678,0,0,0,1,1,299,71
e7f2ae60ecbf7eaaa7e6e3466944407aede7756c2fe24f7c1b8c00c120ff3d97,"Y hình chất co dãn , mặc chắc thoải mái , mình mua cho người yêu nên cũng kb là như nào nữa chỉ thấy chất mát và co dãn thui hàng đóng vào gói trông rất sang xinh mịn",5,2024-10-06 00:51:46,1,True,21392161853,215736678,0,0,0,0,0,166,40
5a5afdbe53e3fac5bf2f7857be5d66367dfe8d39e6ed9000210c68cff4de0ad6,Khiếp! Nó đẹp tuyệt vời luôn. Giao hàng thì nhanh.chất lượng tuyệt vời. Sẽ ủng hộ shop lâu dài,5,2023-12-30 14:13:06,1,True,21392161853,215736678,0,0,0,0,0,94,19
e1288c2f0260a2e09e7679bf56059f40a628ad54d064660342e9420f262fe45d,"Màu sắc:tối màu Chất liệu:mát Đúng với mô tả:đúng Chất mát, mua cho chồng chồng bảo mặc ok, ngoài ra kích thước cũng vừa vặn. Mỗi quần đóng riêng vào 1 túi rất lịch sự",5,2025-03-15 12:28:40,2,True,21392161853,215736678,0,0,0,0,0,167,35
13fa14fb72a7fa17df54d244650989ffae67bf94eba775225aea648238a1718d,Đúng với mô tả:đúng Chất liệu:ok Màu sắc:đủ Quần đẹp mặc ok,5,2023-12-14 17:17:09,0,True,21392161853,215736678,0,0,0,0,0,59,12
5dcb94d7930b0190a68e7ff9686293faf3593e02585728d01aed59926a3d58e9,Màu sắc:toi mau Chất liệu:thun coton Thun lạnh mịn. Đai lưng quần bản vừa phải. Màu đẹp và đường may đẹp và chắc chắn. Giá tốt so với sản phẩm. Để riêng từng túi nhìn sạch và sang.,5,2024-10-09 13:12:06,0,True,21392161853,215736678,0,0,0,0,0,180,38
d4cdf05e8fc45abe172993c201464426ae6b934b2b43c90b6b0c86c1db2af0b4,Đúng với mô tả:tốt Màu sắc:tốt Chất liệu:tốt Sản phẩm rất tốt rất chi là chất lượng trên cả tuyêth vời thoáng mái roingj rãi chất lượng 10 đỉm khoonh có nhưng sẽ ủng hộ shop mãi thoai,5,2024-09-29 15:27:22,0,True,21392161853,215736678,0,0,0,0,0,183,38
01010bfdc215d2071f66aff6c5c922eeaa0b2585ab8c4c6c8ddb8a478c0f7985,"Chất liệu:vai Đúng với mô tả:dung Màu sắc:du mau Đã nhận được sản phẩm, giao hàng nhanh, chất lượng tốt, sẽ ủng hộ shop lần sau",5,2024-07-09 23:39:05,0,True,21392161853,215736678,0,0,0,0,0,127,26
ca81b77b00a93b926a5758a0ae6b222e26dcc4b8c062ec9117268cb9671b51ce,"Chất liệu:thun lanh Màu sắc:tối màu Đúng với mô tả:đúng hình ảnh Giao hàng nhanh , shop uy tín , lần sau sẽ mua lại , chất đẹp .",5,2025-08-20 23:02:59,0,True,21392161853,215736678,0,0,0,0,0,128,29
d4347f13e650deaadd198662a21b03a1c5cb7f2dcfa5976c3c7177e76a310549,Chất liệu:thun lanjh Đúng với mô tả:đúng Màu sắc:tối Chất vải mát. Đường may chắc chắn. Lưng chun chắc chắn. Giao nhận hàng nhanh.,5,2024-07-16 11:09:07,5,True,21392161853,215736678,0,0,0,0,0,130,24
20833b739077523389f653780dc0af97c7339c4e4240724ea0967c4b1180d4cb,"Màu sắc:đen Đúng với mô tả:đúng Chất liệu:vải Đã lụm được hàng, đóng gói chắc cú , giao hàng nhanh gọn lẹ , đầy đủ rõ ràng",5,2025-01-20 14:27:27,1,True,21392161853,215736678,0,0,0,0,0,122,27
e1288c2f0260a2e09e7679bf56059f40a628ad54d064660342e9420f262fe45d,"Chất liệu:thun lanh Sản phẩm đẹp, chất lượng tốt, vận chuyển nhanh, đóng gói cẩn thận. giá cả hợp lí, nên mua nha mng ❤️",5,2024-10-16 10:53:52,1,True,21392161853,215736678,0,0,0,0,0,120,25
3f9d8f1fb06a3d57129f1481203656eb5855603a8592acf585b91473519e9bbb,"Đúng với mô tả:đúng Chất liệu:vải Màu sắc:đủ màu Hình ảnh chỉ mang tính chất nhận xu ,shop giao hàng nhanh, tư vấn tận tình chu đáo",5,2024-12-03 20:31:42,1,True,21392161853,215736678,0,0,0,1,1,131,27
064d14d81365710f8ffe079b030b1caf76f70b2d69c1008ec3815393ab2f3f47,"Màu sắc:tối màu Đúng với mô tả:đúng Chất liệu:thun lạnh Chất lượng oki Vải mềm mát Giao hàng nhanh Đóng gói cẩn thận Giá cả hợp lý, Nên mua nhé mn",5,2025-05-22 22:17:13,2,True,21392161853,215736678,0,0,0,0,0,146,31
ca42fff98bd4f6071f123418efe02b7768b4a0e225deb9b612c374a85f337bd0,"Đúng với mô tả:Chuan Màu sắc:Sẫm mầu Chất liệu:Cottong Chất liệu tốt, hàng đẹp, giao hàng nhanh chóng, sẽ ủng hộ nữa",5,2024-07-28 15:56:48,5,True,21392161853,215736678,0,0,0,0,0,116,22
cf0ac6cab5b9f06e3f6b94acae55d4f5fc3aa521ff5d96a8058fd52090bffe54,Đúng với mô tả:vải đẹp dễ chịu Chất liệu:ko phải bàn cải ok đó Màu sắc:10 điểm Nên mua ngay và lun di mọi ng kkkk Chất lượng ok và mát .nhưng zize lệch lên 1 2 size 😊,4,2025-04-23 12:50:33,1,True,21392161853,215736678,0,0,0,0,0,166,39
81ca939f6055a8758b292b0dc6f125dcc66cc6da00b70eaa00ab6ad243baf0e1,"Chất liệu:Chất liệu: Vải thun lạnh, cotton mềm mại và co giãn rất tốt. Màu sắc:Màu sắc: Set màu đa dạng, màu sắc chuẩn và đẹp như mô tả.",5,2026-02-07 00:29:32,0,True,21392161853,215736678,0,1,0,0,1,136,29
bcee0e9f7ea10c1a64243fb47e58bd5cf4405ddd69b0a2e254e8ac91a7d4bb76,Chất liệu:thun lạnh Màu sắc:đa dạng Quần khá đẹp nhìn rất ok. Mình rất hài lòng về chất lượng. Cho shop 5 sao nha. Sẽ ủng hộ tiếp,5,2026-05-07 23:17:01,1,True,21392161853,215736678,0,0,0,0,0,129,28
b15b60c61b0fc7319b4aa1ce891c340d6611515b49aedad20220760fabef9601,"Màu sắc:du mau Đúng với mô tả:đúng Chất liệu:thun quần sịn mát, sờ mềm tay, có túi zip riêng từng cái, shop giao hàng nhanh nữa, 10₫ nên mua nhé mn",5,2026-01-06 21:48:37,1,True,21392161853,215736678,0,0,0,0,0,147,31
2db96ba50a06fa39abb4b9551835f532b0ad428a2191261de852b57f2724e793,Đúng với mô tả:đẹp Vải thun lạnh mịn nha mn. Nhưng mùa này mặc chắc hơi mát🤣🤣. Săn sale rẻ quá trời nên mua.,5,2023-11-13 22:34:43,1,True,21392161853,215736678,0,0,0,0,0,108,24
418ff59fc744781611fcc49b5ef6b246335660301409bf91aabfcad564640433,"Đúng với mô tả:đúng Shop chuẩn bị hàng và giao hàng nhanh. Sản phẩm đẹp giống như mẫu ảnh chụp. Giá cả hợp lý, chất vải mềm mát",5,2025-02-22 12:40:40,0,True,21392161853,215736678,0,0,0,0,0,127,28
e700a8d64d47bae37384e723aef33257067c7646879553d6a2e720c70053b1cc,"Màu sắc:ok Chất liệu:ok Đúng với mô tả:đúng Ngon như lời đồn là có thiệt ,chưa bao giờ làm khách nhà e thất vọng Dòng ổi gây thương nhớ nhất nhà e ,e bán giá tri ân khách hàng cuối năm giá siêu rẻ Tranh thủ chốt ăn thôi khách ơi",5,2025-01-17 19:12:15,0,True,21392161853,215736678,0,0,0,0,0,228,51
f198fcb8c0cbf24e1865369268f9091e9e21f313242d41afaa79b294b5c8c893,Màu sắc:nhiều màu Đúng với mô tả:đúng Chất liệu:vải mát Hình ảnh mang tính chất minh họa để nhận xu. Shop gói hàng rất cẩn thận. Shipped giao hàng rất nhanh và nhiệt tình.Sẽ ủng hộ shop thêm,5,2025-08-17 20:56:58,0,True,21392161853,215736678,0,0,0,1,1,190,38
b202a9d6c97d138bcc971af953c7d89fdda6020c128728bd15255d69821ca750,"Giao nhanh,đủ số lượng,đúng size,chất lượng phù hợp giá tiền",5,2023-10-21 14:42:26,2,True,21392161853,215736678,0,0,0,0,0,60,10
b2f8f358fc565489ac3c0ee42d3ced1d280bbd91bca317b7d0b42320b2a7fb83,"Chất liệu:thun lạnh Màu sắc:tối Đúng với mô tả:đúng Đã mua rất nhiều lần , rẻ , chất mát . Bố tui chưa chê làn nào",5,2025-05-25 12:14:37,1,True,21392161853,215736678,0,0,0,0,0,114,26
7b4c7b08b3642c2e5266f4afb3c1506c72572b3b8f5a0c3882c9616db1032326,"Chất liệu:thun lạnh Màu sắc:nhiều màu Giao hàng nhanh quá, mới đặt hôm qua nay đã có.quần mặc vừa vặn, mặc ok sẽ ủng hộ shop tiếp.",5,2026-01-17 13:43:03,1,True,21392161853,215736678,0,0,0,0,0,130,27
913122b280aaa90f1f5c83df4579fe255cbc413b9b5b6fd9ca1d881e758ca03c,"Màu sắc:màu tối Chất liệu:thun lạnh Đúng với mô tả:đúng Shop đóng gói cẩn thận Giao hàng nhanh Chất liệu vải OK mềm mát , mịn Hàng chất lượng Sẽ ủng hộ shop lần sau Mình mua 102k 5 cái áp dụng voucher rẻ",5,2024-10-12 05:47:44,0,True,21392161853,215736678,0,0,0,0,0,203,44
16b0a33c1e5820b9d726e7f4e0e246ea8bd95a344e227579bb4701549d60d5ba,Chất liệu:thun lạnh Màu sắc:tráng Sản phẩm tuyệt vời rất hài lòng mặc khá thoải mái không gỉ để chê mọi người nên mua sản phẩm này nhé OK,5,2026-03-03 16:25:21,0,True,21392161853,215736678,0,0,0,0,0,137,29
ad636ed5d5362bfeb4740e36299eb0730ab1c250480fa65a7c754c8edaa8ca5b,"Chất liệu:cotton Màu sắc:nhiều màu Đúng với mô tả:đúng Shop giao hàng nhanh lắm quần màu đẹp, đủ hàng lắm nha, shiper giao hàng nhanh lắm ạ . Mn ủng hộ shop nha",5,2025-08-13 10:25:50,0,True,21392161853,215736678,0,0,0,0,0,160,33
596f9bb61e2f991218e14171c0a15667c695ab98f6925390a714afc9ec487715,"Chất liệu:thun lạnh Đúng với mô tả:đúng Màu sắc:đúng Giao hàng trễ chắc tại cận tết,giao đúng mẫu đúng size vải hơi mỏng,mịn mát,giặt chắc hơi nhanh giãn. Ngiu mình ốm nên size xl đúng ký mà chắc hơi rộng rồi,Mọi người mua màu ngẫu nhiên đi mình thấy êm hơn ă tại màu tối mình mua toàn đen vs mỗi cái xanh. Ship dễ thương !",5,2024-02-04 08:37:19,5,True,21392161853,215736678,0,0,0,0,0,323,67
3169ad794d682fbac45e25abd63aac9bd46e46940a9f603da73410d7f984500b,Đúng với mô tả:ok đẹp Màu sắc:tối Chất liệu:thun lạnh Hàng đẹp oke nhé các bạn trẻ trâu vâyh à mà trắng như tuyết rơi má ơi cho mình xin với bạn bè và người dân địa phương thôi mà đã quá quen thuộc,5,2024-01-25 17:22:05,0,True,21392161853,215736678,0,0,0,0,0,197,44
ae0203daef2a296fd8389c03be9c94858f1c8f7709646d994e80c7e7557aa8a3,Màu sắc:lần đầu tiên mua hàng bên shop mình rất hài lòng shop đóng gói hàng cẩn thận giao hàng nhanh Chất liệu:shipper giao hàng nhanh,5,2024-04-17 08:17:23,1,True,21392161853,215736678,0,0,0,0,0,134,26
b5106be26337c2513b1de537b6f9b9b8235e2e526db4b820f2473ebf14e46bbd,Màu sắc:trang Chất liệu:mềm Đúng với mô tả:đúng Mềm mịn thoáng mát dễ chịu sạch sẽ giá cả hợp lí giao hàng nhanh chóng :3 ảnh và vid chỉ mang tính nhận xu thui ạaaa nhưng sản phẩm okie nha mn nên mua,5,2024-05-05 23:27:54,1,True,21392161853,215736678,0,0,0,1,1,199,43
e42b7a907aa35a5ef52b66a4cf809b108922e5407077b7604900fcd23c440529,Chất liệu:vải thun lạnh Màu sắc:có 2 màu đen xanh than Giao hàng khá nhanh. Quần đựng từng túi riêg khá ok. Chất mk thấy cũg mát. Ns chug ok,5,2025-11-11 10:36:23,0,True,21392161853,215736678,0,0,0,0,0,140,30
5ba2303a5e990287653204e24005c34d2bdac4dafee418ee0b1c7f87eb309355,"theo mình thấy loại này mang rất đã, cảm giác thoải mái, và con trai nên mình thấy thoải mái thằng em là quan trọng nhất, mọi người nên mua nha",5,2024-02-24 16:36:57,0,True,21392161853,215736678,0,0,0,0,0,143,31
270331e96f8c7df866e1dca5adfe159b111dbdf6bf32cae887d0bf62d425d711,Màu sắc:màu tối đen xanh Đúng với mô tả:đúng mô tả Chất liệu:vãi mát lạnh Đóng gói kỹ giao hàng nhanh Vải mát Có thun co giãn Dạng quần đùi lưng to Sản phẩm đúng sai,5,2025-07-17 10:04:50,1,True,21392161853,215736678,0,0,0,0,0,165,36
ad281fde0e62526fd93b06d6d7fdd7d161d2ace95946ca6612982cdbaf0a1e72,"Sản phẩm nhận được đúng mô tả, chất lượng ổn trong tầm giá. Giao hàng nhanh, đóng gói cẩn thận. Shop tư vấn nhiệt tình, sẽ ủng hộ thêm lần sau.",5,2025-05-20 11:46:37,0,True,21392161853,215736678,0,0,0,0,0,143,31
30e65668ab662ab78ef2cb41f2e0a3b08d3f79515c9b846848f31be1796c2eb0,"Màu sắc:màu tối đúng với yêu cầu Chất liệu:coton Đúng với mô tả:đúng với mô tả Vải co dãn, thoáng mát mặc thoải mái. Shop đóng hàng cẩn thận, giao hàng nhanh",5,2025-08-12 18:54:40,1,True,21392161853,215736678,0,0,0,0,0,157,32
340bb6dd446ba2c6cf01f4ab2a2136601b0fbd3e44534e6843969c17a216d2d3,"Màu sắc:xanh than và đen Chất liệu:co dãn thoáng mát Đúng với mô tả:giao hàng nhanh đúng sản phẩm,đúng mẫu Mỗi chiếc đều có túi zip riêng",5,2025-11-18 16:12:28,1,True,21392161853,215736678,0,0,0,0,0,137,27
b3e012f13150104d6e51269dee636de4d92c25211b385d988182887e4f478a91,"Đúng với mô tả:đúng Màu sắc:đen Chất liệu:kb Mình mua rât nhiều lần ở shop này r, đóng gói đẹp, giao hàng nhanh lắm luôn. Đẹp nha mn😄😄😄😄😭😭 hình ảnh mang tính chất nhận xu",5,2024-08-07 19:07:57,0,True,21392161853,215736678,0,0,0,1,1,170,35
5f3f00b293b537f20f9d8007916cd584263510a3c7b65c58a3eda096d58e3242,Màu sắc:đúng Đúng với mô tả:đúng Chất liệu:thoáng mát Sản phẩm đúng với mô tả.chất lượng ổn trong tầm giá. Sẽ mua tiếp cho lần sau,4,2023-11-04 11:29:58,2,True,21392161853,215736678,0,0,0,0,0,130,26
c4c46f28231e356197a675cfa1e65edd795c64f40d715b3a1ae4e4445a45f1e8,"Đúng với mô tả:tone đen Màu sắc:đúng màu sắc Chất liệu:thun lạnh Rất hài lòng về sản phẩm , chất liệu thun lạnh thoáng mát",5,2024-01-28 14:06:02,1,True,21392161853,215736678,0,0,0,0,0,122,25
5ef581e35565868bffac2abe05796e849b552e64cb42ebd8194651dff5b85e3c,"Chất liệu:tốt Đúng với mô tả:tốt Màu sắc:xanh, đen sản phẩm chất liệu mềm thoáng mát ,sản phẩm chất liệu mềm thoáng mát, mọi nguồ tham khảo mua ủng hộ dài dài, giá thành rẻ",5,2025-02-07 19:34:09,0,True,21392161853,215736678,0,0,0,0,0,172,35
a9fbc3c39b9417f9375c31de3c6cf06784f10844b32c63735926051f1b4ac306,"Sản phẩm này đúng như mô tả trên trang, chất liệu vải thun co giãn Tốt. Mình rất ưng ý với sản phẩm này. Sẽ tiếp tục ủng hộ shop lần sau.",5,2025-02-07 20:03:50,5,True,21392161853,215736678,0,0,0,0,0,137,32
e952484f7f7ccd763a77ef52994b8cbbb94b8e5fdebb0cb1ab2c365439272df3,Màu sắc:tối Đúng với mô tả:OK Chất liệu:thun lạnh Quần OK nhé anh em Hihi is going to be there for a while and I don’t know if he is going to be there for a while,5,2023-12-15 07:05:14,1,True,21392161853,215736678,0,0,0,0,0,162,37
0a074980b7024b70ef41b115ff454a5c816aa1b9fc8cc0e44e7ee5551b410682,Chất liệu:cotton Màu sắc:đủ màu Đúng với mô tả:đúng Chất liệu cotton co dãn tốt giá cả hợp lý sẽ quay lại ủng hộ shop lần tiếp theo,5,2024-12-17 20:40:59,0,True,21392161853,215736678,0,0,0,0,0,131,28
edbbb9fea70e22d763503fc000c5070c30cc7e72a95c9bc8117f4ed1e3012e35,Chất liệu:đúng Đúng với mô tả:đúng Màu sắc:đẹp Shop tư vấn nhiệt tình .. có hỗ trợ che tên sp quần mặc đẹp và thoải mái,5,2023-12-25 15:40:11,0,True,21392161853,215736678,0,0,0,0,0,119,26
7f53b4bc7806a3a8a23fd41038dce38636c96c9b1d0c90ea6aa4a4b1584abe1b,Chất liệu:vải mát mịn Đúng với mô tả:đúng đẹp Màu sắc:đủ mầu đẹp Hàng đẹp chất vải mát. Sau cần sẽ ủng hỗ trợ shop thêm,5,2025-04-12 18:30:24,1,True,21392161853,215736678,0,0,0,0,0,119,26
388d262ca958f4337050cd8b83533b209230b33192ec13f3cb4efe6622f497c8,Chất liệu:cool Đúng với mô tả:yes Màu sắc:đủ màu thực sự rất ưng tác phong chuyên nghiệp và tận tình tư vấn bên bạn đã mua hàng sẽ còn nhiều lần ủng hộ sản phẩm,5,2024-06-13 23:30:52,0,True,21392161853,215736678,0,0,0,0,0,160,35
0dfc08601944b38768589cf09f22bd15dc1e814ea9a71551e62dbe46eb70999a,"Đúng với mô tả:Đúng Chất liệu:Cotton thoáng mát Màu sắc:Màu tối Mua về cho ck vừa in, quần có chất liệu mềm mại, thoáng mát, co giãn, màu sắc như hình nhé. Ck mình thích lắm.",5,2025-10-14 00:21:48,1,True,21392161853,215736678,0,0,0,0,0,174,36
d492c88e1d0dd330d4aa47df4a770c32b391df38a1d4651fd2b5b7658368173c,"Chất liệu:thun lạnh Màu sắc:đẹp Đúng với mô tả:đúng Sản phẩm tốt, chất liệu thoáng mát, giá cả hợp lí, phù hợp giá tiền. Hình ảnh chỉ mang tính chất nhận xu",5,2025-08-13 21:20:01,0,True,21392161853,215736678,0,0,0,1,1,156,32
e7454dfb231b3c40ed57abc10b05b98e7c49fe6c37535cfe2d5cc49812f02c4b,Shop giao hàng nhanh. Đóng gói cẩn thận. Tư vấn nhiệt tình. Chất vải rất đẹp và dày. Sẽ còn ủng hộ shop thêm nữa.,5,2025-01-20 15:27:16,1,True,21392161853,215736678,0,0,0,0,0,113,25
469c3a2929b9d406eec1a6e8621f1f20e07a0a0f9ba8c00940060f90d11064d2,"Đúng với mô tả:hàng đúng mô tả Chất liệu:vải lạnh co giãn tốt Màu sắc:combo 5 màu tối Vừa vặn, co giãn tốt, giá vừa phải nên mua nha",4,2024-09-16 19:51:38,1,True,21392161853,215736678,0,0,0,0,0,132,29
480c4e8b30aaa53705e907b2d089bda775117ba908021c8f62eb3d974ea6f4c4,"Màu sắc:giống hình Chất liệu:mềm mại Đúng với mô tả:đúng [TB] GIẢM GIÁ 50%! 1. Soạn ST5K gửi 191: 2.500đ/ngày (giá gốc 5.000đ) có 500MB 2. Soạn TV7K gửi 191: 3.500đ/ngày (giá gốc 7.000đ) có 1GB Data, miễn phí xem TV360. Đặc biệt, miễn phí xem trọn vẹn giải đấu Euro Hot nhất 2024 tại https://tv360.vn/ Các gói cước gia hạn theo ngày với giá gốc. CT áp dụng đến hết 30/04 cho lần đăng ký đầu tiên của Quý khách. LH 198 (0đ).",5,2024-04-14 21:30:15,0,True,21392161853,215736678,0,0,0,0,0,423,84
a35f2e89e447a9659f8be181b6047c10ebcd4ee026644ce15e36c6d228509420,Chất liệu:vải Đúng với mô tả:ok Màu sắc:full Chất lượng khá ok. Vải khá mịn. Nói chung tiền nào của nấy ạ. Giao hàng nhanh ạ,5,2025-12-20 20:45:06,1,True,21392161853,215736678,0,0,0,0,0,124,26
8cfd5983039b66b1798621e2211e723b60e483980e3e69baa52e65d94c664adf,"Đúng với mô tả:ok Màu sắc:ok Chất liệu:ok Hàng đóng gói rất đẹp. Quả nhiên người bán đã gửi gắm rất nhiều tâm tư và tình cảm trong lúc gói hàng. Hộp không có dấu hiệu bị móp, chứng tỏ bộ phận vận chuyển đã nâng như nâng trứng, hứng như hứng hoa. Xin nghiêng mình cảm ơn vì tất cả",5,2025-02-10 17:21:24,0,True,21392161853,215736678,0,1,0,0,1,279,61
ac4bb129d7ea10a888e3ae243735dc6e6e632d2a94d921539b101d310c126a44,Đúng với mô tả:56kg- 65kg Chất liệu:ok Màu sắc:tối Ck m nặng 59 kg mặc vừa vặn Đặt shop toàn màu tối cho dễ Chất liệu sờ mát mịn Được đóng túi zip từng quần khá cẩn thận A ship thân thiện nhiệt tình.,5,2024-12-14 18:25:59,0,True,21392161853,215736678,0,0,0,0,0,199,44
f3f9d56c5ce3ee138c858f9603d385e53c259a9e4ab2f74715107fe515ebb983,Quần lót nam Boxer thun lạnh màu sắc ổn. Chất liệu vải thun mềm cũng được. Đóng gói cận thận. Shop giao hàng đúng lịch.giá phù hợp với sản phẩm.,5,2025-09-04 17:00:43,0,True,21392161853,215736678,0,0,0,0,0,144,30
80879f88ff600e4973e939f7fb3fc798f2a674aa35ee5c07019c777d607c0436,"Chất liệu:Vải thun lạnh, contton mềm mại và co dãn rất tốt Màu sắc:Set màu đa dạng, màu sắc đẹp và đa dạng như mô tả Sản phẩm nhìn rất đẹp nha, hi vọng dùng một thời gian sản phảm vẫn giữ được chất lượng",5,2026-06-07 09:30:02,0,True,21392161853,215736678,0,0,0,0,0,203,45
f8baf0bbbade4099581d203ce1a3e94dd608cf7a0c98f4795c20b29976514c28,Oke nha. Giá này hợp lý. Vải mát khá dày. Dùng ổn lắm nhé.nên mua hình ảnh và video mang tính chất nhận xu thôi. Có loaij vài chục nghìn mình tính mha mà sợ vải xấu . Loại thấy ổn,5,2024-07-31 13:44:01,0,True,21392161853,215736678,0,0,0,1,1,179,41
bf33496eec17cebef8c4ce68df691e6c6f72ffdb3018355dc4ee3b0568e55f8e,"Chất liệu:vải co giãn Đúng với mô tả:đúng Màu sắc:tối Gửi hàng nhanh,bán hàng đúng mô tả,đúng số lượng,đóng gói cẩn thận,chất lượng sản phẩm tốt",5,2025-06-08 07:06:17,0,True,21392161853,215736678,0,0,0,0,0,144,26
ec779d57200b950f45216f102802a56fa0405c4fb43cd22c95ff9e5f180cdcf2,"Đúng với mô tả:tot Chất liệu:tot Màu sắc:dep Hình ảnh mang tính chất minh hoạ, nhưng hàng cũng rất oki mọi người nên mua dùng thử nhé. Nhắn nhiều chút để nhận xu thôi ạ, chứ cũng không có gì để nói",5,2023-10-28 21:57:47,0,True,21392161853,215736678,0,0,0,1,1,197,42
8cfd5983039b66b1798621e2211e723b60e483980e3e69baa52e65d94c664adf,"Chất liệu:vải co dãn Đúng với mô tả:đúng Màu sắc:màu tối quần co dãn tốt, bận rất thoải mái, giao đủ hàng, đóng gói chắc chắn, giao hangg cũng tương đối nhanh.",5,2025-01-23 18:30:32,0,True,21392161853,215736678,0,0,0,0,0,159,32
24b3b93c17397db1f7fd0c6f8fe0d2145643c8c514c50f7692f9246112e50e32,Màu sắc:dden Sản phẩm giống ảnh. Lần đầu mua mà mình khá ưng. Chất mát. Shop tư vấn nhiệt tình. Mình sẽ quay lại ủng hộ shop.,5,2024-07-08 21:29:26,1,True,21392161853,215736678,0,0,0,0,0,125,27
6a230bd6fc7935a97b8583711888b7817b6b388310d230c2ccaa40e6660fea86,"Đúng với mô tả:đúng Chất liệu:không biết Màu sắc:tối màu Shops tư vấn nhiệt tình , giao đúng mẫu đúng số lượng, giao hàng nhanh hơn nữa thì tốt🫰🫰🥰🥰",5,2025-09-05 12:56:17,1,True,21392161853,215736678,0,0,0,0,0,147,29
89e869a6e1465bc255f7bea485a0bce3516ff68a5041cb244cb8815f2d3d1a5e,"Màu sắc:nhiều màu Đúng với mô tả:đúng Chất liệu:thun lạnh Shop giao hàng nhanh, đóng gói sản phẩm cẩn thận, đủ hàng.Chất liệu thun lạnh ,mặc thoải mái .",5,2025-07-20 13:07:26,1,True,21392161853,215736678,0,0,0,0,0,152,29
4ec2b8d21df5fc539e065da7a9129c0c7554dee3cefdce850d5d104d1f35fd68,Màu sắc:OK Chất liệu:Bt Đúng với mô tả:giống như ảnh Sản phẩm giao khá nhanh hàng giống như mô tả (video chỉ mang tính chất nhận xu,5,2024-02-17 19:03:45,0,True,21392161853,215736678,0,0,0,1,1,131,27
45f3f567652d0ea690d7f8591019a3cd808e3d1ea5484f72ddf29f4d3bbf055f,"Chất liệu:vải thun lạnh, có dãn tốt Màu sắc:đúng mô tả Nên mua nha mn shop tư vấn nhiệt tình, giáo hàng nhanh, dùng rất OK Chú ý Hình ảnh chỉ mang tính chất kiếm xu",5,2026-02-05 12:26:06,0,True,21392161853,215736678,0,0,0,1,1,164,36
95da2e9ca4ce1a27d3b80278711169ee9d1cf8142cc2dec2e30dd9374c9218d8,Màu sắc:đen Chất liệu:cải Đúng với mô tả:đúng Đẹp. Đúng. Đáng mua. Lần sau sẽ ủng hộ. Ảnh mang tínhc chất nhận xu ng. Đáng mua. Lần sau sẽ ủng hộ. Ảnh mang tínhc chất nhận xu,5,2025-02-10 22:10:32,0,True,21392161853,215736678,0,0,0,1,1,174,37
2a33f0f6ace04c645f20f1b3551c5d43f624859520c6b213b777b2091c141144,Quần khá ok. Có điều nt trước cho shop k lấy màu trắng. Shop đồng ý còn bảo mình note nhưng đến lúc giao vẫn giao màu trắng. Không hài lòng vấn đề này nha,5,2023-11-02 13:34:00,2,True,21392161853,215736678,0,0,0,0,0,154,35
9814f9cc028ed7e3b1b2a3eff3bd01627ed137af77441c59eb39fb32bf497691,"Quần vải rất mát, chất liệu k nhăn, dày dặn. Mỗi quần là 1 túi zip rất chuyên nghiệp, Thoáng mát , thoải mái chồng mình rất ưng",5,2025-08-27 16:16:45,0,True,21392161853,215736678,0,0,0,0,0,127,28
2e114ef05664a8982f3eb48e66ee6226289f99e68e362279d1185fcba5ce537c,Chất liệu:thun lạnh Đúng với mô tả:đúng Màu sắc:đẹp Quá rẻ sẽ mua thêm cho ck. Thấy chất mát oki ncl nên mua nhà mn men’s ns,5,2024-04-23 19:30:08,1,True,21392161853,215736678,0,0,0,0,0,124,27
61fad5efa63092351fbe7880a13f2c5aec0fe4bd0f766c07f7233cf7546d4a36,"Đúng với mô tả:ddungs Chất liệu:vải Màu sắc:đa sắc Shop cb và giao hàng nhanh, lần đầu tiên mua sp ở shop nên cần thời gian sd và quay lại đánh giá sau. Tạm thời cho shop 5s có gì mình đánh giá sau…..",5,2024-08-20 21:41:49,0,True,21392161853,215736678,0,0,0,0,0,200,44
630f772a394795e8a98175362dd68a0daa7313e2312b313702998c3c9f9cd13d,"Đúng với mô tả:đúng Chất liệu:thun lạnh Màu sắc:màu tối Chất lượng sản phẩm tốt, chất thun lạnh co giãn tốt, mặc thoải mái mềm mịn. Hình ảnh và video ko lq tại m ngại chụp",5,2025-02-22 09:22:50,0,True,21392161853,215736678,0,0,0,0,0,171,36
931babe6b5784217f5d13b27c94ebefb62738482ce0971a7ed773846972d76bb,Hàng đẹp mỏng mát phù hợp với giá tiền giao hàng nhanh phù hợp thích nghi mát lạnh khô mùa hè mọi người nên mua nhé hàng ok lắm luôn ạ không cần phải Trần trừ gì cả suy nghĩ gì nữa mà kh nhanh tay đặt hàng đi ạ siêu thích luôn,5,2024-05-23 08:43:12,1,True,21392161853,215736678,0,0,0,0,0,226,53
140b5e8ab086b7da161bf0fbc6e07231cc38d183cc041569f5128a63054dd223,"Đủ 5 chiếc, giao hàng nhanh, đóng gói cẩn thận, nhưng mà mình đặt 5 chiếc tối màu quần tam giác lại giao cho mình 5 chiếc tối màu mẫu đùi =)), mong bên đóng gói sẽ ktra kĩ càng hơn cho những đơn sau để tránh những điều ko đáng có.",5,2024-03-14 16:03:26,1,True,21392161853,215736678,0,0,0,0,0,230,52
eaa3ae6393b595f51299e00703cd0c36bc70e672ad65eb65d4a3c74861ed8bc7,"Đúng với mô tả:đúng Màu sắc:nhiều màu Chất liệu:thun lạnh Sản phẩm đúng mô tả. Chất liệu thoáng mát , hài lòng với sản phẩm . Nên mua",5,2025-09-15 18:54:23,1,True,21392161853,215736678,0,0,0,0,0,133,28
cd171c8f29b2acccf6c57815f7848ab5ffd1df4d064364ad57b67aee909cbc69,Hàng rất xinh sờ vào rất mát tay. Mình mua cho ông xã nói mặc thoải mái. Rất đáng tiền mua. Shop đóng gói 1 cái 1 túi nhìn rất cao cấp. Cho shop 10đ. Mình mua màu gần hết hạn comment mới vào đánh giá.,5,2026-03-03 14:23:27,0,True,21392161853,215736678,0,0,0,0,0,200,46
e62c360c96945f19fd8d9656a748a551ed358a97e7d9e470b3df05925fcc583d,"Chất liệu:thun lạnh Màu sắc:white, black, dark blue, grey shop giao hàng nhanh, đóng gói cẩn thận, quần chất thụ lạnh mắc thích lắm, chuẩn sz nha",5,2026-03-07 16:32:14,0,True,21392161853,215736678,0,0,0,0,0,145,27
92ca2d953f75a4491db93ad1e11a43b857abfa1fefc0d773f4c1e72209f9cb22,"Đúng với mô tả:chất lượng rất tốt, màu sắc đẹp và tươi sáng hơn cả mong đợi, đóng gói mỗi quần vào một gói trông rất xịn xò. Hình ảnh mang tính chất minh họa",5,2025-07-11 09:47:50,0,True,21392161853,215736678,0,0,0,1,1,157,35
d729da73eaa3f81365de5a64c1275e9cd0a7024aa1ac3c4d598405fc58412de1,"Chất liệu:vải Đúng với mô tả:đúng Màu sắc:màu tối Mặc mát mịn lắm, hàng chất lượng mua cho anh xã khen quá trời luôn, ảnh rất thích thú với mẫu mã này , cảm ơn shop Giao hàng nhanh",5,2025-03-19 20:09:28,2,True,21392161853,215736678,0,0,0,0,0,180,39
443c9b3d78630a0b46d9517ba9b2a2ded26979f9799d733c9b2922808b932531,"Chất liệu:thun Màu sắc:đen và xanh đen màu tối Đủ hàng 5 cái đc bọc riêng như ảnh , mỏng mát chuẩn from ny t cao 1m6 nặng 56kg hong to muốn thoải mái đặt 2XL bận k bị trật va thoải mái",5,2025-08-09 23:59:56,3,True,21392161853,215736678,0,0,0,0,0,184,43
1b78344631c1155d74f7001dae09bb688c7cf35acdb52090831083600230c4b5,Đúng với mô tả:dung Chất liệu:vai thun Màu sắc:du mau Shop gởi hàng nhanh chất lượng sp sử dụng rất thích co dãn dễ chịu mềm mát mẻ cảm ơn nhé,5,2025-12-07 17:43:25,1,True,21392161853,215736678,0,0,0,0,0,142,31
71e7fb6dfb15ffb5fc17b3f888b18711ddce345c5337b905786c1adc6554a625,"Chất liệu:vải thun lạnh, mềm Màu sắc:ưng ý gam màu tối mình thích quần được đựng từng túi zip riêng. shop giao hàng nhanh, ship nhanh",5,2026-01-15 21:23:15,1,True,21392161853,215736678,0,0,0,0,0,133,26
065f3ffd5f89a9dc30bc46d52410ee353f6c5f25eee209f2e3c8e3921911d064,Shop giao hàng nhanh sản phẩm rất đẹp lần sau mình sẽ ủng hộ shop,5,2024-07-27 05:44:57,4,True,21392161853,215736678,0,0,0,0,0,65,15
efd43f9733c68a976c4706bd5bf6419fe46327271c4f6d9da03e8243e94b45fc,"Đúng với mô tả:đúng Chất liệu:côttoon Màu sắc:đen, xanh Lần đầu mua hàng của shop cũng lo nhưng thật bất ngờ khi nhận được hàng sẽ ủng hộ shop tiếp lần sau nên mua nhé cả nhà ok là chất mát",5,2025-03-24 21:01:49,3,True,21392161853,215736678,0,0,0,0,0,189,41
be803c7e812e3edc2c37e3bb40cdb0beba1db9e734cb919e4c0687a462154f1f,Đúng với mô tả:dung mo ta Màu sắc:toi mau Chất liệu:cotton Hàng đẹp lắm giao hàng nhanh nữa Hình ảnh mang tính chất nhận xu,5,2023-12-11 20:54:15,1,True,21392161853,215736678,0,0,0,1,1,123,25
bb5666728e2b265db43e576f258c8a2c3ea60ebd1db09cc7ba8c4c635ca35941,"Chất liệu:thun Màu sắc:đủ màu Đúng với mô tả:đúng Giao hàng nhanh, chất vải thun mát lạnh thoáng mát rất hài lòng ạ. Sẽ ủng hộ shop những lần sau.",5,2024-05-06 13:00:44,0,True,21392161853,215736678,0,0,0,0,0,146,30
29a6ff2b2f30a0010f1781a15f9e2c6537346df3e306e0e3e23af89c96132123,"Sản phẩm chất lượng tốt, shop đóng gói giao hàng nhanh, shop rất nhiệt tình hỗ trợ đổi hàng khi mình đặt ko vừa size",5,2025-10-21 12:45:31,1,True,21392161853,215736678,0,0,0,0,0,116,25
713f9546ec00776dcac6b885f12634372e1520a03bd86340e295cb5c8c5f14e4,Màu sắc:đa dạng Đúng với mô tả:đúng Chất liệu:vai Set mặc rất đẹp vừa vặn thoải mái rất ôm người shop đóng gói cẩn thận giao hàng nhanh sẽ ủng hộ thêm Ảnh và video mang tính chất nhận xu!!,5,2024-01-06 09:33:25,0,True,21392161853,215736678,0,0,0,1,1,188,40
b8ca103e59ea21787ffa5648d378aaeb3895ceaba2d1dd0b2fe654027e9d0ef2,Chất liệu:ok Màu sắc:đúng với sản phẩm Đúng với sản phẩm đã chọn giao hàng nhanh chất lượng cũng tạm được so với tầm giá vừa với cỡ chọn,5,2026-02-23 19:03:38,0,True,21392161853,215736678,0,0,0,0,0,136,29
e187bd3fee21cd6480e19a6f8af780730c6ad812378cdae745eed74f9b098db6,"Chất liệu:vải thun lạnh Màu sắc:set màu đa dạng Giao hàng nhanh Đóng gói cẩn thận Đúng mẫu, đủ số lượng Ck mk mặc rất thoải mái",5,2025-11-15 11:25:00,0,True,21392161853,215736678,0,0,0,0,0,127,27
44ca1f0b0879b840bc95d54fc1fa53cbe4128dfcaaaf883e5c222d52cf245733,"Chất liệu:thun lạnh Đúng với mô tả:đúng Màu sắc:tối màu Giao hàng nhanh, đóng gói cẩn thận. Quần lót nam boxer thun lạnh nhé mn. Mình mua cho ny khá oke đấy. Sẽ mua thêm cho e trai nè",5,2026-04-02 23:50:13,0,True,21392161853,215736678,0,0,0,0,0,183,39
32bde8ace08c90ed8f500f7bdd83560b789b84a5b35b41dd27620de537d8b3c3,"Màu sắc:trang Đúng với mô tả:dung Chất liệu:vai Shop uy tín, giao hàng nhanh ( 2 ngày là đã giao đến r), giao đúng hàng. Sản phẩm giống y hình, đúng với mô tả, thanks shop nhiều",5,2025-12-20 21:29:52,0,True,21392161853,215736678,0,0,0,0,0,177,37
b13912837aa922377ce579e53a25f78efb6629003349b1177931a9629c3fc588,"Đúng với mô tả:đúng Chất liệu:kh biết , mát lắm Màu sắc:đủ màu, trắng, xám, xanh, đen, xanh nhạt mặc mát, giao nhanh, shop tư vấn kĩ",5,2025-03-22 15:42:26,1,True,21392161853,215736678,0,0,0,0,0,132,27
30e65668ab662ab78ef2cb41f2e0a3b08d3f79515c9b846848f31be1796c2eb0,Chất liệu:vải thun lạnh . chất vải mềm . co dãn tốt Màu sắc:set màu đa dạng . màu sắc đẹp Shop uy tín . Tiếp tục ủng hộ,5,2026-01-31 16:01:02,0,True,21392161853,215736678,0,0,0,0,0,119,29
4375049ddae42f0ee0e91b8e9f74fea2f957af8639e81a548e9509520c225cfc,Màu sắc:đẹp Chất liệu:tốt Đúng với mô tả:đúng Đã nhận được hàng.mặc đẹp và vừa.nhưng đã ghi chú ý với shop là không ghi tên sp ra bên ngoài mà vẫn ghi,5,2023-11-11 06:54:51,0,True,21392161853,215736678,0,0,0,0,0,150,32
5876899fc4be6db41a715f9e57cfc8fe67ef38d4fbd07fbc43defc3c44e65a5b,Màu sắc:đủ 5 màu Chất liệu:k biết Đúng với mô tả:giống hình Mua lần đầu tiên của shop thấy ưng shop đóng gói cẩn thận giao hàng nhanh nhiệt tình sẽ ủng hộ shop lần sau nữa nè,5,2025-02-08 17:34:43,0,True,21392161853,215736678,0,0,0,0,0,174,38
2c5822eb2363fe3fa9776206821f8d02a2450cd36fac445eea0eab6a9641fa2e,"Màu sắc:màu tối Đúng với mô tả:đúng với mô tả Chất liệu:thun lạnh Giao hàng nhanh, đúng số lượng, màu tối nên số nhiều là màu đen.",5,2024-09-04 21:12:12,1,True,21392161853,215736678,0,0,0,0,0,130,27
d72615b88b8a95c193b3c46c58a220e5c86e0841aad51779e2983152cf362206,Màu sắc:nhiều màu Chất liệu:vải Đúng với mô tả:đẹp quá đẹp Shop bán quần đẹp chất liệu ổn giao hàng nhanh đánh giá shop 5 sao nhé,5,2025-01-23 10:31:55,2,True,21392161853,215736678,0,0,0,0,0,129,27
b7fcb5a18384813183f1fe3bdde395d2c2575ed864f867c04faf30176afac817,"Màu sắc:tối màu Chất liệu:cotton Đúng với mô tả:đúng shop giao hàng nhanh, đặt hôm kia hôm nay đã nhận được, rất ưng ý",5,2024-08-20 11:55:07,1,True,21392161853,215736678,0,0,0,0,0,118,24
e4d282891ad156807c88f548bb34c0074d3eb862487b118ec31f5d3b80b25da3,"Chất liệu:thun lạnh Màu sắc:tối màu Đúng với mô tả:đúng Shop giao hàng đúng và đủ.quần chất thun lạnh, mỏng,mát.k biết mặc có nhanh dão k",5,2025-02-21 13:35:20,1,True,21392161853,215736678,0,0,0,0,0,137,26
619e1bf4554c3ad3048c2e0480597247c0c42e4340acc439b83a63fbe941b09a,"Sản phẩm rất chất lượng, đáng giá với giá tiền. Giao hàng nhanh chóng và đóng gói sản phẩm cẩn thận. Chất lượng sản phẩm vượt xa mong đợi của tôi, rất hài lòng.",5,2024-12-02 13:50:41,0,True,21392161853,215736678,0,0,0,0,0,160,34
847d57e08fe5445af22d46c75d91b0f5c8dbd409e37afc0484fdb1db7e9cf121,"Màu sắc:ok Chất liệu:OK Đúng với mô tả:OK ạ Sản phẩm giao khá nhanh dùng tạm ổn so với tầm giá, sẽ ủng hộ shop thêm nữa",5,2024-08-07 00:23:47,0,True,21392161853,215736678,0,0,0,0,0,119,27
713f9546ec00776dcac6b885f12634372e1520a03bd86340e295cb5c8c5f14e4,Màu sắc:đẹp Chất liệu:ổn Đúng với mô tả:có Hình ảnh mang tính chất nhận xu thôi ạ. Mình thấy khá hài lòng với sản phẩm và giá thành. Tiếp tục ủng hộ shop trong thời gian tới,5,2024-11-30 10:51:05,0,True,21392161853,215736678,0,0,0,1,1,173,37
fd0e712d622282838cfb90171e41dc9714e4207d154b9c7e8d1afb3cff551787,Màu sắc:tối Chất liệu:vải mịn không bị thô Đúng với mô tả:đúng shop chuẩn bị hàng giao nhanh quần mặc ok không bị bó sát cảm giác dễ chịu,5,2025-09-14 17:40:51,1,True,21392161853,215736678,0,0,0,0,0,137,29
3e8110ac3093487f1f6acc73d722bcfac0537a73139d1d96a9cbd7ab6ba84b9e,Đúng với mô tả:tốt Chất liệu:tốt Màu sắc:đẹo Giao hàng nhanh đóng gói cẩn thận hàng phù hợp với giá tiền chứ cũng không phải rẻ,5,2024-03-19 18:25:36,0,True,21392161853,215736678,0,0,0,0,0,127,26
aada7459bcb3872156d8b804dee270668239379cb56fa3f62478cb823ea1683a,"Chất liệu:thun lạnh Đúng với mô tả:đúng mô tả Màu sắc:đen... xanh than.. Video và hình ảnh chỉ mang tính chất nhận xu... vải co dãn đẹp, không chỉ thừa, shop giao hàng nhanh , shipper thân thiện, lịch sự.",5,2025-05-24 19:11:08,0,True,21392161853,215736678,0,0,0,1,1,204,40
21e3637ff0f9e9ede1b744506a1fa6c037fa411953894a20b4c0167b49a3e944,"Hình ảnh chỉ mang tính nhận xu. Hàng ship siêu nhanh, đóng gói cẩn thận. Giá săn sale quá iu, chất quần mềm, mịn, mát. Nên mua mng nha",5,2024-06-13 23:24:27,0,True,21392161853,215736678,0,0,0,1,1,134,29
8213da1f488a784c2f55011925451e29f12d20ea6d949745243c856b750e93af,"Màu sắc:trắng Chất liệu:tốt Đúng với mô tả:đúng sản phẩm oke nha, giá cả cũng oke luôn, đóng nhìn xịn, sốp làm ăn uy tín",5,2025-07-19 22:21:47,1,True,21392161853,215736678,0,0,0,0,0,120,25
9f227192fac4c2bd625932dac5a09e8ac4307cac1a1e8fcecbbae719717af571,Đúng với mô tả:ddusng Màu sắc:tối màu Hình ảnh mang tienh chất minh hoạ Giao hàng nhanh chất lượng sản phâem tốt shipper nhiệt tình,5,2025-10-17 23:42:16,0,True,21392161853,215736678,0,0,0,0,0,131,25
c61d0a4056f30cdff62fcc73a1e6696aadf28a9e12665c01c9aae424be97ab27,"Màu sắc:giống ảnh Đúng với mô tả:đúng Chất liệu:tốt Hàng giao nhanh, quần đẹp, co giãn tốt, giá rẻ. Hình ảnh mang t/c minh hoạ",5,2024-12-14 18:50:45,0,True,21392161853,215736678,0,0,0,0,0,126,25
172aa6f34942cdde0f95a9111f3da8c99bdb1d9cad152358308cab25fee6f2e8,Đúng với mô tả:đúng Chất liệu:thun lạnh Màu sắc:đúng Sản phẩm nhìn đẹp chât lượng thì sử dụng sau mới dam đánh giá,5,2024-08-07 14:33:00,2,True,21392161853,215736678,0,0,0,0,0,114,23
e341c9284a4cc227defffdf78312219ae45f9314961a75e948d00e455792edb6,"Chất liệu:ok Đúng với mô tả:ok Màu sắc:ok y ảnh, chất thun lạnh mặc rất ok. đóng gói cẩn thận. giao hàng nhanh, ảnh chỉ mang tính chất nhận xu",5,2025-04-01 13:42:59,2,True,21392161853,215736678,0,0,0,1,1,142,30
b204b9057b40a2dd3ad1018012467979d607cb9385d84b7acdb5635a779b8792,hàng chuẩn… chất liệu mặc cũng rất thích. giá quá rẻ nữa…. k làm bạn thất vọng,5,2024-01-17 22:21:52,1,True,21392161853,215736678,0,0,0,0,0,78,17
8004139c210d9ca61f7924f9e11bd87a9088e0d231a7a078c79eba6d1fead821,Chất liệu:tot Màu sắc:rot Đúng với mô tả:tốt Chất lượng sản phẩm tốt giao hàng nhanh sẽ quay lại mua tiếp và cho đánh giá sau,5,2025-02-18 08:35:22,1,True,21392161853,215736678,0,0,0,0,0,125,26
b4307428eb8681e538d5f629e6aba91f5b9540a85b7c52d49297e9f3ed3aa5c7,"Giao hàng nhanh đóng gói cẩn thận. mỗi quần 1 túi riêng, đã mua lần 2 dùng rất oke. Góp ý shop nên che tên sản phẩm lại",5,2025-10-16 16:51:00,1,True,21392161853,215736678,0,0,0,0,0,119,28
0044074b22794f3bae51ed32efe0845478750831764a91f5ee4a478e009df399,"Màu sắc:màu tối Chất liệu:thun lạnh Đúng với mô tả:đúng Chồng mình cao 1m68 ,nặng 58kg mặc vừa size 2XL. Mình không rõ nó có co giãn ra không nữa.nhưng mặc vừa y luôn.",5,2024-07-01 15:51:23,1,True,21392161853,215736678,0,0,0,0,0,167,34
453c54ee65320d07847dfa062184689e45719cedcb9d3b0ea11d28e24bd7ee86,Chất liệu:chất liệu vải tốt mềm mại co giãn Màu sắc:màu sắc đẹp Tôi rất ưng ý sản phẩm của shop. Cho shop năm sao,5,2026-04-10 13:34:45,0,True,21392161853,215736678,0,0,0,0,0,113,25
989299071f9e5289003ab0afd8f650857743224bd1a951f0a8f0b12e334a757d,"Chất liệu:tốt Màu sắc:đen,xanh Đúng với mô tả:đúng nhe Hàng đẹp đống gói kỹ ,5 cái để 5 bịt nhỏ , nhìn vô như quần xịn:))",5,2024-01-25 20:24:20,0,True,21392161853,215736678,0,0,0,0,0,121,26
515e11afc8c5d29fbd427914765adebbdaacef1c1341d761d73d5e65109196e7,Màu sắc:dep Đúng với mô tả:dung Chất liệu:cotton Sản phẩm chất lương. Giao hàng khá nhanh. Đóng gói cẩn thận. Lần sau sẽ ủng hộ,5,2024-07-31 11:45:10,0,True,21392161853,215736678,0,0,0,0,0,127,25
c5af506e07ae9658a1fb10a9930d8f5674381af9ea297f44c1a34ff5bbc6882c,"Chất liệu:ok Đúng với mô tả:đúng Màu sắc:tuyệt vời Mặc vào cũng rất co giãn và mát và thấy cũng hợp lí khi chọn sản phẩm này.,, tôi thấy phù hợp và rất oke trong việc thay , nó , nên lần sau tôi sẽ chọn nó",5,2024-09-20 22:52:38,0,True,21392161853,215736678,0,0,0,0,0,205,47
0ff45880c1936c31556946993197f00d0804c09e63a327e6c16529201b73fcb3,"Đúng với mô tả:ok Chất liệu:ok Màu sắc:ok Chuyên in gia công giá rẻ trên mọi chất liệu tại Tp.Hồ Chí Minh - Bao Bì, Danh Thiếp, Thiệp Cưới, Bìa lá,Decal, Hoá Đơn,..V.V....... -Thiết kế mẫu in hoàn toàn miễn phí Nhiệt Tình - Uy Tín - Chất Lượng - Mọi chi tiết xin liên hệ: 📱/ZaLo : 0904479487 ( A.Sơn)",5,2025-05-18 07:55:41,0,True,21392161853,215736678,0,1,0,0,1,300,61
7b1f051f003bb2e80a5d6348b0b45f57cae664f469aae165d055cedb09f4fc70,Đúng với mô tả:dung Chất liệu:kbt Màu sắc:nh mau Đầy đủ co giãn thoải mái oci giao nhanh đóng gói kĩ càng cẩn thận rất ưng ý nên mua nha,5,2024-12-27 18:17:08,1,True,21392161853,215736678,0,0,0,0,0,136,30
e4a2d4ef3655093fc64c64dea4cf4c4ef4b1ab7b061b24553cef973c61d05edc,"Chất liệu:Chưa xử dụng nên kg biết chất lượng ra sao. Nhưng, theo tôi thì đơn hàng này rất ok. Hàng giao đúng như quảng cáo.. tôi rất hài lòng. Shop làm ăn uy tín.. xúng đáng đc tôi gởi tặng 5.sao.",5,2026-02-11 02:29:01,2,True,21392161853,215736678,0,0,0,0,0,197,42
46096c48f23ff8662f7414d447631f14fa260b856a9155bf4b5c04ea3e621aa1,"Màu sắc:OK Đúng với mô tả:ok Chất liệu:OK Giao hàng nhanh đóng gói cẩn thận , quần chất đẹp mặc mát , vừa xinh , sẽ quay lại ủng hộ",5,2024-01-09 17:33:05,0,True,21392161853,215736678,0,0,0,0,0,131,30
7612b62b7f96b7ab4ecb4576988bece354756a4856b01649737320cb041629b8,"Shop chuẩn bị và giao hàng khá nhanh. Quần chất vải mỏng, đẹp. Mỗi quần đóng riêng 1 túi zip xịn sò lắm ah",5,2023-12-13 15:09:04,3,True,21392161853,215736678,0,0,0,0,0,106,24
87790c2c1e5ebe4c660d1e4de9cf767a718a21331a85588cbffd5f7d32004258,Đúng với mô tả:đúng mô ta Chất liệu:thun lạnh Màu sắc:nhiều màu Quần nhận đượcc ưng quá nè giá rẻ mà quần đẹp nha m.n,5,2024-10-04 17:39:05,1,True,21392161853,215736678,0,0,0,0,0,117,25
af1f38f7d6745e5f24af69bf2004a1a3b4c5856b880e9a4dcf671cca937afa41,"Giao hàng nhanh, đóng gói kĩ càng, có bọc sản phẩm đàng hoàng trông khá oke. Sản phẩm có vẻ chất lượng á, thấy vải thoáng mát. Hình ảnh mang tính chất nhận xu :v",5,2025-04-05 18:00:12,0,True,21392161853,215736678,0,0,0,1,1,161,35
edeba50477a74d4a94924d3bb86fe55b92702e11cc4ffa8ca491cf6fcd353b8e,"Đúng với mô tả:đúny Màu sắc:tối Chất liệu:ok quần mặc rất mát , có độ co giãn khá ổn nchung mng nên mua nha",5,2024-06-04 16:43:39,1,True,21392161853,215736678,0,0,0,0,0,107,24
b278f3a2cced3d4a88223072ad12a6a75877896c7e14b8ee1ac8cecf81966dee,Màu sắc:màu tối Chất liệu:thun lạnh Đúng với mô tả:đúng Vãi mát lạnh. Vừa vặn giao hàng nhanh nữa. Quá ưng lun,5,2024-05-07 16:28:24,2,True,21392161853,215736678,0,0,0,0,0,110,22
33d77f8371a7b08de81a43c29fde80627c8fa8c4e79a53bc5388cdfea4722a57,Màu sắc:màu tối Chất liệu:thun Đúng với mô tả:đúng với mô tả Quần vải mềm mại co giãn tốt lừng quần may đẹp trước mua quần là ép lưng thun giặt máy mau bung lắm,5,2025-08-17 17:39:11,1,True,21392161853,215736678,0,0,0,0,0,160,35
69952a0d523ac75555ec38e53d123002f97b4109ebf7326c6cdcc53717b94362,Màu sắc:màu tối Đúng với mô tả:giao hàng đúng Chất liệu:mát Sản phẩm giao nhanh và đúng với mẫu mã đã chọn .cho shop 5 sao lần sau rách sẽ lại mua tiếp :)),5,2023-11-14 11:35:12,0,True,21392161853,215736678,0,0,0,0,0,155,34
7871e37f5eca1788c8deffeee098bf056d4e0e60246815a40bd9a1950b8daf9d,Đúng với mô tả:ok Chất liệu:thun lạnh Màu sắc:ok Lần đầu mua hàng của shop thấy rất hài lòng vì shop giao hàng nhanh; đóng gói hàng cẩn thận,5,2024-01-03 09:38:36,0,True,21392161853,215736678,0,0,0,0,0,140,29
8e62e0ae110667fb17700bec577f33eb485a572a24f3d1513325e99c2ad650d2,Đúng với mô tả:ngon Màu sắc:bổ Chất liệu:rẻ Chất. Ship mặc đi chơi gái còn khen đẹp. Sịp anh thơm thế,5,2024-08-28 19:30:18,0,True,21392161853,215736678,0,0,0,0,0,101,21
e7ec7bd20ce11aa9012f922317798e5d9474610145ebff5155e025e6acc670a7,"Chất liệu:ok Màu sắc:den Đúng với mô tả:ok Shop gởi hàng nhanh, shop k tự che sp, vẫn cho shop 5 sao ạ, chất vải ok",5,2024-12-24 18:29:02,1,True,21392161853,215736678,0,0,0,0,0,115,26
055dfb50f96424e76a53dd49b677ad83affa532f52a3a26901d3011199af13be,"Đúng với mô tả:OK nha Chất liệu:thun lạnh Màu sắc:tối Quần đẹp, vải mát lạnh, vừa người, mặc rất thích. Sẽ ungt hộ shop tiếp nhé. Hình ảnh mang tính chất nhận xu.",5,2025-01-08 23:38:36,0,True,21392161853,215736678,0,0,0,1,1,162,33
3a934e9ec848c9982611ec491e5eded0ee645a93f1925a87891f0643e6dea690,Đúng với mô tả:ok Chất liệu:ok Màu sắc:đen Hằng mới đặt nhưng cũng nhanh nhận được nói chung giá cả hợp lí shipper thân thiện chất liệu sau về gia tiên thì cũng ok và ok để dùng mua nhiêu,5,2024-12-11 16:42:04,0,True,21392161853,215736678,0,0,0,0,0,187,40
1a414e6580be0096ec8cff98e730ad2949b2a142a2ec454e6b6ab238bab963e0,"Chất liệu:thun co giãn Màu sắc:xanh đen Đúng với mô tả:đúng lần đầu tiên mua của shop nhưng khá ưng ý, giao đủ số lượng, quần đẹp vải mát, sẽ ủng hộ shop lần sau, giao hàng khá lâu nên shop điều chỉnh lại việc thời gian giao hàng giúp nha thông số t để ngẫu nhiên vì không đo nên mọi người đừng để ý nha",5,2023-10-30 13:06:28,1,True,21392161853,215736678,0,0,0,0,0,303,67
416b9c03c032fcd8ecfff8c298e60b85ed6a458a666926e538779bb62970c510,"Màu sắc:den Đúng với mô tả:đúng Chất liệu:thun lạnh Giao hàng nhanh, đóng gói cẩn thận, đủ sản phẩm đã chọn lựa trong gói hàng",5,2024-05-05 18:22:16,0,True,21392161853,215736678,0,0,0,0,0,126,25
a2ede55d224e7a3766a45594b5bf9fe2f29fa0593253edd1e8eeb07a2bc44e89,"lấy tạm ảnh với video ko liên quan . sản phẩm quâ tuyệt vời Đóng gói cung cẩn thận, chu đáo Hàng hoá không bị ảnh hưởng . ship giao hàng thân thiện , nhiệt tình. Dùng thêm thời gian nữa sẽ phản hồi lại . Tạm thời thấy sản phẩm đang ổn định. Hi vọng bền lâu theo thời gian",5,2025-05-05 08:34:01,0,True,21392161853,215736678,0,0,0,0,0,271,61
f4897f785991786799f939cd02be74e8706852f076fa17a945097d22deff22d3,"Chất lượng sản phẩm đúnh như quảng cáo , chất vải mát có độ co giãn thoải mái , nói chung tiền nào của nấy ạ . Mọi người nên mua nhé em mua của shop mấy lần rồi",5,2025-03-27 14:55:16,0,True,21392161853,215736678,0,0,0,0,0,160,39
47337312c752383ec567fa867a0edeef24ad93b7a231cd6ea49ebf6c12aff078,"Đúng với mô tả:đúng Chất liệu:thun lạnh Màu sắc:đen, xanh đen, xanh 1m75 67kg mặc vừa in, chất liệu mặc rất thoải mái.",5,2024-08-05 09:31:00,1,True,21392161853,215736678,0,0,0,0,0,118,23
85cb1e225b4355a87e0c381e823729c4e579e4662e69f88e10c2e09569cd615f,Đúng với mô tả:ddungs Chất liệu:su Màu sắc:đen xanh xanh đen Quần đẹp mịn mát đúng sz đúng màu đủ lượng. Con mình tự mua tính ra cũng mấy chục nghìn không rẻ nhưng dùng ok là được. Hình ảnh mang tính nhận su vì ngại đi lấy. Sản phẩm chuẩn mô tả chuẩn ảnh ạ,5,2025-08-09 22:45:57,2,True,21392161853,215736678,0,0,0,0,0,256,56
5e79369383672b38819a31315cfa4ed96a5e7f797edd41f3dfde7340b7da074a,Giao hàng nhanh sản phẩm chất lượng tốt bền bỉ Dễ sử dụng êm mềm ngon bổ rẻ mặc mát co dãn tốt thông thoáng thoải mái,5,2025-01-20 20:34:16,0,True,21392161853,215736678,0,0,0,0,0,117,27
d63aaaa1a900b742ba9c36c6cb2486b88b1e9dfbace98f2240267138252c68ac,"Chất liệu:Thun lạnh Màu sắc:5 quần 4 màu Đúng với mô tả:Đúng Đủ 5 cái, chất liệu vải đẹp, đường may khá cẩn thận . Size vừa vặn, giao hàng nhanh 👍👍",5,2025-03-30 19:15:16,1,True,21392161853,215736678,0,0,0,0,0,147,32
d0206694684ca00cd72a4278fe355c59442a7a17a6a6c29bc991ccb8e190c9d9,"Chất liệu:thun Màu sắc:tối màu Đúng với mô tả:đúng Vải thun mềm mượt, co giãn, bao bì, đóng gói ok lắm nha. Chưa biết chất lượng có bền và xù không nhưng hiện tại nhận hàng thấy khá ok",5,2025-01-10 13:03:34,0,True,21392161853,215736678,0,0,0,0,0,184,39
5fdc2fdb9f988f28dc94e145d083f16735d9db553b5309f8254cd3b0ed2ca9a1,"Chất liệu:cotton Đúng với mô tả:dung Màu sắc:đủ màu Sản phẩm đúng mô tả, màu sắc đầy đủ,giao hàng nhanh, nhạn hàng rất chắc chắn, rat okela sẽ ủng hộ shop nhiều",5,2024-04-14 12:12:03,0,True,21392161853,215736678,0,0,0,0,0,160,32
0ff45880c1936c31556946993197f00d0804c09e63a327e6c16529201b73fcb3,"Chất liệu:ok Đúng với mô tả:ok Màu sắc:ok Chuyên in gia công giá rẻ trên mọi chất liệu tại Tp.Hồ Chí Minh - Bao Bì, Danh Thiếp, Thiệp Cưới, Bìa lá,Decal, Hoá Đơn,..V.V....... -Thiết kế mẫu in hoàn toàn miễn phí Nhiệt Tình - Uy Tín - Chất Lượng - Mọi chi tiết xin liên hệ: 📱/ZaLo : 0904479487 ( A.Sơn)",5,2025-05-18 07:51:43,0,True,21392161853,215736678,0,1,0,0,1,300,61
95fcd8f8debddee0d535f30171df6ccf6b6fb0e28ed08123d95725df47053100,"Nghĩ là giá rẻ nên mua thử, không ngờ chất lượng ok , vải mịn mát thoáng nữa , vừa vặn với chồng mình luôn, mọi người nên mua nhó",5,2024-12-17 12:32:50,0,True,21392161853,215736678,0,0,0,0,0,129,30
e700a8d64d47bae37384e723aef33257067c7646879553d6a2e720c70053b1cc,"Màu sắc:du mau Đúng với mô tả:xl Chất liệu:thun lạnh Shop giao đủ sl đủ màu, quần mát mỏng nhẹ thoáng khí,mua cho ny or ck rất đẹp nha",5,2025-07-23 11:18:57,1,True,21392161853,215736678,0,0,0,0,0,134,29
279eb6438e9b9b3256817b07af701c0468fc99328e525a393ae5e4bc1006a448,"Đúng với mô tả:đúng Màu sắc:nhiều màu Chất liệu:thun lạnh Hàng đúng mô tả, vải mát nha, giá OK nên mua nha",5,2024-03-25 09:17:29,1,True,21392161853,215736678,0,0,0,0,0,106,22
00f87d3fb510d7471029631255f27e69b153056e3ce3ecc838c6cadc649cd4ae,"Màu sắc:màu sắc đẹp đúng màu Chất liệu:chất liệu vải mềm mịn Đúng với mô tả:giống với hình ảnh của shop đăng Giống với hình ảnh của shop đăng, màu sắc đẹp đúng màu, chất liệu vải mềm mịn",5,2023-10-29 15:57:35,1,True,21392161853,215736678,0,0,0,0,0,186,39
1d189de97c5057d3c49f78ef8eb67b48f05acec8ee7a08aca178870364801879,"Đúng với mô tả:Đúng Chất liệu:Thoải mái Màu sắc:Nhiều màu Quần mặc thoái mái, màu đa dạng, chất liệu ổn, giá thành tốt, nên mua",5,2025-03-15 11:34:02,0,True,21392161853,215736678,0,0,0,0,0,127,25
2f2b92f13b4d52ae61a54c561ed538a1ab2200dfc1d13519df567361a92714c7,Bài đánh giá mang tính chất nhận xu. Sản phẩm như giới thiệu đúng cái mình muốn mua. Shop đóng gói chắc chắn cận thận Giao hàng nhanh. Cho shop 5 sao để bán sp tốt hơn,5,2025-11-10 19:14:11,1,True,21392161853,215736678,0,0,0,1,1,167,37
ebd6b7c75b466ef4f93658ec113763b0c927c8add6e1bf323488daadef22292e,vải mịn mát from vừa vặn combo tôi màu có 3 màu nói chung là giá rẻ chất lượng thì ok mua về cho mấy ông chồng đi nha các chị em,5,2025-03-07 22:28:48,3,True,21392161853,215736678,0,0,0,0,0,128,32
ef474cfeb516f835b0f6d4f037db8017829072509640dc345490bf69d90861d8,"Màu sắc:màu tối Chất liệu:thun mát Đúng với mô tả:như mô tả Vải thun mát dễ mặc , co dãn tốt , cảm ơn shop",5,2025-03-11 07:13:14,0,True,21392161853,215736678,0,0,0,0,0,106,25
77d4ee27ab248315c910a24d3af8906d9fb241e8912a4917c89394d06d1bee5c,Chất liệu:cotton Đúng với mô tả:đúng trc giờ mik mua trên shopee nhiều lần thường là đóng hộp khá ọp ẹp ko ngờ shop quá uy tín dùng cả túi zip xịn thực sự,5,2024-09-17 23:10:53,0,True,21392161853,215736678,0,0,0,0,0,154,34
94306bd89dc18ca67d550e43cbd1e245b0e913f1a1ab4e1c83e612f801c3f580,"Màu sắc:tối màu Chất liệu:vải Đúng với mô tả:đúng với mô tả Shop đóng gói hàng cẩn thận giao hàng nhanh chóng. Quần mặc vừa người, thoáng mát, rất oke ạ",5,2025-05-28 17:47:30,1,True,21392161853,215736678,0,0,0,0,0,152,31
0c988207a35607e47c4f0fca0b3ecfe8a4f09ec10781f23c8a6c32e4c505bb31,"Shop giao hàng nhanh, đóng gói cẩn thận, quần dày dặn, mặc thoáng mát, mà shop gửi 2 cái màu trắng luôn, nếu kh muốn lấy nhớ note với shop trước",5,2026-01-31 23:41:39,0,True,21392161853,215736678,0,0,0,0,0,144,31
a965e4effb9a287d7be32074a5fc557fbe2d4e648eb5cafd6e831a527b492662,"Màu sắc:đen, xanh, xám,trắng Đúng với mô tả:y chang hình luôn ạ Chất liệu:mềm mịn thích, mát và đặc biệt là rất đẹp Sản phẩm này rất đúng với ý của tôi sẽ mua ủng hộ shop dài dài",5,2025-03-10 13:56:38,0,True,21392161853,215736678,0,0,0,0,0,178,39
a02f14e9b91cdd6e2480b780eb7e96d0700ab86dff5b8a097ee6b9488e33969f,Quần đẹp đúng hình ảnh shop đăng.đã mua 1 lần và quay lại mua lần hai.hài lòng về shop đánh giá shop 5 sao.hình ảnh chỉ mang tính chất nhận xu.nhưng chất lượng sản phẩm đạt điểm mười,5,2025-08-06 21:28:55,1,True,21392161853,215736678,0,0,0,1,1,182,38
5e76377de564142beaf4f9d01f0861422cf6f210ac9ca109e27d13c7c5588edd,Chất liệu:thu lạnh co gian Màu sắc:tối Đúng với mô tả:dsungs Mọi người nên mua và sử dụng hàng tốt hợp gia tiền shipper than thiện dễ gần shop tư vấn nhiệt tình hình anh mang tính nhân xu,5,2025-06-23 15:23:37,0,True,21392161853,215736678,0,0,0,0,0,187,39
fe476ad5bda0f77fa4885a924745c5057abd7cda7e1b66456a13d292be36b690,"Màu sắc:Trắng Chất liệu:Thun lạnh nhưng vải mịn * đẹp Đúng với mô tả:Đúng với mô tả Hàng đẹp, sờ mình vải mát 🆒 lắm mà giá cũng 👍",5,2025-02-14 12:58:05,1,True,21392161853,215736678,0,0,0,0,0,129,29
ced38b0b165f470dac476eae90854cd4d451da1e5eac37fdf41b6ebcd2dd6685,Chất liệu:cotton Màu sắc:navy Đã nhận được hàng sản phẩm rồi shop quảng cáo mọi người nên mua nhé giao hàng nhanh ship thân thiện sẽ quay lại ủng hộ nếu có nhu,5,2025-07-31 09:58:20,0,True,21392161853,215736678,0,0,0,0,0,159,33
0a293b3afaea2bffa303de75123810b4c776c7abccfee61e861c6e57e5eff10d,Hình ảnh chỉnh mang tính chất minh hoạ sản phẩm okla lắm thấy bền nên mua shipper giao ok thân thiện người bán nhiệt tình,5,2024-03-18 23:27:14,0,True,21392161853,215736678,0,0,0,0,0,121,25
fda4dbd7f6aaf01cf0bdb0d784610bfde0447ccc99478792c51d9192a9c55740,Màu sắc:đen Đúng với mô tả:đúng Chất liệu:cootng Hình ảnh chỉ mang tính chất nhận xu giao hàng nhanh chóng shiper thân thiện với khách hàng nhận hàng đúng chất lượng,5,2025-01-07 18:30:31,1,True,21392161853,215736678,0,0,0,1,1,165,31
e002e8a3cb978649b054f27fc40a1a7482fa89e6ca95ca59842f449a722a3deb,Đúng với mô tả:dung Màu sắc:đen Chất liệu:vải co dãn Hàng giao nhanh đẹp giá rẻ co giãn tốt thoải mái mọi người lên mua nhé,5,2024-07-19 23:57:19,0,True,21392161853,215736678,0,0,0,0,0,123,26
554658714b52a23786c5c2c8be6f8ae10e1913f65c3c4f5078cfdd5bdb4ffcfb,Chất liệu:ok Màu sắc:ok Đúng với mô tả:ok Nhóm rất am hiểu và kiên nhẫn với tôi. Họ đã giúp đỡ rất nhiệt tình khi tôi muốn điều chỉnh đơn đặt hàng của mình.”,5,2024-02-07 22:03:36,0,True,21392161853,215736678,0,0,0,0,0,157,34
097a84a10169a9c0c9514e0f58f9831b477ef5df46430b0d324445cc37e24b45,"Đúng với mô tả:Đúng Chất liệu:vải Màu sắc:nhiều màu Đóng gói sản phẩm khá ổn, giao hàng nhanh, ổn",5,2023-12-13 20:18:05,1,True,21392161853,215736678,0,0,0,0,0,97,19
7b0dd0719fd8b9ec4bda2478be562e37fff5d034ac7f000d35b22daba8480556,Chất liệu:thun lanh Màu sắc:nhieu mau Đã mua lần thứ 3 và vẫn rất hài lòng. Sản phẩm được giao nhanh và đóng gói chắc chắn.,5,2026-02-09 08:31:31,1,True,21392161853,215736678,0,0,0,0,0,123,26
1b56e2f61b74b1b95ab42dc236b99aa75fe6fabe0c8f02509edf676bccd7d08e,"Chất liệu:thun Đúng với mô tả:đúng Màu sắc:đủ màu Xử lý đơn nhanh, đóng gói cẩn thận, giao hàng nhanh chóng, giao đủ số lượng, hình ảnh video minh họa",5,2025-06-24 13:15:30,0,True,21392161853,215736678,0,0,0,0,0,150,30
6dfaadab207a83f253f56680e53d49509f98956b7cb8c3f1fb4b72eeb8d78d61,"Màu sắc:full Chất liệu:thun lạnh Đúng với mô tả:chuâbr 💥Nước giặt compho remix về hàng 🌱 🍒🍒Nước giặt này thơm và đặc dã man! 370k Thùng 6 can Hàng về đến đâu hết đến đó. k thơm e k lấy tiền các chế. giặt k cần mua thêm xả compho. e lại gom tiếp để lên hàng 🌻Nước giặt xả Comfor remix 5 in 1 🌻Vừa là nước giặt vừa có mùi hương nhẹ dịu như nước xả vải 🌻Khách dùng loại này thì ko cần xả comfor hay gì nữa ạ, mùi thơm lâu, quần áo lại mềm mại",5,2024-06-21 10:21:49,0,True,21392161853,215736678,0,0,0,0,0,439,100
933c47aac74c79f33c0750824fbd25065dc05a757c7239cfdbe64ef778838897,Chất liệu:tot Màu sắc:đẹp Đúng với mô tả:hàng đẹp Đóng gói cẩn thận giá sale mong sốp tiếp tục phát huy và sale ủng hộ sóp,5,2023-11-08 09:33:45,0,True,21392161853,215736678,0,0,0,0,0,122,26
a44df38bb51584b65c3d3f747d74e18005b2a42fb8e7eb38cc32ae0e353b23c1,"Sản phẩm giống trên ảnh , giao hàng nhanh đóng gói chắc chắn , chất lượng đi đôi với giá tiền . Nói chung là hợp lí và đáng tiền",5,2025-07-25 00:09:13,0,True,21392161853,215736678,0,0,0,0,0,128,30
d330bb3b1348827eed305ced81ad7dc2fe9cbd3e9f0c24b2cb900fe7185716d2,Đúng với mô tả:oki Màu sắc:oki Chất liệu:oki Đóng gói cẩn thận giao hàng nhanh shipper nhiệt tình Hình ảnh mang tính chất nhận xu,5,2025-03-10 22:50:45,0,True,21392161853,215736678,0,0,0,1,1,129,25
830fc0b7d6477c10d6deed1fd1f9d066b4b40d859aece711e5392fcaf525520b,"Chất liệu:vải thun lạnh, mềm, mỏng, co giãn Màu sắc:đa dạng, nhiều màu Quần chất liệu thun lạnh, vải mỏng thích hợp mùa hè. Cần lấy tăng size so với gợi ý để được thoải mái",5,2026-04-09 12:41:40,0,True,21392161853,215736678,0,0,0,0,0,172,36
ae21e4135ca1b13ada04c540a89b42eb2b1d457d242a47928612bf7d0c72220a,"Mua combo tối màu hàng mẫu mã như quảng cáo, chất vải mịn có độ co giãn. Nói chung là shop bán hàng uy tín mua hàng cảm thấy rất ưng ý. Sẽ ủng hộ shop tiếp",5,2025-07-17 12:23:17,2,True,21392161853,215736678,0,0,0,0,0,155,37
4dafad44dab22fd811fe0e4784e855a4c89082d645c0e2c9415d6bc442bdb737,"Màu sắc:ok Chất liệu:đẹp Đúng với mô tả:ok Chất liệu vải đẹp, mềm mặc mát nha mọi người, đường may cũng tỉ mỉ , chắc chắn, giao hàng nhanh OK nha",5,2026-01-15 11:01:45,1,True,21392161853,215736678,0,0,0,0,0,145,31
4d25248e389b81dab2a01c063fb562c4216542060887eb2d7b21d45409ae4d34,Mình mua cho bé nhà mình hợc lớp 7 rôi mặc vừa chất mát đáng mua ạ,5,2024-06-17 08:57:46,1,True,21392161853,215736678,0,0,0,0,0,66,17
799528408f00389601353aeee5d2c089ce10a28d4d7af16d6bc302db07e8d4dd,"Đúng với mô tả:ok Chất liệu:ok Màu sắc:ok Ok nhaaa , giao hàng nhanh , đóng gói mỗi cái quần 1 túi díp rất ok , chất mát",5,2025-11-03 21:57:07,0,True,21392161853,215736678,0,0,0,0,0,120,28
1a7f5b57fb9ba6bf5e174649d0f27874f658411a061d23d0549c04a98743fb92,"Shop uy tín, giao hàng nhanh, giá cả phải chăng, đóng gói chuẩn, hy vọng chất lượng ôn như quảng cáo và sài bền, Hình ảnh lừa tình để nhận xu",5,2025-03-14 16:17:25,0,True,21392161853,215736678,0,0,0,1,1,141,31
ff627387f8681e0a9f4ec1c9ed978b1c1ebd6f2f057126bdfc41094db1a845c9,"Chất liệu:Mem - min - mat Đúng với mô tả:đúng Màu sắc:đen - xanh cổ vịt - xanh than H/ả mang tchat nhận xu. Nên mua nha mn, qần đc bọc từng cái trong túi riêng biệt, chữ in nổi xịn xò. Mà mìh chọn hơi lố sz cho chồng, 68kg lấy 2xl thôi nha mn",5,2024-12-25 23:50:40,0,True,21392161853,215736678,0,0,0,1,1,242,56
0aadfcc94b7f8b91445bab955c140472223bfc110855ff0ffb1f32156b3b53c9,Chất liệu:thun lạnh Màu sắc:màu tối Đúng với mô tả:hàng đúng mô tả Quần rất đẹp được đóng gói túi zip riêng từng quần. Mặc lên form đẹp nên mua ❤,5,2024-08-22 21:33:54,1,True,21392161853,215736678,0,0,0,0,0,145,31
1385ff47be0709742f3aba056c3bdbc9e4ce602f5cea262d42c35f1b0280b485,"Chất liệu:ok Đúng với mô tả:ok Màu sắc:ok Giao hàng nhanh chóng, quần đúng mẫu, gói hàng cẩn thận lắm sẽ ủng hộ",5,2024-01-15 12:23:52,1,True,21392161853,215736678,0,0,0,0,0,111,23
5d389f1ea44b11c80533083838d7c76564885a20f48e3c6a1001a70d707707a5,"Màu sắc:dden Đúng với mô tả:xnkx Chất liệu:chjx Shop đóng gói kĩ, giao hàng nhanh, đúng hàng, thun lạnh, mát lém nhe, nchung ok la la nhe",5,2025-08-07 19:44:42,1,True,21392161853,215736678,0,0,0,0,0,137,27
c3d74fd185214589a2807098b6a45c5ca311ac73ba2c92ccc3946e06a3e10d9d,Chất liệu:vải Màu sắc:đủ Đúng với mô tả:đúng săn pham tet sẽ ủng ho tiếp hibhf ảnh mang tings chất nhận xu sẽ ủng hộ tiếp nếu có nhu cầu sẽ mya,5,2026-02-22 14:58:10,0,True,21392161853,215736678,0,0,0,1,1,143,32
7b3927add24bca995bdb97f0009b0515aeed71a1bb0492af9e780a25843b5dc9,"Đúng với mô tả:đúng voi mo ta Chất liệu:đẹp Màu sắc:oke Sản phẩm đẹp oke vải đẹp vừa ngươi nha mọi người, sản phẩm chất lượng cao",5,2025-03-09 19:23:56,0,True,21392161853,215736678,0,0,0,0,0,129,27
4516d07954799a0f658c0ed74186187234fd835bc2b99a7b822bc87956a87cdf,"Chất liệu:ok Đúng với mô tả:kk Màu sắc:ok Chỉ 30 phút có ngay sét trang trí đẹp như đi nhà hàng , zá lại chỉ có #2XX nhỏ MIỄN SHIP, TẶNG RẤT NHIỀU QUÀ HẤP DẪN NGAY TRONG VIDEO NÀY , các mẹ giành chút thời gian tổ chức cho các bé yêu nhà mình thêm ý nghĩa 👌Thúy Decor có đầy đủ các phụ kiện bóng bay, sét up sét theo nhu cầu, theo tài chính của khách hàng 👌Thuý Decor chuyên in phông bạt đủ các size theo yêu cầu mong muốn 👌In chibi, Hashtag , bảng chào , bảng thành tich….đèn led, đủ các loại trụ trang trí, bóng hình con vật…. Ib trực tiếp vào page để được tư vấn trực tiếp HOTLINE : 0968.527.622",5,2024-08-09 20:30:00,0,True,21392161853,215736678,0,0,0,0,0,597,129
f96a6fa0a6ebbc9d224593e0296602219b8ccb64ca751fa4f69e707f6683f3a6,"Đúng với mô tả:oke Chất liệu:vải thun Màu sắc:màu tối Nên chọn theo bảng của shop, không chọn theo bên ngoài, mình 55kg mặc XL khá vừa và thoải mái",5,2024-06-01 07:48:27,0,True,21392161853,215736678,0,0,0,0,0,147,30
9bcc07297b8cc2cef0a6a96781183ba7fe2b1a956b08a50035d6851cc3341352,Chất liệu:vải thun mát Màu sắc:tối màu Thấy chất lượng khá ổn so vs giá thành. Mãu mã cũng đẹp. Ck mk cũng thích Sẽ mua lại nha Hình ảnh mang tính chất nhận xu,5,2024-03-08 09:57:57,0,True,21392161853,215736678,0,0,0,1,1,159,35
c5ad7e95a2a869d32be5c6cc9f64aa7c5984add93e859a128bab836e919c196e,Đúng với mô tả:đúng Màu sắc:tối Chất liệu:mát Hàng rất đẹp nha mọi người . mỏng mát . Hàng đóng trong túi rất đẹp . Lần sau sẽ quay lại ủng hộ shop .,5,2025-11-15 14:04:38,0,True,21392161853,215736678,0,0,0,0,0,149,34
0fb64c2ec81dec40bb6d8caf0a2676082c15ba3f7bedd2ed72309fe477abbfdf,"Màu sắc:ddepj giao hàng nhanh, chất liệu ok, đê mặc, xứng đáng nha, giá lại rẻ nên mua mng ơi nói chung là rất ok, 10đ nhaaaaa kkkkkkkk",5,2025-09-09 14:47:04,0,True,21392161853,215736678,0,0,0,0,0,135,28
ba4783eceba9d274410c8512554f6222c1fae33a59d2a939758f50c4c9b77987,Chất liệu:thun Đúng với mô tả:thoải mái mặc đẹp Màu sắc:đủ màu,5,2024-03-12 22:34:20,1,True,21392161853,215736678,0,0,0,0,0,62,12
79a21a6e908bf2c90dce3c72f53621c76bd6099f8d9bdb97c4d57b180abd414d,"Mặc rất ok , thoái mái , giao hàng nhanh , vải ok lắm nha , mát nữa , rất hài lòg vs sản phẩm",5,2025-04-02 20:50:52,0,True,21392161853,215736678,0,0,0,0,0,93,25
37cdeac9ec43e16d1df3ab9400cf12dc0bc6dffbc066058dc70cd8b9d5336784,"Đúng với mô tả:ok Chất liệu:verry good Màu sắc:đa sắc tộc Để đánh giá quần sịp tốt, bạn có thể xem xét một số yếu tố như sau: 1. **Chất liệu**: Quần sịp được làm từ chất liệu cotton thường thoáng mát và thấm hút mồ hôi tốt, trong khi chất liệu microfiber lại bền hơn và kháng khuẩn. 2. **Độ co giãn**: Quần sịp phải có độ co giãn tốt để ôm sát cơ thể mà không gây khó chịu. 3. **Đường may**: Đường may chắc chắn, không bị tuột chỉ, và không có các đường gồ ghề gây cấn da. 4. **Thiết kế**: Phù hợp với gu thẩm mỹ và sở thích cá nhân. Một số người thích quần sịp bó sát, trong khi người khác lại ưa chuộng kiểu rộng rãi hơn.",4,2025-02-26 20:09:40,0,True,21392161853,215736678,0,0,0,0,0,623,135
77724ae1034a7594a57c6293b181d39d67c97827c9e75c6b5387aeacd62150ea,"Màu sắc:dep Chất liệu:tot Đúng với mô tả:dung Shop giao hàng đúng như mô tả. Chất lượng sản phẩm nhìn khá đẹp, chờ thời gian sử dụng, tiếp tục ủng hộ shop!",4,2026-01-02 18:29:28,1,True,21392161853,215736678,0,0,0,0,0,155,32
ada42e635adb8bc58f8c87eca184a95dd81a27b91e796a560ebb8206fb03c6ce,Đúng với mô tả:dung Màu sắc:đen Chất liệu:cotton Shop giao hàng nhanh ạ Sho đóng gói hàng cẩn thận ạ Em cảm ơn shop ạ,5,2024-05-30 12:40:58,0,True,21392161853,215736678,0,0,0,0,0,117,25
c10aff4ca486e5535cddaf679bf51e2fe5f63c93513c25b5694c96aa5e6cbd89,Đúng với mô tả:ok Chất liệu:ok Màu sắc:ok Mua cho ck nên hông có hình ảnh. Cảm quan ok nha. Quần được bỏ từng túi riêng biêt chất quần ok lắm. Giá rẻ. Sẽ quay lại ủng hộ tiếp,5,2025-05-07 05:06:55,0,True,21392161853,215736678,0,0,0,0,0,174,39
88e1f1e08ecb7653077450cd17d1499f31bb880ffe713cf855cecb81bae958a6,"quần co giãn rất oke nha mọi người, giá thành mình thấy rất phù hợp với học sinh sinh viên chất liệu mặc rất thoáng mát không bị quá ôm sát vào cơ thể mọi người nên mua nha",5,2024-01-30 00:52:38,0,True,21392161853,215736678,0,0,0,0,0,172,39
e0d34f7d275928503c11691cdaad014970985250fe0da59e551e7694dde89d3a,"Giao hàng nhanh , chất liệu rất tốt , mặc thoải mái dễ chịu , đóng gói cẩn thận, sẽ ủng hộ tiếp ạ .",5,2024-06-16 00:08:58,0,True,21392161853,215736678,0,0,0,0,0,99,25
0d913cce43719f34e06ced72830ece01dbd619ac3e0af1a9f082f37f9ca27c8a,"Hàng nhận được y hình. Chất liệu rất tốt, đường may chuẩn. Từng chiếc có túi riêng. Chưa bao giờ m nhận hàng mà hài lòng như vậy",5,2025-07-25 08:41:48,0,True,21392161853,215736678,0,0,0,0,0,128,28
d53429329f8d854a3f7d1812e73e9d94ad84ba55f2b15182ebef1e3d816a6643,"Đúng với mô tả:đúng luôn Màu sắc:miĩ màu Chất liệu:thun lạnh mát Giao hàng nhanh, hàng đẹp, đóng túi từng chiếc nhìn sang xịn mịn lắm nhé",5,2025-03-23 00:01:24,1,True,21392161853,215736678,0,0,0,0,0,137,27
e7d5a42bc28b436c8de06e311cbe7a3a236b6fd407b1465135ddcf2800c19c44,Chất liệu:thun lạnh Màu sắc:đúng màu mk chọn Shop giao hàng nhanh chóng đúng mẫu mã chất lượng tốt. Sẽ ủng hộ shop thêm nữa,5,2026-04-28 15:07:43,1,True,21392161853,215736678,0,0,0,0,0,123,25
288751f07511bbd894b6f0a63bce3431994b842147125fa4ec9e9f1afecf4888,"Chất liệu:thun lạnh Màu sắc:đa màu sắc Giao hàng nhanh , chất liệu chưa dùng , độ bền chưa biết , nhưng thấy cũng khá ổn , so với giá tiền là OK",5,2026-04-18 15:36:14,0,True,21392161853,215736678,0,0,0,0,0,144,33
68ba4ecaaa9e88bf7131075d267ee29d6b493223e39cc6ed2576183172f6ef90,"Màu sắc:tot Đúng với mô tả:tốt Chất liệu:tốt Sự kết hợp giữa nhiều chất chống oxy hóa giúp vô hiệu các gốc tự do, giảm viêm và bảo vệ da khỏi các tác nhân gây hại từ môi trường. Các chất chống oxy hóa phổ biến thường có mặt trong các sản phẩm dưỡng da bao gồm Vitamin C, Vitamin E, Vitamin B3, CoQ10,..",5,2024-11-04 10:22:28,0,True,21392161853,215736678,0,0,0,0,0,302,64
d28d2d6f4735e168905afe359ebe37a4ddce7fc73fdb0918459ac5e21a70568a,"Chất liệu:Vải thun lạnh, cotton mềm mại và co giãn rất tốt. Màu sắc:Set màu đa dạng, màu sắc chuẩn và đẹp như mô tả.",5,2026-06-25 14:47:09,0,True,21392161853,215736678,0,1,0,0,1,116,25
be206a00780f4ef79088bcbc2e2ade6b2a8107b6de3ba42f17ae58ebe439d566,Màu sắc:nhiều màu Chất liệu:cotton lạnh Đúng với mô tả:dung Quần co dãn de mặc thoải mái. Chất mat lạnh.mem mịn. Giá cả hợp lý.moi người nên mua. Mình sẽ ủng hộ shop nhiều lần hơn,5,2025-12-04 14:55:44,1,True,21392161853,215736678,0,0,0,0,0,179,36
9d1755b4186ee76077124895a1eeff06fe9430b1d10159c6e6eb33894f5b901e,Đúng với mô tả:đúng Màu sắc:tối màu Chất liệu:mềm Có hơn trăm mà chất đẹp nha nên mua nha mọi người cho shop năm sao luôn vẫn ủng hộ tiếp nha,5,2024-12-16 12:31:55,4,True,21392161853,215736678,0,0,0,0,0,141,31
fd95d95e7466ed85af468c9f638515d1eba006ae0caa35676920c77fe0e14b21,"Chất liệu:vải Màu sắc:tối Đúng với mô tả:có Mình giặt mất rồi k quay được nhưng ok lắm nha, mua theo số đo kg nặng của shop chồng mình mặc vừa in co giãn tốt và vải rất mát nha, hy vọng k dễ bục rách",5,2025-04-19 14:20:30,0,True,21392161853,215736678,0,0,0,0,0,199,46
1af1ab4370174c64d310199acf46215cc4134c7b4c811594e3d66e7387b956de,Chất liệu:vải thun lạnh. co dãn khá tốt. Màu sắc:màu sắc đa dạng chuẩn màu mô tả Bác nào bụng to lên 1 size mới okela nhé. E sẽ mua tiếp ủng hộ shop nhá.,5,2025-11-09 22:21:01,0,True,21392161853,215736678,0,0,0,0,0,153,35
8e3773e221e7a44424c0a5d214e3eed0f321ec683c8a0469fdc8eb21fc5957e1,"Đúng với mô tả:đúng Màu sắc:đen Chất liệu:thun lạnh hàng chất lượng, chất thun lạnh mát, chữ cao su non sắc nét, đẹp, giao hàng đầy đủ và khá nhanh nên mua nhé mn",5,2024-08-11 08:50:44,0,True,21392161853,215736678,0,0,0,0,0,162,34
807daa71b001645fda50c738f9842cb49f3950a066a859776fc15be735e81687,"Đúng với mô tả:đúng Màu sắc:đẹp Chất liệu:ưng Rất ưng vải dày dặn chat lieu ok hop voi moi người se quay lại ung ho shop,cho sô 5 sao",5,2024-08-27 11:00:39,0,True,21392161853,215736678,0,0,0,0,0,133,29
eb517e55582e32ca239f883c5b40bc48e02388344cb7e5b2245cd80bc9b2403e,"Đúng với mô tả:giống với mô tả Chất liệu:vải Màu sắc:đủ màu Nhận được hàng khá nhanh, quần co giản tốt. Đường may khá chắc chắn. Nói chung phù hợp với giá tiền.",5,2024-12-15 12:07:43,0,True,21392161853,215736678,0,0,0,0,0,160,33
558e54c8f02c5fc1e9a22fb3d38714be7d8ef5b3ed5f16c0d8cedc123c6f292d,"Mua cho anh trai , em trai - KHÔNG Mua cho người yêu- KHÔNG Mua cho chồng - KHÔNG Mua cho con - KHÔNG LUÔN TÔI MUA CHO MÌNH cho 1 người phụ nữ luôn gặp rắc rối vì các vấn đề về đồ lót nữ. Xin phép các bạn nam ,các anh , các chú bác đồng các em trai. Tôi phải mua đồ của phái nam để dùng vì thực sự nó quá thoải mái, không bị co kéo, không bị kẹp đích, không bị lộ hàng lại còn nâng đôi mung nhè nhẹ nữa. Hơn nữa vải thoáng khí, mát mẻ trong khi cùng tầm giá đó tôi không thể mua được món đồ công dụng đa năng đến vậy. Cái tốt nữa là khi đến kỳ mặc BVS không lo tràn , xô lệch hay bị hăm do quá chật chội. Chân thành cảm ơn ai đã sáng tác ra chiếc quần này và cảm ơn shop.",5,2026-05-07 12:45:46,0,True,21392161853,215736678,0,0,0,0,0,671,161
d1085694347c1a67da5e3259baae56485f7c6292a1a71e35cf17224d302d89c9,"Màu sắc:7 sắc cầu vồng Đúng với mô tả:Đúng Chất liệu:Kobt Co dãn tốt , mặc thoải mái nhé Quần sịp – một item tưởng chừng như nhỏ bé nhưng lại đóng vai trò cực kỳ quan trọng trong cuộc sống hàng ngày. Sau đây là một bài review chân thật về món đồ “bất ly thân” của các chàng trai. 1. Chất liệu Chất liệu là yếu tố hàng đầu khi chọn",5,2025-03-07 00:17:20,1,True,21392161853,215736678,0,0,0,0,0,330,73
bd0533f4c0d8fa6e94b3cf8c1ed3c253619c3356f98f24db52814cd88b173c5b,Màu sắc:trắng Đúng với mô tả:đúng Chất liệu:sắt Sản phẩm của mình là người lớn tuổi hơn bạn nhiều nha nhờ admin sửa hộ em bài viết của mình là người yêu công nghệ thì phải nói là không có lý do của họ thì phải nói đến chuyện này là do người nhà nạn nhân cũng đc đã bị xóa bài này với giá rẻ Mạc Thái Tổ Chim Xanh Kim Liên Chiểu,5,2025-07-23 15:51:23,0,True,21392161853,215736678,0,0,0,0,0,327,74
01f75a69b8632221772158702e7cbd151d5eb24762fd16890c5b8c2c33901245,"Chất liệu:vải Shop đóng gói và giao hàng rất nhanh, hàng nhận được đúng với mô tả và hình ảnh. Mặc cảm giác rất vừa vặn còn độ bền thì phải thử dùng một thời gian mới biết được. Nói chung là sản phẩm mua được vừa ý.",5,2025-08-22 00:56:53,1,True,21392161853,215736678,0,0,0,0,0,215,48
19bfb21d451fb0a67a6ede6eb724a02872ea60eeb58712df909a8ac93a61a16e,Đúng với mô tả:đúng Màu sắc:tối màu Chất liệu:vải Quần đẹp. Mềm mại. Chắc chắn. Đóng gói cẩn thận. Giá cả hợp lí nên mua,5,2025-02-21 10:56:23,0,True,21392161853,215736678,0,0,0,0,0,120,25
844223e3884f272e5514cc3f7f5eda957a40e5a168ae1e56ba9630d37d56ea13,"Giao hàng nhanh, chất lượng sản phẩm tuyệt vời. Nói chung là hoàn toàn hài lòng, không có gì phải bàn. Shop xứng đáng 5 sao nhé!!! Chất lượng sản phẩm: OK",5,2025-07-16 13:24:39,0,True,21392161853,215736678,0,0,0,0,0,154,32
9cf082855950c508d0cef23c82778c2ffd955a56b330f8f406151ab68e7cbc6b,"Chất liệu:thun lạnh Màu sắc:đẹp Đúng với mô tả:đúng Ôi quần sịn lắm các bác ơi, mỗi cái trong 1 túi nhỏ luôn í, xịn lắm mua đi mua đi các bác",5,2025-01-11 12:04:22,1,True,21392161853,215736678,0,0,0,0,0,141,32
aa9638cfd35df47cfbd632b81d162f0ba1c7ca582fd98d2ab90ead26c3c14235,"Đúng với mô tả:đúng mô tả Màu sắc:tối Chất liệu:vải Xin lỗi vì hình ảnh chỉ mang tính chất nhận xu Vải đẹp, vận chuyển nhanh, đóng gói cẩn thận Đáng để mua",5,2024-09-10 19:08:27,0,True,21392161853,215736678,0,0,0,1,1,155,33
3e07cb1ff9dff26969e087c1fe38545d425adb0781445f864dc52892b96abf3c,Đúng với mô tả:đúng màu mình đặt Chất liệu:vải co giãn Màu sắc:đủ màu Quần mặc thoải mái vãi có dãn đẹp đáng tiền đẹp hơn mong đợi mọi người nên mua nhé,5,2024-07-29 01:08:27,1,True,21392161853,215736678,0,0,0,0,0,152,33
d53429329f8d854a3f7d1812e73e9d94ad84ba55f2b15182ebef1e3d816a6643,"Đúng với mô tả:đúng nhé Chất liệu:thun lạnh Màu sắc:mix mau tối Giao hàng nhanh, hàng đẹp, cạp quần đẹp nhé. Lần sau lại ủng hộ tiếp nhé",5,2025-02-26 14:20:28,0,True,21392161853,215736678,0,0,0,0,0,136,28
aa7b2749f5ff6e3196216cca669349d6ef6875204dc1c9896fa7c744a32a9aa5,"Màu sắc:đủ màu Chất liệu:vải Đúng với mô tả:đúng Sản phẩm tốt. Vải co dãn. Mềm mại, mặc ko bị khó chịu. Nói chúng là phù hợp với túi tiền ạ.",5,2024-08-12 10:43:12,1,True,21392161853,215736678,0,0,0,0,0,140,31
3c4d3e7788b07c8118f21d63778347cb55d9151c78194972e0eebd2aa319ed8b,Đúng với mô tả:ddungs Màu sắc:đủ Chất liệu:tạm Mang tính chất nhận xu Quý khách đã đăng ký thành công gói 5G30: 30.000đ/3 ngày có 21GB (7GB/ngày). Gói cước gia hạn sau 3 ngày. Truy cập https://viettel.vn/kttk để kiểm tra ưu đãi. Chi tiết LH 198 (0đ). Trân trọng.,5,2025-07-26 21:57:15,0,True,21392161853,215736678,0,0,0,1,1,262,49
e1cccbb2a278628c73201404a1d4c4e4279850115df24ae14e8972d1bb2f0e35,"Đã nhận được hàng. Quần đúng size, dáng đẹp. Chất liệu mặc mùa này ok, mùa hè chắc không được thấm mồ hôi lắm. Hàng giao nhanh đặt hôm trước là hôm sau có rồi. Cho shop 5 sao nha.",5,2025-02-24 08:09:31,0,True,21392161853,215736678,0,0,0,0,0,179,40
20183eafac7c5901f2e7f85f4e5f2cb219190551a1fd0b1b0380fd615b0848f3,"Chất liệu:thun lạnh Màu sắc:đen Đúng với mô tả:đúng hàng giao nhanh , đúng, đủ , chất vải cũng ok, đường may chắc chắn, rất hài lòng .",5,2023-12-15 16:58:27,0,True,21392161853,215736678,0,0,0,0,0,134,28
0aadfcc94b7f8b91445bab955c140472223bfc110855ff0ffb1f32156b3b53c9,"Đúng với mô tả:ok Màu sắc:ok Chất liệu:ok Ngon bổ rẻ chất lượng nha mọi người. Vải co giãn, mặc thoáng và mát, vừa ôm luôn. Nchung là nên mua, chất lượng. Có dịp sẽ ủng hộ shop",5,2024-12-14 19:05:47,0,True,21392161853,215736678,0,0,0,0,0,176,38
f339734777b41e43583787c3fbc5817687bd0fb1a8c4a4aea73b3909bc5fa33d,"Màu sắc:mau xanh dương Chất liệu:chất liệu vải thoáng mát Đúng với mô tả:đúng với mô tả Giao hàng nhanh, hỗ trợ nhiệt tình",5,2024-10-29 21:45:16,1,True,21392161853,215736678,0,0,0,0,0,122,24
12403b46f049ad68efd116d7497d3f60f109c1afbc23dc07470612b1eb4e974c,"Chất liệu:thun lạnh Màu sắc:tối Đúng với mô tả:đúng K ngờ mua đc giá rẻ, quần cũng khá xịn nha, đóng riêng mỗi quần 1 túi, rất đẹp. Nên mua",5,2025-02-19 15:48:33,0,True,21392161853,215736678,0,0,0,0,0,139,30
4ed8bf021c252b4daa6d0b98657f6b1f2d6311dec2320f2fdd8a909f672cb626,Em vẫn giao nhanh đúng hàng dễ thương nhiệt tình giá phải chăng ship mo dễ thương đóng gói kỹ nên mua nha mn oi ok lắm,5,2026-06-05 14:10:16,0,True,21392161853,215736678,0,0,0,0,0,118,27
21e29f7d9165d7701a5c15947cc37fc8ff2496270593410563894cb07a606f05,Đúng với mô tả:tot Màu sắc:đẹp Chất liệu:mát mẻ Giao nhanh sản phẩm khá ổn đợi dùng thêm thời gian đánh giá và đặt tiếp,5,2024-12-15 16:59:37,1,True,21392161853,215736678,0,0,0,0,0,119,25
844223e3884f272e5514cc3f7f5eda957a40e5a168ae1e56ba9630d37d56ea13,"Đúng với mô tả:đúng Chất liệu:ok Màu sắc:ok Chất lượng khá ổn áp, mầu sắc đa dạng, kichab cỡ vừa vặn. Shop giao hàng nhanh chóng.",5,2026-01-03 17:08:22,0,True,21392161853,215736678,0,0,0,0,0,129,26
e722f46e19d003ad8d272ef5f7d631fbbbbcab4de9847ebb9bca1d7daa6ab5e7,"Đúng với mô tả:ổn Chất liệu:tot Màu sắc:dẹp Thấy cũng ổn lắm nha cả nhà , dùng cũng tạm thôi nha mọi người , hàng nào của tđaays",5,2024-08-27 11:25:05,0,True,21392161853,215736678,0,0,0,0,0,128,28
5d5d6396d12f24c17656577f229e33a8891a45e6c1848d8e1f2549ce2025c02a,"Cả một tuần vất vả với những báo cáo, deadlines, chẳng gì tuyệt vời hơn một bữa ""cải thiện"" tối Chủ Nhật. Hơn 200 món từ Á sang Âu siêu xịn, dù có chán ăn tới mấy cũng chắc chắn ít nhất chọn được món mình mê! ________________ Đăng ký thành viên - Tích điểm nhận BUFFET FREE 👉 Bấm để đăng ký ngay: [https://bit.ly/cvl-dktv] _________________ Buffet Cửu Vân Long Premium 📩 Hệ thống nhà hàng tại Thành phố Hồ Chí Minh - CS1: Tầng 4, tòa nhà Bitexco Financial Tower số 45 đường Ngô Đức Kế, phường Bến Nghé, quận 1, TP.HCM Hotline đặt bàn: 0776.988.688 _________________ Cửu Vân Long - Buffet Dimsum & Hải sản tươi sống 📩 Hệ thống nhà hàng tại Hà Nội - CS1: Tầng 6 TTTM Discovery Complex, 302 Cầu Giấy, HN - CS2: Tầng L tòa VietTower số 1 Thái Hà, Đống Đa, HN - CS3: Tầng 2 tòa Mac Plaza, số 10 Trần Phú, Hà Đông, HN Hotline đặt bàn: 0779.345.889",5,2026-04-02 11:53:22,0,True,21392161853,215736678,0,0,0,0,0,841,169
3050c7d1c84ba68f1af8822efbd9ab00d87e9065c58a08fdf14e2ce20becdcfe,"Chất liệu:thun co giãn, sản phẩm tốt, chất lượng Đúng với mô tả:xịn, xài tốt Màu sắc:đẹp, đa dạng Đúng là sản phẩm chất lượng cao, có đủ size, đáng mua",5,2025-08-01 00:13:21,0,True,21392161853,215736678,0,0,0,0,0,151,31
fb6864c6aed17b0b8984faee559cd49b435f5ca4c086884b7cbdb07add37114b,Chất liệu:o Đúng với mô tả:ok Màu sắc:ok Hàng ok nha mn giao nhanh giá rẻ nè Chồng rất iu đánh giá nhận xu,5,2024-07-21 16:37:37,1,True,21392161853,215736678,0,0,0,1,1,106,24
44d42c6bba18d6665247791a60bd8d926b82950742eeb846a4b6a2f50f2cc224,"Chất liệu:vải thun lạnh, thoáng khí Màu sắc:set tối màu Giao hành nhanh, đóng gói đón giản, có túi zip nhìn gọn gàng sạch sẽ.",5,2026-05-05 05:00:41,1,True,21392161853,215736678,0,0,0,0,0,125,25
9cf2234a3fe92881c3cd3144f992466ddda03ad988f16a6041b44238794b3de9,"Màu sắc:màu tối Chất liệu:mềm mát Đúng với mô tả:đúbg mô tả [TB] Bộ Công an cảnh báo: Xuất hiện tình trạng tội phạm lợi dụng các hình ảnh, video của người dân được công khai trên không gian mạng để chỉnh sửa, cắt, ghép tạo nội dung nhạy cảm nhằm đe doạ, tống tiền. Khuyến cáo người dân: Cảnh giác khi nhận được các tin nhắn, cuộc gọi có nội dung như trên; Không chuyển tiền khi bị đe dọa; Khi phát hiện dấu hiệu bị lừa đảo, cưỡng đoạt tài sản cần nhanh chóng trình báo Cơ quan Công an nơi gần nhất và phản ánh qua ứng dụng VNeID.",5,2025-04-12 11:57:36,0,True,21392161853,215736678,0,0,0,0,0,529,112
df856b5535831585e64c63b46de05672bcf16468b2a23c060d94c658bd7fba0e,"Đóng gói cẩn thận, có che tên hàng đàng hoàng , bao mỏng dùng khá là phê, cảm giác như trước mua Durex đúng là phí tiền thật. Loại này vừa rẻ vừa thích mà ko biết sớm hơn 😂",5,2022-11-01 18:30:17,5,True,9389530410,345248715,0,0,0,0,0,172,40
b28ac95d84a152b12c86c191c052f9a614b40b4e62cf1b2502af513dd43b5827,"Shop hàng rất nhanh,đóng gói rất kỹ và tinh tế shipper hoặc ai đó nhận hàng cũng không biết nhạy cảm và dù bị shipper làm móp méo hộp nhưng sản phẩm có khay đựn chắc chắn không bị ảnh hưởng,giá rất phải chăng Còn chất lượng thì tốt,chưa có con 👌👌",5,2022-08-29 18:26:12,4,True,9389530410,345248715,0,0,0,0,0,246,52
e0b17579f08dae984a3ac94e10fce73471e3e15a8a4a1841aaf47762cbe38e7f,"Loại đen có mẩu mới 2022, loại này sài cực thích 0.01mm mình mua ở đây mấy hộp rồi. K bị bay mùi cao su, k dính cao su vào ấy :))) chất bôi trơn dạng nước dể rửa :)))",5,2022-04-19 11:19:54,4,True,9389530410,345248715,0,0,0,0,0,166,40
3e8110ac3093487f1f6acc73d722bcfac0537a73139d1d96a9cbd7ab6ba84b9e,"Công dụng:tránh tide Mỏng, khó rách, t thử test r thấy dai. Cũng thấy rất mỏng, gel nhiều, mùi ôkay, chưa biết hiệu quả ra sao nhưng ấn tượng với dịch vụ chăm sóc khách hàng, tui khá là thích.",5,2024-11-14 21:45:21,4,True,9389530410,345248715,0,0,0,0,0,192,40
885bc4e42d17ff05cf55e01da37d0581e896a09b4c04b7586fe6033e446ff856,"Công dụng:Sử dụng rất hài lòng Lần đầu mua hãng này và mua bên shop, mà đọc đánh giá k thấy ai post ảnh spham nên cũng hơi rén phải mở ra kiểm tra trước không tránh lúc dùng mất hứng =)) nhưng thấy rất chất lượng luôn, thơm mùi vani, nhiều gel bôi trơn và bao mỏng sử dụng hơn hẳn hãng d. Sẽ còn ủng hộ thêm nhiều sản phẩm bên sh",5,2022-05-27 23:06:40,3,True,9389530410,345248715,0,0,0,0,0,329,74
3233f17448b71f722b656d4fe4d63270c10b101b9d0cfac50d431eef5c7cde74,"Shop giao hàng nhanh, đóng gói chắc chắn, đẹp. Có che tên sản phẩm thành “đồ gia dụng thông minh”. Nhờ người khác nhận hàng hộ cũng k ngại. Sp dùng tốt, ok. Date dài.",5,2023-05-01 22:45:59,3,True,9389530410,345248715,0,0,0,0,0,166,35
1234428988434320895b4205c81774f5e279d35a8804027bd434cfaa6d5b38d6,"Điểm cộng đầu tiên của shop là có lá thư quá là tinh tế và đáng yêu luôn. Tiếp theo cũng k chê được điểm nào nữa, hàng giao đúng và đủ mẫu. Giao hàng nhanh, chuẩn và đủ số lượng. Lần đầu tiên mua hàng của shop sau khi xem nhiều đánh giá 5 sao thì đúng là shop xứng đáng 5 sao thật. Nếu có thể đánh giá 10 sao 20 sao thì cũng tặng shop luôn",5,2023-12-15 22:46:31,3,True,9389530410,345248715,0,0,0,0,0,339,79
f7cc38e24dcb48209cdfd09c12f66dd06bcafaf63784d125365793c0996f030e,"Mua lần thứ hai dùng thích lắm ạ.rất lười đánh giá nhưng vì bức thư viết tay cho thấy sự tận tâm và chuyên nghiệp của shop,mình rất hài lòng và sẽ quay trở lại ủng hộ.Chất lượng thì ko còn gì phải bàn cãi ,bao bì xịn xò lắm. điểm 10 cho tất cả 🥰 Chưa bjo mua hàng mà ưng như thế này",5,2023-10-28 15:18:13,3,True,9389530410,345248715,0,0,0,0,0,282,65
bf33496eec17cebef8c4ce68df691e6c6f72ffdb3018355dc4ee3b0568e55f8e,"Công dụng:Phong tranh nhung su co ngoai y muon :))) Tốt, dễ bóc, shop giao hàng nhanh, đóng gói cẩn thận. Nói chung là tốt. Mình đã mua nhiều lần ở shop này rồi.",5,2023-11-11 22:41:44,1,True,9389530410,345248715,0,0,0,0,0,161,34
a6229ca8f3a2e4a1083214830e8e737baddbd9b32ada951f0720b78b648e63a1,"-Shop Giao hàng nhanh đóng gói cẩn thận ,Tuy là sản phẩm nhạy cảm nhưng Shop đã viết thư chăm sóc tư vấn KH nhiệt tình chu đáo , -Mẫu mã sản phẩm đẹp , Chất lượng vượt xa tầm giá ! - Chúc Shop luôn thành công & Thanks ...",5,2023-10-14 22:00:26,5,True,9389530410,345248715,0,0,0,0,0,221,51
c8ea440a4cc3f8435b07646934e84828f42881b84958519576fa975c56f8a452,Công dụng:tránh thai Shop thân thiện tư vấn nhiệt tình lắm. Sau khi dùng sản phẩm thì mk thấy tuyệt vời . ( dùng như k dùng ) Sẽ mua ủng hộ típ👌,5,2023-10-17 19:38:44,5,True,9389530410,345248715,0,0,0,0,0,144,33
c02f95c85a403dfbf601fa7fa3394b75e9c1c9047c73f835353a515d2c631658,Shop giao hàng siêu nhanh. che tên kín đáo. khâu Đóng gói cực kì đẹp.shop rep tin nhắn hỗ trợ nhanh. Có kèm giấy thơm nên Mở hộp hàng ra là thấy mùi thơm rồi. Shop còn tự viết thiệp cảm ơn nữa. Mình sẽ ủng hộ shop lâu dài,5,2022-05-19 14:25:05,5,True,9389530410,345248715,0,1,0,0,1,221,50
155807f6d1c518ff7b4c015cb39b952affa89d60c06bd126f6dcb0987e48b007,"Công dụng:bao cao su Bao siêu mỏng, nhiều gel, mình dùng loại này nhiều rồi. Mê. Nên dùng thử nha mn ơi hehe. Shop giao hàng nhanh, 5 sao ạ.",5,2022-12-01 21:49:48,3,True,9389530410,345248715,0,0,0,0,0,140,30
8ffc85b891de31e24f860e23a6200f66027a4180d868d136115782354440d6b3,"Đúng mẫu mã hình ảnh sản phẩm Đóng gói chắc chắn bảo đảm Chất lượng tốt, date còn xa, tem sản phẩm đầy đủ uy tín đúng qc ae tự tin mua hàng nhé Ủng hộ shop 5* sẽ mua tiếp 🤩🤩",5,2023-03-28 08:44:33,3,True,9389530410,345248715,0,0,0,0,0,173,42
418ff59fc744781611fcc49b5ef6b246335660301409bf91aabfcad564640433,Công dụng:bôi trơn Hộp 10c đóng gói rất xịn sò. Loại này siêu mỏng cực. Mùi vani thơm nhẹ. Ship từ HN vào HCM chưa đến 1 tuần là đã nhận được hàng.,5,2023-11-20 21:34:56,3,True,9389530410,345248715,0,0,0,0,0,147,33
2815007ab53e31c4472b9b28b4307166e287b06cb664acc91d2232cd02619e61,"Đã mua lại lần 2. Giá rẻ dùng thích hơn cả durex úc. Shop đóng gói cẩn thận, chu đáo che tên và viết thiệp tay cảm ơn. Sẽ ủng hộ tiếp",5,2023-10-25 15:09:43,1,True,9389530410,345248715,0,0,0,0,0,133,32
574987e3688251902ca0a67dff3979be6c6bce4711773eb59fdc82e69de53623,"Công dụng:Rất Ok la Lần đầu tiên thấy sop đáng iu zậy chèn🤎 Bcs siu mỏng, mùi hương dễ chịu ko hăng nồng như những loại trc vch nhà mình dùng nhà Điểm cộng giao hàng nhanh, mẫu mã đẹp, chất lượng, thông điệp rất hay Lần sau mình sẽ ủng hộ shop và gthieu cho bạn mk vào giỏ hàng shop mua nha Thanks!!!",5,2025-12-11 12:27:55,3,True,9389530410,345248715,0,0,0,0,0,300,65
dab417b96111449e23c1ad685019b65ea8a31f5cd93ab86bc6800d7ae6a53e50,"Công dụng:rất nhiều chất trơn Hàng chất lượng so với giá tiền, đúng như ảnh chụp đóng gói chắc chắn, giao hàng nhanh. Cho năm sao, có gì lại mua tiếp ủng hộ shop.",5,2023-01-04 17:43:06,4,True,9389530410,345248715,0,0,0,0,0,162,34
c1e60b0a82e943241568de1b25d2b50a756868dccdb88ab92e521c1687851968,"Công dụng:phòng bệnh xã hội và tránh thai Shop bao cao su uy tín nhất Hà Nội Giá rẻ, dịch vụ CSKH chu đáo Bao tuy rẻ nhưng chất lượng không hề rẻ Bao sử dụng tốt, không dễ bị rách Bao mỏng, đeo bao với trần thì chả khác nhau là mấy. Cảm giác y hệt nhau Những loại bao khác không đem lại cảm giác được như loại bao này, 100 đỉm cho shop",5,2023-10-15 15:57:51,1,True,9389530410,345248715,0,0,0,0,0,335,76
6849d908522224b4ba5358bfd9ae7769f08563d92ffe10c3e12733aca9a466a2,"Độ mỏng:good Gel bôi trơn:good Giao hàng nhanh , mua đc giá sale rất tốt, ngoại quan đẹp , đã mua rất nhiều lần, chất lượng tốt , giá cả hợp lý",5,2026-06-08 14:03:32,1,True,9389530410,345248715,0,0,0,0,0,143,32
80fdc2a8e78a306d35efab69251821c4a28200d213430c78b4c960cbae6eb265,"Shop đóng gói cẩn thận, giao hàng nhanh chóng, có che tên sản phẩm nha mn. Có thư gửi kèm rất chu đáo. Giá thành hợp lý, nên mua ạ",5,2023-09-04 16:49:50,1,True,9389530410,345248715,0,0,0,0,0,130,30
db84b676951130e35a953f69ba7589487128e2eb0e7595ff362e37db2f0a451d,"Sản phẩm dùng rất ổn, chất lượng đúng như mô tả. Màu sắc đẹp, chất liệu tốt và cảm giác cầm rất chắc tay. Giá thành hợp lý so với công dụng. Giao hàng nhanh, đóng gói cẩn thận. Nói chung rất hài lòng và sẽ tiếp tục ủng hộ.",5,2026-01-29 16:02:51,1,True,9389530410,345248715,0,0,0,0,0,222,50
8e7eeb5378c311358af3f82ba19a8b5f910ad245b6a4cee33c9d33d0af1ef2ac,"Công dụng:biện pháp an toàn khi quan hệ - Shop đóng gói cẩn thận, che tên rất tâm lý, có kèm thư và bí kíp rất dễ thương. Vừa mở hộp đã ngửi thấy mùi vô cùng thơm luôn. - Shipper tận tình, giao hàng nhanh, cẩn thận, sản phẩm không hề bị móp méo. - Hoàn toàn hài lòng với sản phẩm của shop và dịch vụ vận chuyển ạ.",5,2022-09-16 12:39:24,3,True,9389530410,345248715,0,0,0,0,0,313,71
0f968f57aaa95eba5256c7d9e2a5e976ae1e9622cbf85de7744b679f863f1f2f,Công dụng:bảo vệ sức khỏe Sản phẩm dùng tốt Chất bôi trơn đi kèm đủ dùng Size chuẩn Hạn sử dụng dài Nói chung là sài qua 3 4 loại jo thấy loại này là phù hợp nhất. Card viết tay là in nhé nhưng vẫn thể hiện sự chu đáo shop muốn gửi gắm 🤪,5,2024-09-11 08:44:45,2,True,9389530410,345248715,0,0,0,0,0,237,56
28d2bf612e9e1cd40f6bf38ab57613aadff6a88173aa3d283ada85b14f227c81,"Dùng tốt, nhiều chất bôi trơn, còn đc tặng thêm quyển bí kíp siêu cute viết rất chi tiết :> shop nhắn tin trả lời nhiệt tình",5,2021-12-01 22:34:40,1,True,9389530410,345248715,0,0,0,0,0,124,27
bd3a7e35d1cfe7e929e3ce19fc888ae705a40d3e11f67dcfa5ea16cabe71ca9b,"Sp dùng ok ạ. Đóng gói nhanh và chắc chắn. Giao hàng nhanh như tên bay Còn gel đc tặng thì vẫn chưa dùng đến, nên k biết có oke k",5,2024-07-09 00:35:12,5,True,9389530410,345248715,0,0,0,0,0,129,31
792274f11d39d4dcc1453345b40b1b9be86910751312935863e86770ab0b1434,Giao hàng nhanh . Đóng gói cẩn thận sp rất đẹp lại còn có thư cảm ơn chữ rất đẹp nhiệt tình em ship hàng duyên dáng hộp rất đẹp cho shop 5* hết lại ủng hộ shop tiếp,5,2023-11-09 14:59:41,5,True,9389530410,345248715,0,0,0,0,0,164,39
2731599a7ef9d957cf33d7a2ecf0e506198638a5e34aacb4aa603423e5be128d,"Hàng sử dụng tốt, đảm bảo kéo dài thời gian, mỏng tạo cảm giác chân thật, mỏng hơn loại durex nhưng hiệu quả tương tự, hài lòng",5,2025-06-11 19:34:51,1,True,9389530410,345248715,0,0,0,0,0,127,27
e0652940a9ecdd353746b31c707a246ab664b781d1294b4497939387f755948e,"Công dụng:tránh bệnh td Sản phẩm mẫu mã đẹp. Mùi thơm. Rất nhiều gel. Chời ơi lần đầu dùng mà mình rất ưng. À không, ý là chồng mình gất ưng vì đúng là kéo dài thời gian được luôn nè. Giá thì yêu thương nữa. Sao mình không biết tới sản phẩm bcs này sớm hơn nhỉ. Còn có tâm thư cảm ơn được shop viết tay nữa. Chữ đẹp ghê ha. Nói chung sản phẩm vô vô cùng ưng luôn. Yêu shop thế chứ nị 😘😘😘😘 giá mà có 10 sao mình cũng tặng shop 10 sao luôn á",5,2025-09-09 20:28:05,1,True,9389530410,345248715,0,0,0,0,0,439,101
8229009a855e455dc15e4fe3e252e1b4fedca33f28670b9b154c2eff659697c3,"Công dụng:áo mưa siêu trơn😂 Shop đóng hộp giấy kèm thư cảm ơn, bí kíp 18+, giấy thơm thơm lắm luôn, ưng lắm nè, bao dùng trơn và chân thật lắm nhé tớ quất 2 hộp luôn😂chưa có ý định đổi sang loại khác vì loại này bao đựng hộp siêu tiện, shop tư vấn size và sp nhiệt tình😳sáng tháng ủng hộ shop tiếp❤️",5,2022-09-10 22:53:50,1,True,9389530410,345248715,0,0,0,0,0,299,65
ad175b9d2250b20e12088d404e5b1dd29be036903b2beb750e0ec04667f1bd58,"Công dụng:chưa dùng nên chưa biết nhưng điểm 10 cho việc che tên, đóng gói đẹp, hàng như hình và có thiệp nhỏ xinh xinh, chưa dùng nên chưa biết chất lượng. sẽ ủng hộ tiếp",5,2022-08-26 08:22:24,3,True,9389530410,345248715,0,0,0,0,0,171,36
13e46ab30f6071f196d1182f8f2ec29dc8b12e6edf7e3e24da5521d5a52566bf,"Shop cẩn thận và chu đáo, rep tn cũng nhanh nữa, mong trong thời gian sdung ko xảy ra sự cố gì cả. Thư cám ơn dc viết bằng tay, rất có tâm và cảm giác khách hàng được tôn trọng hơn rất nhiều 💯💯",5,2023-12-17 22:53:03,3,True,9389530410,345248715,0,0,0,0,0,193,45
a78023938d8c004d0b1abaa1925159d7f68a4201e52413bc85a7b70bf1a1a587,"Công dụng:tránh tide Uầyyy, lần đầu mua hàng mà shop làm t bất ngờ thực sự. Tất cả đầy đủ, đẹp.chất lượng thì tối nay t ms test ))) nhưng mà nhìn thật sự đẹp, thật sự chất lượng. Cảm ơn shop. Chắc chắn mình sẽ quay lại",5,2022-08-11 16:51:22,4,True,9389530410,345248715,0,0,0,0,0,218,48
d204311c82a4b6c2d71211ea085ab1394d1be04365928a62730784eefec40ada,Shop giao hàng rất nhanh có che tên và đóng gói kỹ lưỡng. giá cả cũng hợp lý nữa mình mua trên 300 thì được tặng một cái túi màu đỏ cũng khá xinh. chất gel thì mình thấy mùi the mát,5,2022-04-19 10:13:09,1,True,9389530410,345248715,0,0,0,0,0,181,42
f31d07c0862e569cbd78b42947c712e6f3bfefca3fdd2f02e16a31656794c0ed,shop chu đáo khi đã che tên sp 10₫ có giấy thơm + thư c.ơn đc viết bằng tay có cả sách hướng dẫn sd nữa ❤️ lần đầu mua ở shop thấy vậy rất hài hòng lần sau sẽ quay lại 🥰,5,2022-06-19 13:49:57,3,True,9389530410,345248715,0,0,0,0,0,169,43
3ee371e399ac21fac22db3554f2dd3d892e84f96f877523c816833709d8ba347,Sản phẩm ok chất lượng sử dụng tốt máy móc giao hàng nhanh đóng gói kỹ càng có lời chúc khi giao hàng sẽ ủng hộ thêm,5,2022-09-12 09:40:59,1,True,9389530410,345248715,0,0,0,0,0,116,27
2ebb07b72a9d13f32f82a08855e2ea4e49c57709e19c5e2b4219f6d754e29ab1,Chưa dùng nhưng đóng gói tốt . Kèm thiệp rất kute . Mở ra có 1 mùi thơm nhẹ( mùi của thiệp ) . Dùng thử sẽ review sau!!!!!!!,5,2023-03-08 16:08:32,1,True,9389530410,345248715,0,0,0,0,0,124,29
b50de83ae8260d513080e80c195b519238ecd14f6ea94a220098da23764fc577,"Công dụng:tránh thai Shop chuẩn bị hàng và giao hàng nhanh, đóng gói hàng cẩn thận và giao hàng đúng, đủ sản phẩm đã đặt. Chất lượng sản phẩm phù hợp với giá. Mình mua của hãng này đến cả chục lần rồi, từ bút gel đến bao cao su. Chưa sản phẩm nào làm mình không ưng ý cả, rất recommend mọi người nên mua nhé",5,2025-06-21 22:38:32,5,True,9389530410,345248715,0,0,0,0,0,307,67
215f0a1b0874908237b59fe1f9279352e68d846c80c260628391e5d859b4113c,Công dụng:tránh thai Giao hàng nhanh đóng gói cẩn thận .shop che tên sản phẩm giúp người nhận hàng đỡ bị ngại. Giá cả hợp lý . Sản phẩm đóng gói trong hộp rất cẩn thận tránh móp méo bao. Bao ôm sát không bị tuột. Nói chung rất ok . Mọi người nên trải nghiệm,5,2025-02-05 21:23:51,2,True,9389530410,345248715,0,0,0,0,0,257,56
104acfc04b8b50f39cd85a0101e2233aa2630dd00e3fc76f2dac5046a5557316,"Công dụng:nhiều công dụng Giao nhanh, đóng gói ổn. Lại còn có thư viết tay. Tạm đánh giá 5 sao. Sử dụng s3x đánh giá tiếp",5,2023-08-03 17:59:13,3,True,9389530410,345248715,0,0,0,0,0,121,26
123511b9912cfad881e69301b9da0600d7bba26af944067a82e0bef8a858de0d,Công dụng:aN toàn Nhận hàng shop có che tên “Thiết bị nhà thông minh” mở ra thì rất thơm ❤️❤️ shop khá tinh tế .mh chưa sd nhưng rất hài lòng về mặt hình thức r nha❤️❤️❤️,5,2022-07-09 12:53:58,4,True,9389530410,345248715,0,0,0,0,0,170,37
efd43f9733c68a976c4706bd5bf6419fe46327271c4f6d9da03e8243e94b45fc,"Độ mỏng:bao mỏng, dùng có cảm giác rất chân thật, mùi vani thơm Gel bôi trơn:gel bôi trơn dễ rửa, không gây mùi khó chịu mình đã mua 3 lần ở shop, bao và gel bôi trơn dùng rất ok, ko bị kích ứng. dùng như ko dùng. rất đáng mua",5,2026-04-01 23:44:06,1,True,9389530410,345248715,0,0,0,0,0,226,51
242f9fa7e3bf97a8a563f4fbec21b206a03a6bc0b54c96efe0146057e4f2c957,Giao hàng nhanh thật có 1 ngày là tới. đóng gói cẩn thận và rất kín đáo.chất lượng rất ok. Đặc biệt shop tư vấn nhiệt tình . Mọi người nên thử . Mỏng như ko dùng vậy 😅😅😅,5,2023-01-03 10:42:07,4,True,9389530410,345248715,0,0,0,0,0,169,39
ae168e58e4c51194bd88376c26b351db2d480eaf2437ca4e21b0844cf3690606,Giao hàng tương đối k nhanh k chậm Đóng gói ok Có che tên sản phẩm cho khách 👍 Shop còn để thêm cho khách 1 cuốn bí kíp =))))) Khá thú vị =))))),5,2021-12-21 16:27:17,2,True,9389530410,345248715,0,0,0,0,0,144,34
a1263bdf36f6c54fd29b145a6ecd75746b9c81956bc57ce7ac901171449b08b2,"* Sản phẩm tuyệt vời, đúng với mô tả. Giao hàng nhanh chóng, shipper thân thiện dễ mến * Đóng gói cẩn thận, có thể thấy tâm huyết của người bán. Hộp không bị móp méo, vận chuyển rất tốt. * Thời gian giao hàng nhanh chóng, tôi không phải chờ đợi quá lâu để nhận sản phẩm.",5,2025-11-13 17:42:24,1,True,9389530410,345248715,0,1,0,0,1,270,58
bd3d30238e79d95b6ac62d9c8419e319b7122dba24cd5a43ed11b678901af5b3,"Công dụng:ok Sản phẩm tuyệt vời, đúng với mô tả. Giao hàng nhanh chóng, shipper thân thiện dễ mến .Đóng gói cẩn thận, có thể thấy tâm huyết của người bán. Hộp không bị móp méo, vận chuyển rất tốt. Thời gian giao hàng nhanh chóng, tôi không phải chờ đợi quá lâu để nhận sản phẩm.",5,2025-09-03 22:44:03,1,True,9389530410,345248715,0,1,0,0,1,278,57
e4424aa37da1d29e809d459beb636c7a0ed9791ffc87ab4dca48593ced01d2d4,"Công dụng:sua chua moi sai lam Hãng này dùng ok lắm nha, ngon bổ rẻ, chồng mình cx bảo ok, shop tinh tế lắm, che tên sản phẩm cx đỡ ngại, rate 10/10 nha",5,2023-02-04 23:31:13,5,True,9389530410,345248715,0,0,0,0,0,152,34
8bd75b72122328148a3a2ef6610903f82a97ff43a94392fc171ed440147785a3,"hộp đóng gói cẩn thận tỉ mỉ, chỉnh chu bên trong k bị móp còn có cả thư tay cảm ơn về chất lượng thì mình chưa dùng bgio nhưng mà giao diện sản phẩm khá ok. Dùng tốt sẽ ủng hộ shop tiếp",5,2022-09-20 19:54:58,1,True,9389530410,345248715,0,0,0,0,0,185,44
792274f11d39d4dcc1453345b40b1b9be86910751312935863e86770ab0b1434,"Công dụng:Rất tốt Nói về bcs hãng này thì rất chi là tốt và uy tín ròi nhe, mình xài rất ưng, dễ đeo, rất chỉnh chu và chất lượng, đặc biệt là shop có viết thư tay và trên hộp bcs có hướng dẫn cách đeo. Thật sự phải nói shop rất chu đáo và tỉ mỉ.",5,2025-05-03 15:04:08,3,True,9389530410,345248715,0,0,0,0,0,246,58
b373ed79a42d63278f6dac20eb5557619c6399f7eef2ea8ad147989f7891118e,"Bao bì rất được luôn tên nhãn in nổi rõ ràng . Còn chất lượng sản phẩm thì cực tốt Chủ Shop rep ib siêu cưng chăm sóc khách hàng rất tốt , Nên Mua Để Trải Nghiệm Thử Đi Ạ",5,2022-05-08 12:06:37,4,True,9389530410,345248715,0,0,0,0,0,170,41
d6de50753213ad2902e9d653d1c15fbe85f536db1c98a6bfb40d81126a868574,"Công dụng:bôi trơn Shop chuẩn bị hàng và giao hàng nhanh, đóng gói cẩn thận, chắc chắn, chất lượng gel mẫu này khá ổn, hàng tặng kèm nhưng vẫn rất Ok",5,2025-10-20 02:01:38,2,True,9389530410,345248715,0,0,0,0,0,149,31
0044074b22794f3bae51ed32efe0845478750831764a91f5ee4a478e009df399,"Công dụng:Phòng tránh thai và ... 5 sao luôn, không cần suy nghĩ nhiều. Đã mua lần 2 lần 3 rồi. Lần trước còn áy náy vì đánh giá 4 sao, lúc sửa lỗi chính tả lại quên không sửa lên 5 sao, ngại quá. Nhìn Thư cảm ơn viết tay đã thấy nhiệt tình rồi. Giá hợp túi tiền như này mà chất lượng quá ổn, loại có gai (chấm nhỏ) quá thích. Tội gì mua hàng mấy trăm nghìn làm gì.",5,2023-10-12 16:06:24,2,True,9389530410,345248715,0,0,0,0,0,365,83
b8c08370d3674fa965e562623fd5c8aecbe18b51c817ca0c615dfbde161a4d68,"Công dụng:tot Dịch vụ giao hàng nhanh như chớp, sản phẩm chất lượng tốt, giá thành hợp lý so với thị trường. Giá cả ổn áp, chất lượng sản phẩm quá ấn tượng. Ước biết đến sốp này sớm hơn! Mua hàng được nhân viên shop hỗ trợ tới tận chân răng luôn, giao hàng thì đúng hẹn. Cực ưng ý! Sản phẩm đáp ứng sự mong đợi, đóng gói chắc chắn, giao hàng nhanh như tên lửa. Đã mua nhiều lần và vẫn hài lòng như ngày đầu tiên. Sản phẩm chất lượng, giá cả phải chăng nhé mọi người",5,2024-11-26 07:09:33,2,True,9389530410,345248715,0,0,0,0,0,465,101
3878ce297d235ff20d1ffa9708f2e973648a4bd87005174529e66f47a594ad5b,"Công dụng:tranh thai Shop ship hàng nhanh lắm, có che tên tế nhị, có quà tặng và thư cảm ơn, sp dùng rất thơm nhé! Hy vọng hiệu quả 100% ko có lỗi lầm gì! 🤣🤣🤣 5 sao ko có nhưng",5,2023-09-28 22:02:27,2,True,9389530410,345248715,0,0,0,0,0,176,41
be8c7bf5026165c3f56d5d683be0331cc487420195658c93184d0162472344b1,"Wow wow, bảng mắt siêu xinh, nhìn mê cực luôn mà giá lại còn rẻ. Đánh thử màu nhũ vàng lên mắt lấp lánh, xinh xỉu. Recommend sản phẩm vô cùng ưng nên mua mọi người nha. 5 sao cho sản phẩm, thời gian giao hàng lại còn siêu nhanh.",5,2024-06-13 07:37:18,1,True,9389530410,345248715,0,0,0,0,0,228,50
c255f1999196509eeeca958810dd635c47a87a6c838504541e3f09a0bdced883,"Sản phẩm đóng gói kĩ càng, mẫu mã đẹp, chất lượng chưa kiểm chứng những vẫn cho shop 5 sao. Có lời thư cảm ơn rất hay.",5,2022-08-12 16:47:52,5,True,9389530410,345248715,0,0,0,0,0,118,27
a91f7e172dd6f81268ae4a6f1bad4a5b75f57e209a96944e148f9b9253a9dcc5,"Công dụng:BCS Shop giao hàng rất nhanh, đóng gói che tên cẩn thận, còn có thêm thư cảm ơn kèm thêm ""Bí kíp"". Chất lượng chưa biết thế nào! để thử rồi đánh giá sau 😁❤ nói chung là OK",5,2022-08-25 12:38:46,1,True,9389530410,345248715,0,0,0,0,0,181,40
dab417b96111449e23c1ad685019b65ea8a31f5cd93ab86bc6800d7ae6a53e50,"Đóng gói hàng chắc chắn, giao hàng nhanh. Hình thức khi nhận trông cũng đẹp, giống hình ảnh trên shop. Chất lượng thì đã dùng nhiều lần nên rất hài lòng. Đánh giá năm sao",5,2025-01-24 12:23:34,3,True,9389530410,345248715,0,1,0,0,1,170,35
92d0a9e968825d8f382644f62f01be504caa009bb92917aa1702044bb29842f4,"10 điểm cho sự tinh tế của sho lhi mở hàng ra mùi thơm từ giấy thơm nhé, đây là lần mua thứ 2 rồi vẫn chưa thất vọng, sẽ ủng hộ dài",5,2022-12-21 15:01:11,2,True,9389530410,345248715,0,0,0,0,0,131,33
408492f1b75fea2f244d66e87b6bc150662a1c696bd905d3b30fdb823ea74bb0,"Lần đầu tiên mua sp nên ko b iết ntn săn sale nên được giá rẻ nếu OK sẽ tiếp tục ủng hộ. Shop tâm lý che tên sp nên mình đỡ ngại, CSKH nhiệt tình còn tặng kèm thư cảm ơn nói chung là 10đ tuyệt vời 😊",5,2022-08-03 09:45:46,4,True,9389530410,345248715,0,0,0,0,0,198,49
1aee8d0854feaabb2960a74b90d5e4d1f6043560b48714e809b1376d29800c8b,"Công dụng:chưa dùng nên chưa biết có mỏng như quảng cáo hay không Về nguyên liệu, bao cao su Feelex được làm từ mủ cao su nguyên chất, thiên nhiên và lành tính, không gây kích ứng cho da hay bất kỳ tác động nào đến sức khỏe. Bên cạnh đó, nguyên liệu này cũng giúp cho bao cao su có độ dẻo dai, mỏng nhẹ, khả năng chịu ma sát cao để đảm bảo độ chân thật",5,2023-08-25 14:08:22,2,True,9389530410,345248715,0,0,0,0,0,352,78
81359fa8e3a6924c6ae1b36cbd85f2883a388178ce487d6c577c70f43c19039d,"Shop đóng gói cẩn thận, có che tên sp, có thư cảm ơn viết tay và cuốn bí kíp nhỏ khá thú vị. Dịch vụ chăm sóc kháh hàng 10đ 💯💯💯",5,2022-07-29 22:40:09,4,True,9389530410,345248715,0,0,0,0,0,127,31
4d08a37fee31643df29e3061ab09784a3acab447b4d01a7b9937a50b6ac2145a,"Sản phẩm được đóng gói kĩ càng, cẩn thận, tránh va đập, chất lượng dịch vụ tốt, shop thân thiện, sản phẩm khá đẹp và đúng mô tả, chất lượng ban đầu thấy khá ổn phải dùng thêm thời gian mới đánh giá thêm được, có dịp sẽ tiếp tục ủng hộ shop. Che tên sản phẩm đầy đủ nha, săn live giá khá tốt đúng mô tả",5,2024-03-05 19:01:32,5,True,9389530410,345248715,0,0,0,0,0,301,68
079988798904b893ebe0ad108fad45d275c9c27cf87c0b1cd20e05b6666e9122,"Hàng đóng gói kĩ càng, có sách bí kíp đọc khá là vui, sản phẩm chất lượng rất tốt so với tầm giá, sẽ ủng hộ nữa .",5,2021-12-07 10:40:24,1,True,9389530410,345248715,0,0,0,0,0,113,28
8ffc85b891de31e24f860e23a6200f66027a4180d868d136115782354440d6b3,"Shop giao đúng mẫu đủ sl, có gai có gân mà êm k đau rát nhiều gel mà lại mỏng như k, che tên tinh tế đóng gói chăm sóc rất chỉnh chu, ship nhanh uy tín.",5,2025-01-07 08:49:45,3,True,9389530410,345248715,0,0,0,0,0,152,37
6c5e12c0d2e19bb620f9fb77bbcf7e1688448a267c4671532dc123e46a5b84d9,"Shop uy tín , rất rất dễ thương luôn ah . Chê tên sp rất tinh tế , khui kiện ra nhận dc 1 thư cảm ơn viết rất chu đáo . Tặng kèm thêm quà cực kì chất lượng . Vote shop 5 sao cho dịch vụ take care KH rất chỉnh chu . Còn về sp mình sẽ sử dụng và thêm đánh giá sau . Sẽ ủng hộ shop dài ah❤️❤️❤️",5,2022-09-08 09:36:14,3,True,9389530410,345248715,0,0,0,0,0,291,74
891fb7f0a412b867cfc839ba006d02b0ce1df447042ea0e9919b89f83e2fb78a,"Sản phẩm đóng gói cẩn thận, có che tên bằng cách ghi tên là Thiết bị nhà thông minh nên k ngại khi nhận hàng. 1h có 10 chiếc, dùng oki",5,2023-06-12 09:25:37,1,True,9389530410,345248715,0,0,0,0,0,134,31
8ffd9281e371749d6ed508a142d34e095743428698ad72d34fe526cee0e3dc4e,"Sản phẩm đẹp, không móp méo, nguyên seal nguyên kiện, có team chống giả mặc dù có hay không mình cũng vẫn mù. Hộp đóng gói đẹp, che tên tinh tế. Và bằng thế lực nào đấy hết tiền ăn nhưng vẫn đặt vì tò mò. Vậy là xong bước chuẩn bị, Đánh giá 5 sao khi nào có người yêu quay lại ủng hộ tiếp =)))",5,2022-05-13 11:08:21,2,True,9389530410,345248715,0,0,0,0,0,293,67
21d735365993d59eedeb4ec82e2e83c048e48faada261794c1312b3f8745366b,Giao hàng nhanh. Đóng gói tốt. Che sản phẩm “thiết bị nhà thông minh” test thử 3c mà đê mê phải mua hộp to :)))),5,2022-08-01 19:31:47,3,True,9389530410,345248715,0,0,0,0,0,112,25
1ef34b217b806f58fd7bc815fcd4baeae1a56a0ecb2a197b480ec554d530440f,"Hàng giao đúng shop tận tình , giá rẻ, đã sử dụng qua chất lượng tốt, rất mỏng cảm giác như ko xài, 5 sao",5,2022-01-26 14:29:14,1,True,9389530410,345248715,0,0,0,0,0,105,25
dab417b96111449e23c1ad685019b65ea8a31f5cd93ab86bc6800d7ae6a53e50,"Đóng gói hàng chắc chắn, giao hàng nhanh. Hình thức khi nhận trông cũng đẹp, giống hình ảnh trên shop. Chất lượng thì đã mua nhiều lầnrồi. Đánh giá năm sao",5,2026-03-05 20:10:29,3,True,9389530410,345248715,0,0,0,0,0,155,31
c34bc0c3366a7169a9b40bb56afa227278ca27560f674b3b666fab84e063e797,"Công dụng:Tuyệt vời ! Shop giao hàng nhanh, có tặng 1 miếng giấy thơm, hàng nguyên vẹn, không bị vở, có che tên, shop 1000 điểm",5,2024-05-10 17:16:24,1,True,9389530410,345248715,0,0,0,0,0,127,26
ac2a5b47cb08e6c205f93aa1c45b0655c7897096fbbe3ac342cff56456f4eb79,"Shop uy tín cs che tên sản phẩm , so ok cs giấy thơm lên mùi tuyệt vời , ship thân thiện xinh gái . Mọi thứ ok cho shop 5 sao 😘",5,2022-08-06 11:26:57,4,True,9389530410,345248715,0,0,0,0,0,127,33
f35679a9fca94996f63d118166318fd71181bff2508ccf9d8506bd1e3ca6560e,"Công dụng:tốt Shop tư vấn nhiệt tình lễ phép , ship nhanh , bọc hàng tốt sản phẩm không bị méo mó gì , che tên sản phẩm bảo quản quyền riêng tư khách hàng tốt , có thư cảm ơn , sản phẩm dùng lần đầu nhưng rất tốt độ mỏng tốt , mùi dễ chịu , sẽ ủng hộ shop từ bây giờ dài dài , mn nên mua ủng hộ shop nhé , sản phẩm tốt.",5,2022-10-13 23:07:47,5,True,9389530410,345248715,0,1,0,0,1,319,79
fe713123f838e16cc7c5d357ca8470a82cbfc3ea11fed5ad36f43b96d8641bb2,"Độ mỏng:mỏng Gel bôi trơn:có Mua feelex nhiều rồi thế luôn cho hãng nào đấy tại giá rẻ bao bì đẹp lịch sự, giao hàng nhanh",5,2025-12-21 17:45:19,2,True,9389530410,345248715,0,0,0,0,0,122,26
a62e23c416b105738397ca34054575ee1b9434cbd9da6e3732b6128ee6488ca7,"Công dụng:Dụng cụ tự vệ. Vừa mở hộp sản phẩm đã thấy được sự chuyên nghiệp, tỉ mỉ của shop, viết cả thư tay, giấy thơm. Shop cẩn thận che tên sản phẩm dù mình không yêu cầu, ae cứ yên tâm đặt hàng. Chất lượng: mình sẽ quay lại đánh giá sau. 5 ⭐ uy tín.",5,2022-07-17 16:53:01,3,True,9389530410,345248715,0,0,0,0,0,252,57
6566e5031546d5f7e014e4c02f3912befeb75fb496aaea8609b911233a6ba8ca,"Sản phẩm dùng cực kỳ thích. Shop cũng dễ thương nữa. Gửi kèm thư tay. Rất chu đáo. Bọc hàng kín, kỹ. Ship nhanh. Quá hài lòng về chất lượng và cách phục vụ. Chúc shop phát triển",5,2023-03-23 01:46:11,1,True,9389530410,345248715,0,0,0,0,0,177,38
f357635b54d5adcefb9dd6e9d8a0d826f3e01d17bb48af311e027c03dd40f091,"Không bị hôi mùi cao su, mỏng, cảm giác sử dụng tốt nha. Mình mua vì thấy Feelex là truyền thông ổn, nhưng chất lượng sp làm mình bất ngờ á",5,2024-10-03 07:43:11,1,True,9389530410,345248715,0,0,0,0,0,139,31
db84b676951130e35a953f69ba7589487128e2eb0e7595ff362e37db2f0a451d,"Sản phẩm hoạt động tốt, đáp ứng đúng nhu cầu của mình. Đặc biệt là độ hoàn thiện cao và cảm giác sử dụng mượt mà. Shop hỗ trợ nhiệt tình, tư vấn chi tiết. Giao hàng nhanh và đóng gói chắc chắn. Rất hài lòng với lần mua này.",5,2026-04-05 13:51:07,0,True,9389530410,345248715,0,0,0,0,0,223,50
636ca176933ad118b540dcd0c35d854a019adaa75360b1f0823f97e7951e5645,"Đóng gói đẹp, giao hàng cũng nhanh, mùi ko gây khó chịu, dai dẻo. Chăm sóc khách hàng tốt. Sẽ ủng hộ lâu dài. Nên mua ủng hộ sp Việt",5,2022-06-24 23:27:16,1,True,9389530410,345248715,0,0,0,0,0,132,30
e55312bfbe522e47ffb6b0eb9feb435b640845b4960aa8b79fed9747300bb599,"Khâu chuẩn bị và giao hàng rất nhanh, sản phẩm sd ổn mà giá cả phù hợp, thiệp cảm ơn viết tay khá chu đáo. Thích cách phục vụ của shop",5,2023-07-27 16:39:08,1,True,9389530410,345248715,0,0,0,0,0,134,31
3c78d5498be3adc16ca0c8032503282a3b5cc7d955fd712450692367c019987a,"Công dụng:tranh thai Giao hàng nhanh, đóng gói chắc chắn. Chất vải thun cá sấu co dãn cực kỳ thích, thấy shop bán hàng giá hợp lý nên mua không ngờ nhận hàng ưng luôn. Nhìn giống thật cực kì ! Nhìn đẹp mã",5,2025-08-24 22:21:04,5,True,9389530410,345248715,0,0,0,0,0,204,44
db788b65a2997649c3b97feca8bf5d7d981b84d2aec1cc4bc7b88055caee5748,"Hộp đẹp, nhìn sịn sò, hàng chất lượng tốt, giá cả hợp lớp. Đã dùng zồi bjo mình lại mua tiếp. Dùng ok lắm ạ",5,2024-11-18 09:19:55,1,True,9389530410,345248715,0,0,0,0,0,107,25
563ba978c9b283e9c09bf5aa1a6fdbdcd330bb5839de0dc540f8bf12e4aaa6d1,"Sp đóng gói che tên sản phẩm cẩn thận,đã vậy shop còn để giấy thơm vào nữa🥰 mê quá trời quá đất à🙆🏻‍♀️ nói chung là shop xứng đáng 100/10 ạ🤗",5,2022-05-17 16:19:14,5,True,9389530410,345248715,0,0,0,0,0,140,31
b04d307909aae0f343cf53c33b687ee396f3645600032d1c54f6cee991581f8e,"Công dụng:QHTD Giao hàng nhanh, đóng gói tốt. Có che tên sản phẩm. Trong hộp có tờ giấy ướp mùi thơm. Shop ghi lời chúc rất chu đáo. Dùng tốt sẽ tiếp tục ủng hộ.",5,2025-08-08 23:00:39,1,True,9389530410,345248715,0,0,0,0,0,161,35
241a1e6a0e6b00d0aba9c213ed47b4ca6463cdbe896f2c3868f55314e5923c9b,"Công dụng:Rat Tot Đóng Gói Đẹp, Giao Hàng Nhanh, Có Che Tên Sản Phẩm, Sản Phẩm Rất Hiệu Quả. Sẽ Luôn Luôn Ủng Hộ Shop Lâu Dài. Một Sản Phẩm Đáng Đồng Tiền Bát Gạo. Xuất Sắc.",5,2022-09-16 22:53:57,4,True,9389530410,345248715,0,0,0,0,0,173,37
001ac5da6c2002c9772d73f788004b9c7ec0c554cd5095a49fc091499c3125e4,Công dụng:bảo vệ Đóng gói cẩn thận. Giao hàng nhanh. Giá cả hợp lý. Mình mới mua chưa biết êm không. Mai mốt ủng hộ shop nữa nhe.,5,2024-02-19 17:08:02,5,True,9389530410,345248715,0,0,0,0,0,129,28
0a61f1d9ec6b06e93fb450ce2acbcc9f3d445f47477175a1e027b75d0df83448,"Mình rất yên tâm khi mua hàng ở shop vì vô cùng chất lượng và giá cả lại hợp lý lắm luôn á. Tặng shop 5* nhé !!! Hàng chất lượng. Chuẩn giá tiền G6 6 Giao hàng nhanh. Shop đóng gói sản phẩm kĩ, đẹp.",5,2024-04-15 18:46:04,2,True,9389530410,345248715,0,0,0,0,0,198,46
32c5f9a9ab7bf51986bc859e9a81e9d728dfc28fe758833dc457074f1e28c866,"Độ mỏng:ok Gel bôi trơn:ok Đã mua nhiều lần. Đóng gói cần thận, giao đúng hàng, đúng mẫu. Giao hàng rất nhanh. Sản phẩm tốt, dễ dùng. Nên mua",5,2026-04-08 21:53:30,2,True,9389530410,345248715,0,0,0,0,0,141,29
930c1dc546ff5d347e5fbd76cd65356cf71d963a7f4b6a3cd5eb041fbc27a3ff,Shop tư vấn rất nhiệt tình Cực kì ấn tượng với thiệp viết tay của shop Sp đóng gói cẩn thận. Giao hàng nhanh. Che tên sản phẩm nên càng hài lòng hơn. Cảm ơn shop,5,2023-02-06 21:08:32,4,True,9389530410,345248715,0,0,0,0,0,161,36
114ad5ac577406b5da5fe2f814c2cad43f72300f9f8b3724e01119dfcd91ec45,Công dụng:cho cảm giác tự tin khi đi nắc Ok lắm mỏng nhiều gel. Shop viết tay được mấy trăm k cái thư cũng tài,5,2023-07-04 13:35:35,3,True,9389530410,345248715,0,0,0,0,0,110,25
d8a56d7f72357ac75f644e14bee8481ac3c071115374231dc95f5db955e2f59f,"Lần đầu mình mua hàng,shop gói kỹ,che tên sp,k bị móp méo gì cả,shop dễ thương viết thư tay cám ơn và nhắc nhở,để mình về dùng thử đã rồi sẽ đánh giá công tâm",5,2023-08-01 16:27:24,3,True,9389530410,345248715,0,0,0,0,0,158,35
32c5f9a9ab7bf51986bc859e9a81e9d728dfc28fe758833dc457074f1e28c866,"Shop giao hàng nhanh, đóng gói cẩn thận, mình đặt hộ thôi nên kb dùng ntn. Shipper thân thiện. Nên mua nha. Hình ảnh chỉ mang tính chất nhận xu",5,2023-03-17 16:55:03,1,True,9389530410,345248715,0,0,0,1,1,143,30
4b1e896c3408c78439cf21b085bd9264c9f6ad0a39ccc34220eea9ae76d660b2,Olo víp mãi đỉnh. Anh em nên mua sử dụng. Tốt trong tầm giá shop tư vấn nhiệt tình. Chủ shop rất tinh tế và nhạy cảm,5,2022-02-20 12:12:09,5,True,9389530410,345248715,0,0,0,0,0,116,27
19bf1ad12a4d5f96126b5b6f19d5aa90b7f8925810ed134bef9787f3c3cd0b02,"Công dụng:bao cao su Chồng mình sài nên mình khong biết sao ^^ thấy mng mua nhiều quá nên mua về cho chồng sài thử ❤️ từ sp tới giao hàng mình thấy rất ok , đặc biệt là shop viết thư tay cám ơn mình rất thích ! Chúc shop buôn may bán đắt ạ",5,2023-06-11 12:29:35,1,True,9389530410,345248715,0,0,0,0,0,239,56
f85788debe1faaa4cabad5a9c54610fbcf405201dfc762b343ceb58db75a7773,"Rất hài lòng với sản phẩm. Shop đóng gói rất cẩn thận, và che tên sp, ship hàng nhanh. Mình đã mua dùng nhiều lần nên rất thích mẫu sản phẩm này.",5,2025-05-11 16:38:26,1,True,9389530410,345248715,0,0,0,0,0,145,32
d128a24e3712a85e135e90b6c2bd03d3865c34ea057f7aafcf52bb03adfaff75,Công dụng:rất tốt Sp tuyệt vời ship nhanh shop đóng hàng cẩn thận tư vấn nhiệt tình. 5* cho shop. Có nhu cầu lại ủng hộ shop. Mua trên shoppe rất nhiều nhưng chưa có shop nào ok như shop cả,5,2023-01-04 20:50:59,1,True,9389530410,345248715,0,0,0,0,0,189,41
5f282d15b75aa776b390928a9b6c05481e3f89d33b9a1bbc41f2bf4332ab1341,"Sản phẩm quá tuyệt vời shop làm việc rất có tâm sp dc che tên và đóng gói kỹ lưỡng, chất lượng sản phẩm trên mức tuyệt vời sẽ tiếp tục ủng hộ",5,2023-09-18 19:22:23,4,True,9389530410,345248715,0,0,0,0,0,141,33
92c4f7414945358bf06d20dc9defae5b72512b1b87fc9bad343017a92117c4dc,"Sản phẩm này thực sự rất ấn tượng với chất lượng vượt trội và tính năng tiện ích. Thiết kế đẹp mắt, dễ sử dụng, mang lại hiệu quả rõ rệt ngay từ lần đầu tiên. Chất liệu bền bỉ, an toàn với người dùng, giúp tiết kiệm thời gian và công sức. Mình đặc biệt hài lòng với sự cải thiện mà sản phẩm mang lại, không chỉ về mặt thẩm mỹ mà còn về hiệu suất. Giá cả hợp lý so với chất lượng, rất đáng để trải nghiệm. Sẽ tiếp tục sử dụng và giới thiệu cho bạn bè.",5,2025-01-17 22:16:35,1,True,9389530410,345248715,0,0,0,0,0,450,102
d84b598e9ee4f669afbe7763970723c0f3103ab1b22be4f520e0cd6219c586c5,"Giao hàng cẩn thận, nhanh, nhiệt tình. sản phẩm đẹp, sạch, được đóng gói cẩn thận, có kèm thư chia sẻ viết rất đẹp, ngay ngắn. sản phẩm chưa dùng nên chưa đánh giá dc chất lượng.",5,2023-03-07 20:47:37,1,True,9389530410,345248715,0,0,0,0,0,178,37
34a4b6b55d3950b4d38b87d771876a6ebc26af2361f2ab3a86f9f4dfd9764d52,"Công dụng:thổi bong bóng Đồ ngon ^^ hãng này giá cả phải chăng mà thiết kế đẹp, đóng gói tinh tế. Shop giao hàng nhanh, có che tên sp",5,2023-11-14 18:30:09,2,True,9389530410,345248715,0,0,0,0,0,133,29
4d08a37fee31643df29e3061ab09784a3acab447b4d01a7b9937a50b6ac2145a,"Sản phẩm chất lượng mua lần 2 ở shop rồi sài rất ok sẽ ủng hộ shop tiếp, giao hàng khá nhanh, shipper thân thiện 10 điểm🥰🥰🥰",5,2023-05-10 11:17:01,1,True,9389530410,345248715,0,0,0,0,0,123,27
b66b09eb3bd2f0b11122bc15c39f56ee7df0feb9f6d61ef05cc2c096c957d37d,"Công dụng:bảo vệ bôi trơn Sản phẩm đúng như shop quảng cáo, shop đóng gói cẩn thận và chu đáo có thêm thiệp viết tay cảm ơn gửi riêng nữa",5,2024-06-15 18:19:26,1,True,9389530410,345248715,0,0,0,0,0,137,30
94779732cf6bd6812a63ab84659563ed593c7a7be388f95b1af805770a92de60,"Cũng ok , mỏng , giá hợp lý , mùi k bị khó chịu như Nhiều loại khác , shop tinh tế che cả tên shop lẫn sp :v nên mua nha mng",5,2022-05-14 16:22:14,1,True,9389530410,345248715,0,0,0,0,0,124,33
9f7afbe3b3d104d1d61af4d1c80792de27053b22731952e0dea2fe93fc3f9f5d,"Sản phẩm rất rất tốt, tớ đã mua đi mua lại rất nhiều lần. Mềm mỏng,...... Giữa bộn bề cuộc sống mà shop vẫn viết những dòng viết tay để cảm ơn khách hàng chứng tỏ sự uy tín và tận tâm của người bán hàng. 10 điểm không có nhưng. Nên mua nhé cả nhà",5,2025-08-07 12:55:38,1,True,9389530410,345248715,0,0,0,0,0,246,56
a44df38bb51584b65c3d3f747d74e18005b2a42fb8e7eb38cc32ae0e353b23c1,"Độ mỏng:Sản phẩm giao đến tay mình rất nhanh, đóng gói cẩn thận và chắc chắn như gói bánh chưng ngày Tết vậy. Chất lượng hoàn thiện tốt, đúng với mô tả và hình ảnh shop đăng. Với mức giá này thì mình thấy rất hài lòng. Sẽ tiếp tục ủng hộ shop trong những lần mua sắm tiếp theo!""",5,2026-05-25 11:38:29,1,True,9389530410,345248715,0,0,0,0,0,278,60
f28c384ce7468962a581bfde65cd0ced37949809fb70a92523b22c87c62fa9ff,"Công dụng:tránh thai Nói chung là hàng ok la, xịn xò, shop đóng gói rất cẩn thận ,có che tên sản phẩm và có kèm theo thư viết tay cảm ơn. Ok sẽ quay lại ủng hộ shop",5,2023-10-17 18:11:16,4,True,9389530410,345248715,0,0,0,0,0,164,38
64e049d2e93e5bd5cf1c2d1885160a48cabda24fb1afd3e87b34442b5bea1d0c,Công dụng:bao ve Chất liệu và chất lượng tốt. Hạn chế rủi ro nhất có thể. cả shop làm việc rất chuyên nghiệp luôn che tên giúp và viêt thư tay cảm ơn nữa nói chung chu đáo 10đ nha,5,2025-11-29 09:23:15,1,True,9389530410,345248715,0,0,0,0,0,179,40
23ec9be9ab9f8467ce5a58e7f993718b5c0907544411795deb17b2cc991e4e63,"Công dụng:Bcs Giao hàng nhanh, đóng gói, bao bì chất lượng cao, có cả thư cám ơn, rất tuyệt vời, sẽ ủng hộ shop nhiều",5,2022-09-26 12:10:43,2,True,9389530410,345248715,0,0,0,0,0,117,25
bd3d30238e79d95b6ac62d9c8419e319b7122dba24cd5a43ed11b678901af5b3,"Công dụng:tuyệt vời Đã mua của shop nhiều lần. Sản phẩm tốt. Ship hàng nhanh, đóng gói cẩn thận. Shop còn viết thư tay kèm theo nữa. Rất chu đáo. Sẽ ủng hộ tiếp.",5,2023-03-28 18:01:03,2,True,9389530410,345248715,0,0,0,0,0,161,34
55bc1af11ba7fa1ee397c04f5eff2c3fc0676b6f448cc2543b299222b0195ef8,"Shop đóng gói chắc chắn , hàng giao nhanh. Nhìn rất xịn xò, rất tuyệt vời. Còn chất lượng và công dụng dùng thử rồi sẽ quay lại đánh giá nhé shop.",5,2022-07-23 09:31:25,2,True,9389530410,345248715,0,0,0,0,0,146,32
1b95d1c4ce815b70f1ac2b25dfa50a2b7d3a6831fd2bff52d734995333ca3c23,"Đóng gói cẩn thân chất lượng tuyệt đối bảo mật và uy tin chất liệu tốt giao hàng nhanh mặt hàng khá phù hợp, giá cả rất tốt sẻ ủng hộ lâu dài",5,2022-07-10 20:59:12,3,True,9389530410,345248715,0,0,0,0,0,141,33
cda171e9b5823b8fde679df29d2e9f0503277e8ccef7032134fe8000948d8b03,"Công dụng:tốt Dùng tốt, cooling nên giúp tạo KC tốt hơn. Sẽ ủng hộ shop. Mình rất ấn tượng vs lá thư cảm ơn của shop lúc chưa dùng đã muốn đánh giá 5 sao rồi, khi dùng xong thì nếu có 100 sao thì cho luôn 💯",5,2024-01-19 07:58:29,4,True,9389530410,345248715,0,0,0,0,0,206,48
1dcd43221af82bd77f2a1b504e317cab3d36f21cc9bcb5dab8b6d50caecba870,"Công dụng:Bao Cao Su . Giao hàng đúng ngày, loại này đã xài nhiều lần rồi, xài tốt gel nhiều mọi người nên xài , nhất là giới trẻ",5,2025-02-05 17:44:38,5,True,9389530410,345248715,0,0,0,0,0,129,29
1b2b020f20d4afda12e591d19a6b31b5132464d558c32a2da72f7672a09ac38f,Giao hàng nhanh. Shop tư vấn nhiệt tình. Shop hỗ trợ che tên sp rất tốt. Đã dùng thử siêu siêu mỏng. Mùi thơm vani nhè nhẹ. Ưng cái bụng lắm. Sẽ ủng hộ shop dài dài quá trời nạ,5,2023-06-24 17:56:25,2,True,9389530410,345248715,0,0,0,0,0,176,40
843ac2c82b0ea93cc1189dfbb3d1b8c5da0eb5aa8243a2f09339ebc4c82eddd9,"Dạ nhận được hàng, giao hàng nhanh chóng, đóng gói cẩn thận,chat lượng thi chưa biết. Cho 5 sao về tốc độ giao hàng và đóng hàng",5,2026-02-04 19:58:01,1,True,9389530410,345248715,0,0,0,0,0,128,27
413fe8e68965584d2ebcb459706540824d9082f6b812532ee00e22694de1a67c,"Công dụng:tuyệt ❤️❤️❤️Xịt thơm Như Ý cho chăn ga, gối đệm cho tất cả các khách sạn, nhà nghỉ đây ạ. Đảm bảo giữ mùi lâu, mùi hương dễ chịu, dùng ở bước cuối cùng sau khi giặt sấy xong ạ. 💵Về chất lượng của xịt thơm Như Ý thì ai mua hàng bên em đã từng biết. ✔️ Mùi thơm dịu nhẹ bền lâu, hương nước hoa sang trọng ✔️",5,2022-09-18 13:21:42,4,True,9389530410,345248715,0,0,0,0,0,315,71
5b053b2968bd52c715228ea5b4bfbd81861aabc9a8725bc4be3df1ed3da38a94,"Độ mỏng:gel boi tron Gel bôi trơn:ok Lần thứ 2 mua sản phẩm của Feelex, giá cả thấy hợp lý, dùng ok. Chưa có vấn đề gì, gói hàng ok gửi hàng cũng khá nhanh, kín đáo, quà tặng, lời cảm ơn....",5,2025-11-02 16:32:30,5,True,9389530410,345248715,0,0,0,0,0,190,42
82d1d09c6b3a56c795bf4b696d4756daf3796e1850cf1bda07de0ec15760f12e,"Đóng gói tốt, có che đầy đủ Shop phục vụ nhiệt tình, có một tờ giấy thơm kèm theo nên mở ra rất thơm nhé xứng đáng 10 ⭐️ Còn bonus thêm cả cuốn bí kíp làm võ lâm minh chủ :)))))",5,2021-12-08 10:54:24,1,True,9389530410,345248715,0,0,0,0,0,177,42
7e532bef017bbfb465f2f3e8ecc1c0cc030c54a213e8167c46278e7b5992eec5,"Công dụng:thêm lửa tình iu Nhận đầy đủ hàng, giao nhanh 2 ngày. Sản phẩm tem mác đầy đủ, mùi hương dễ chịu nhất là thư cảm ơn rất có tâm. Mn nên mua hàng và sẽ ủng hộ tiếp. Ship rất vui tính và nhiệt tình nhé",5,2023-04-26 09:14:17,1,True,9389530410,345248715,0,0,0,0,0,208,48
7b3bfa2047c56a11870eb8cb903205caa6b966019297305028d64d75c738b086,"Giao hàng nhanh , đóng gói kĩ . Shop có tế nhị che tên lại và có thư viết tay nữa rất là ok lun ạ. Thanks shop nhìu",5,2025-09-04 10:35:34,1,True,9389530410,345248715,0,0,0,0,0,115,29
45fcee02e4cc755da88c5f627e21f92ca0ae78620b27cc0d2dfd7e1fa22c58f2,"Công dụng:không để lại sản phẩm Shop ship nhanh, che tên cẩn thận, cái chu đáo nhất là viết thư tay cảm ơn khách hàng, lần sau sẽ mua tiếp của shop",5,2023-05-18 09:57:34,5,True,9389530410,345248715,0,0,0,0,0,147,32
81dae54c189447b1cd6eeb0e3d31af430e65e74d11220094bae42f09d3f688a0,"Mua lần thứ 2 ở shop này , vẫn chỉnh chu và đầy đủ hàng . Loại này rẻ nhưng sd vẫn ok thoải mái nhé . Che tên sản phẩm tinh tế lắm nên lỡ có ng nhận dùm cũng hông sao .",5,2023-07-11 18:42:57,1,True,9389530410,345248715,0,0,0,0,0,168,44
c867ee918947bf99818c8438176670225eeb279435fca0ef7f0250f4c036e39d,"sử dụng lần đầu. thấy đánh giá tốt sp. shop có nt tư vấn riêng tôi rất hài lòng về cách phục vụ khách, với sp nhạy cảm.",5,2022-05-14 20:01:55,3,True,9389530410,345248715,0,0,0,0,0,119,28
930c1dc546ff5d347e5fbd76cd65356cf71d963a7f4b6a3cd5eb041fbc27a3ff,"Giao hành nhanh, shop đóng gói chu đáo cẩn thận, hàng sịn nma đọc fb thấy mn bảo bị rách nma chưa thử nên kbt có sao ko còn có cả giấy thơm và tờ cảm ơn nữa. Siu ưnggg😙😙",5,2022-12-05 22:34:54,1,True,9389530410,345248715,0,0,0,0,0,169,40
1b95d1c4ce815b70f1ac2b25dfa50a2b7d3a6831fd2bff52d734995333ca3c23,"Công dụng:phong ngua co thai Giao hàng, đóng gói cẩn thận, có che tên sp, có thư cảm ơn viết tay, shop rất chu đáo, đã dùng, thơm và siêu mỏng",5,2023-08-25 08:10:40,1,True,9389530410,345248715,0,0,0,0,0,142,31
0c81d384175d6acdd4fbdab47502aa117e3f05512221b004b77e24de0802c2c4,này mình thấy trên tt gthieu nên cũng mua thử chưa sài chưa biết mà cách để bao vậy là mình thích lắm trách đc tình trạng rách bao nè 😁 có cuốn bí kíp iu nữa đọc cừi ẻ =)) mà tâm lý quá tr ơi 😉😉😍😍giá rẻ hơn nên mua nha mng,5,2021-11-11 15:54:23,5,True,9389530410,345248715,0,0,0,0,0,222,54
3e8110ac3093487f1f6acc73d722bcfac0537a73139d1d96a9cbd7ab6ba84b9e,"Giao hàng nhanh, đóng gói cẩn thận, shop phục vụ rất tận tình (ấn tượng bởi thư cảm ơn viết bằng tay🥰) sale nên mua được giá tốt, chấm shop 5 sao nhé, sẽ ủng hộ shop dài dài ^^",5,2023-11-27 21:41:05,2,True,9389530410,345248715,0,0,0,0,0,176,40
08da5863f278f10092e940fb67f04ab147f10f1d4648411f92294a9d16264440,"Công dụng:hẾt sức tuyệt vời Shop chăm sóc khách hàng tốt, chế độ ưu đãi tốt, sản phẩm giao đủ, ship nhanh. Hàng chất lượng. 10 sao",5,2022-07-15 22:07:13,5,True,9389530410,345248715,0,0,0,0,0,130,27
4b1e896c3408c78439cf21b085bd9264c9f6ad0a39ccc34220eea9ae76d660b2,"Shop uy tín ,giao hàng siêu nhanh ,đặt 15,ngay 16 đã nhận được hàng .Shop còn cẩn thận tặng quyển bí kíp quá đẳng cấp .Còn ủng hộ shop dài dài .",5,2022-03-16 16:21:51,5,True,9389530410,345248715,0,0,0,0,0,144,32
44db7d0690f5559a621111af9be97ab598b4ffc17d9d0f13b245bfd6f09d5b0d,Công dụng:tranh thai shop tâm lý và bọc hàng kín đáo cẩn thẩn rất hài lòng về sản phẩm bên shop có cả giấy thơm nữa,5,2022-09-14 12:14:43,4,True,9389530410,345248715,0,0,0,0,0,115,26
415ea58cd3b46017da6ba8f133de69b718f7c6424f15882d5570bec4e9def73a,"Thắt lưng cá sấu xịn sò lắm luôn, nhận về tay đảm bảo ưng liền 160k Phải gọi là siêu đẳng cho các a . Đẹp lắm luôn vì ôm được giá rẻ nên các c tranh thủ lấy cho các ông chồng đi ạ. Hàng đẹp phải gọi là đỉnh của chóp luôn cứ ngỡ mua ở shop 500k đến 800k đấy nhưng e bán chỉ với giá sốc thôi ạ",5,2023-04-01 17:55:08,3,True,9389530410,345248715,0,0,0,0,0,291,72
418ff59fc744781611fcc49b5ef6b246335660301409bf91aabfcad564640433,"Công dụng:phòng tránh bệnh lây lan qua đường tình dục Shop tư vấn nhiệt tình, thư cám ơn siu iu, nguồn gốc xuất xứ rõ ràng, bảo mật thông tin chu đáo, điểm 10 cho chất lượng ạ",5,2022-12-18 18:43:14,3,True,9389530410,345248715,0,0,0,0,0,175,38
0a4fea9e1325aa491af86eaaa170768627163453dcc9c0327c05ad7b6fb06523,"_ sốp siêu tâm lý, gói đồ đẹp lại còn có hướng dẫn tình yêu, che tên các thứ. Giao hàng siêu nhanh. Cho sốp 9,5 điểm",5,2022-03-17 11:58:52,2,True,9389530410,345248715,0,0,0,0,0,116,27
c771b9850994c48f4ca513958d8cf142fe02b07a10211a89aecb996164452304,"Công dụng:bảo vệ sức khỏe Shop rất chu đáo nhiệt tình, giao hàng nhanh và chế độ chăm sóc Khách tốt Sản phẩm dùng thích miễn chê rồi",5,2022-05-28 21:54:20,2,True,9389530410,345248715,0,0,0,0,0,132,28
7a93b4e219141b0cb6664b6d18c3b808fda41bef25c8064ccafaf86b866f70ec,"Công dụng:tt an toàn Hàng uy tín chất lượng cao dùng siêu mê , mỏng . Shop chu đáo nhiệt tình giao hàng nhanh còn viết cả thư cảm ơn .",5,2025-08-06 09:24:34,1,True,9389530410,345248715,0,0,0,0,0,134,31
8873386f7bd527fe65c00a502349dba0db86caa5997d81737cf7712d0de95aab,"Công dụng:gia dụng thông minh Giao hàng nhanh và đầy đủ, có kèm thư + quà tặng, hàng dùng ok nha, giá thành hợp ví",5,2024-10-14 23:02:21,1,True,9389530410,345248715,0,0,0,0,0,114,25
e7698b2f5139db9973e38a28ff9cb8ae0ad48f35f54ab28cc41f44577aa50ce1,"Shop đóng gói kĩ càng, che tên cẩn thận , tư vấn nhiệt tình, cbi hàng vào giao hàng nhanh, chất lượng tuyệt vời lắm nha",5,2022-09-05 10:27:33,3,True,9389530410,345248715,0,0,0,0,0,119,26
8c8bc208829782020db53744c3bad6f78218796d145f3ab180ada4407e310b56,"Công dụng:phòng chống xxxxxx Shop giao nhanh, check tn đầy đủ,nhiệt tình, có che tên sp nha ^^, đã thế còn thiệp viết tay nữa, chim ưng dã man ~~~~",5,2022-07-12 16:36:07,1,True,9389530410,345248715,0,0,0,0,0,147,30
65a89e621d8892a470ea11d931b36f6254a9712d078b6d00e2922dcb5129333a,"Shop rất tinh tế trong việc che tên sản phẩm, giao hàng nhanh. Chăm sóc khách hàng cực tốt từ khâu xác nhận đơn cho đến khâu đã nhận được hàng. Mua nhiều lần nên yên tâm về chất lượng, nhiều gel và được tặng quà",5,2022-02-18 15:25:42,1,True,9389530410,345248715,0,0,0,0,0,211,46
c548325956a072ed0ee4449c52d67a889989b416480bac5054fbccc4949e4dc3,"Công dụng:bcs tốt Sản phẩm đóng gói cẩn thận, có thư kèm theo, sản phẩm mang lại sự hài lòng ban đầu, còn chưa dùng nên chưa biết haha, cảm ơn shop",5,2023-08-04 15:57:37,5,True,9389530410,345248715,0,0,0,0,0,147,32
83252e72b441a178849d172a4a08c558688b269568204ff6738dd0e13d05fbd3,"Công dụng:bcs Đóng gói cẩn thận, giao hàng siêu nhanh mới đặt hôm trước hôm sau đã nhận được. Giao đủ hàng, đúng loại đúng mẫu. Sẽ ủng hộ tiếp",5,2025-09-30 09:02:03,2,True,9389530410,345248715,0,0,0,0,0,142,30
68bfb4806f44b27c7c387cb7198461c8ce71e3c44a7b240352b84245ab9e5488,Shop giao hàng nhanh. Sp đúng như quảng cáo. Shop vô cùng chu đáo và tế nhị khi che tên sp. Đáng yêu hơn nữa là thư cảm ơn của shop. Sẽ ủng họi shop dài dài….,5,2023-04-25 12:55:17,3,True,9389530410,345248715,0,0,0,0,0,158,37
5a8f8d78130805a67801319653ad8aba84805e9253b4778e50e04c73b58bb865,"Sản phẩm dùng tốt , đóng gói cẩn thận có cả miếng vải thơm nữa , giao hành nhanh , có che tên sản phẩm 5 sao cho shop",5,2022-05-17 11:37:12,2,True,9389530410,345248715,0,0,0,0,0,117,29
20f04796e7fb6662aa13fb138596b24f3919966534c4dce9bc92bb667cc2df17,"Shop chủ động che tên cẩn thận, thiệp viết tay chữ đẹp, nội dung cầu thị, kèm miếng thơm rất ưng, có thêm phần tặng quà nạp. Chưa dùng nhưng đánh giá sự chu đáo 5sao",5,2022-10-10 09:25:53,1,True,9389530410,345248715,0,0,0,0,0,165,36
2ab4f1c763b2db3771d0d12f3cd3e69e0e7db89a16cd67110d7e213f44978b75,"Shop ở ngoài bắc nhưng gửi vào nam cũng cực kỳ nhanh mùa dịch, hộp cực xịn sò, chưa dùng thử nên chưa biết ntn...nếu sp ok thì sẽ ủng hộ bên shop dài dài. Shop rất nhiệt tình, rep tn cũng rất nhanh...cho shop 5*👍👍👍",5,2021-09-23 19:50:18,3,True,9389530410,345248715,0,0,0,0,0,214,46
4604a39f23f5b0b80ed05b994e429c4692ab8c8074ac1ef288e8a6c5a7527463,"Công dụng:lại là đi ""mưa"" Giá hạt dẻ phù hợp với sinh ziên, đóng gói 10 đỉm, thư tay cute, giao nhanh có che tên spham, tụyt",5,2023-10-12 20:09:41,1,True,9389530410,345248715,0,0,0,0,0,124,27
3bbe8c325e61293bb2efdf3b9aeb2fe19a7b4c0dc453d0c2538fb05e81b0d404,"Shop tư vấn nhiệt tình lễ phép, ship nhanh, bọc hàng tốt sản phẩm không bị méo mó gì, che tên sản phẩm bảo quản quyền riêng tư khách hàng tốt, có thư cảm ơn, sản phẩm dùng lần đầu nhưng rất tốt độ mỏng tốt, mùi dễ chịu, sẽ ủng hộ shop từ bây giờ dài dài, mn nên mua ủng hộ shop nhé, sản phẩm tốt",5,2023-07-26 12:44:20,1,True,9389530410,345248715,0,1,0,0,1,295,68
0ba76bc842fcaf5a881fac4815b20280a935b795df2b9f0d66c48c34c1a41537,Công dụng:. Mới nhận được hàng giao khá nhanh phục vụ tốt về khoản che tên và còn có thêm giấy bí kíp nữa =)) mọi người nên ủng hộ,5,2022-12-15 13:57:49,2,True,9389530410,345248715,0,0,0,0,0,130,30
d2eaf9bef5fbc62fe868a2e2d1253dc6a60c012839365dbbded9f55561be4ed9,"Công dụng:dùng để tránh mang thai ngoài ý muốn và tránh được các bệnh lây lan qua đường tình dục Mình đặt bao màu đỏ có cảm giác nóng ấm, bao cao su mỏng cho bạn được cảm giá thật giống như shop nói lần sau sẻ thử nhiều màu để cho nhiều các mới mẻ, vỏ bao được shop nói rất kỹ về các vấn đề gia hàng 2 hôm là nhận được xứng đáng 10 sao",5,2023-12-10 20:33:46,4,True,9389530410,345248715,0,0,0,0,0,335,78
9cabd8a8146d572c46b4a6723f956eeb25877cef2650cf872c62b0c8f4877b18,"Đã nhận được hàng Đóng gói phù hợp, dễ bóc, dễ bảo quản & sử dụng 1 hộp 10 cái, được tặng gel bôi trơn",5,2024-06-15 20:25:22,1,True,9389530410,345248715,0,0,0,0,0,102,25
50d952b20c6239cb040bb887fb120c6aa8761e5144138e60774209830369f81f,"Lần đầu tiên mua thử, nên không biết. Hy vọng là dùng tốt sẽ ủng hộ shop Lần sau. Thấy hàng đẹp, shop giao nhanh. Hàng giao lịch sự nhờ người khác nhận cũng được. Hàng bảo quản đóng gói cẩn thận. Sau khi sử dụng sẽ có nhận xét về hàng. Nếu tốt sẽ tiếp tục ủng hộ shop",5,2024-11-01 15:09:03,2,True,9389530410,345248715,0,0,0,0,0,267,60
b0f145e343f729afa273c8b3261bd58c762e12b232a4e94349d41ac88bf91566,"Công dụng:tốt Đóng gói hàng cẩn thận, giao hàng nhanh, thấy đánh giá tốt mua thử thấy xuất sứ china cũng ngại! Dùng tốt sẽ ủng hộ tiếp!",5,2023-03-29 21:10:04,1,True,9389530410,345248715,0,0,0,0,0,135,28
78e0f8363d7424755f014928174e097b4da6ecb9abd59f494a382849a1afd4ae,"Bcs giao nhanh và đúng sản phẩm. Có cả thư tay từ shop và đóng gói cẩn thận nữa. Quá tuyệt, sẽ ủng hộ tiếp!",5,2023-05-25 14:24:09,1,True,9389530410,345248715,0,0,0,0,0,107,25
4d08a37fee31643df29e3061ab09784a3acab447b4d01a7b9937a50b6ac2145a,"Sản phẩm được đóng gói kĩ càng, cẩn thận, tránh va đập, chất lượng dịch vụ khá tốt, shop thân thiện hỗ trợ. Sản phẩm khá đẹp đúng mô tả dùng khá ổn, phải cần thêm thời gian trải nghiệm mới đánh giá thêm được. Nhưng mà oke nha, có dịp sẽ ủng hộ thêm shop.",5,2025-07-26 16:02:28,5,True,9389530410,345248715,0,1,0,0,1,254,56
0cc8cd915ac790e98d1328b0dc7038a7986e8c848d50c6ffb67e1f5379a2b73e,"Giao hàng nhanh, shop có che tên SP nè, có viết cả thiệp cảm ơn rất dễ thương, mình thấy gói hàng rất chỉnh chu lun thấy loại này mỏng cũng muốn dùng thử chưa biết thế nào mà khâu cbi thích lắm.",5,2023-05-22 16:03:52,4,True,9389530410,345248715,0,0,0,0,0,194,43
7132739cd0800d425eaf1262bb94ef06f2132462ab424187b4778edb2a641764,"Sản phẩm được đóng gói cẩn thận. Mình đã sử dụng sản phẩm của hãng nhiều lần. Mùi hương dễ chịu, cảm giác chân thật. Sẽ ủng hộ shop nhiều! Đặc biệt, shop có kèm theo lời nhắn gửi rất dễ thương!",5,2023-04-08 11:23:50,1,True,9389530410,345248715,0,0,0,0,0,193,42
f2138ded8281b5df6220a63fd2557e24a429605aaf6edebf362986d7d6ebb3cb,Công dụng:bao ve suc khoe Shop tư vấn nhiệt tình đóng gói cẩn thận hương vị khá thơm dùng thích mọi người lên mua nha,5,2023-09-13 11:34:48,1,True,9389530410,345248715,0,0,0,0,0,117,25
037693d717cdb51df24ee6c55971d9fe1ad6f1f44c725c6f6c69f6edd8b770b8,"Shopeemall hàng chất lượng, tem mác đầy đủ, giao hàng cẩn thận, nhanh và k để phần nội dung. Shop tư vấn nhiệt tình, giá tương đối ổn, đóng gói cẩn thận. Mình sẽ ủng hộ thêm, mn nên mua nhé.",5,2021-10-27 18:50:16,1,True,9389530410,345248715,0,0,0,0,0,190,41
948d3a7d7f3231ecfb984c7c4ff5e7c06716c24582fd0c7e10cdbdb98bf84034,"Công dụng:ok bcs mỏng, size ôm khít.shop chăm sóc tư vấn khách hàng dễ thương nhiệt tình lại kèm thư tay hết nước chấm 😁",5,2023-03-22 17:54:52,1,True,9389530410,345248715,0,0,0,0,0,120,25
dada394b7cbb3437fa50670d011bec9604530cafceec3773ea982ce3e668cae9,"Lần đầu mua hàng này trên shoppee, cái shop này 10 điểm, giao hàng rất nhanh 1 ngày đã nhận đc hàng, đóng gói chắc chắn, đúng mẫu, có quà tặng, che tên sản phẩm",5,2024-07-05 12:14:44,3,True,9389530410,345248715,0,0,0,0,0,160,35
dab417b96111449e23c1ad685019b65ea8a31f5cd93ab86bc6800d7ae6a53e50,"Đóng gói hàng chắc chắn, giao hàng nhanh. Hình thức khi nhận trông cũng đẹp, giống hình ảnh trên shop. Chất lượng đã dùng nên biết. Đánh giá năm sao",5,2025-11-14 12:17:36,3,True,9389530410,345248715,0,1,0,0,1,148,30
4d08a37fee31643df29e3061ab09784a3acab447b4d01a7b9937a50b6ac2145a,"Sản phẩm được đóng gói kĩ càng, cẩn thận, tránh va đập, chất lượng dịch vụ tốt, shop thân thiện, sản phẩm khá đẹp và đúng mô tả, chất lượng ban đầu thấy khá ổn phải dùng thêm thời gian mới đánh giá thêm được, có dịp sẽ tiếp tục ủng hộ shop. Được tặng rất nhiều quà nha. Đã ủng hộ shop nhiều lần rồi và uy tín.",5,2024-07-25 12:48:33,5,True,9389530410,345248715,0,0,0,0,0,309,69
24071c91edb076bf435df4b8042ec90a2679d6c17388431064c113df907add2f,"Sản phẩm có thiết kế gọn, dễ sử dụng. Chất lượng ổn định, đáp ứng đúng nhu cầu cơ bản. Hiệu quả thể hiện rõ sau thời gian ngắn sử dụng. Giá thành hợp lý so với chất lượng. Phù hợp cho người mới bắt đầu và sử dụng hằng ngày.",5,2026-01-03 21:45:22,0,True,9389530410,345248715,0,1,0,0,1,223,51
24071c91edb076bf435df4b8042ec90a2679d6c17388431064c113df907add2f,"Sản phẩm có thiết kế gọn, dễ sử dụng. Chất lượng ổn định, đáp ứng đúng nhu cầu cơ bản. Hiệu quả thể hiện rõ sau thời gian ngắn sử dụng. Giá thành hợp lý so với chất lượng. Phù hợp cho người mới bắt đầu và sử dụng hằng ngày.",5,2026-01-03 21:44:00,0,True,9389530410,345248715,0,1,0,0,1,223,51
986692399a07885d6a34c826aef958b152d5b34bf2f0eb28b7a60fa08d68257d,"mua lần 2 rồi, dùng thích hơn durex, shop giao hàng nhanh, che tên cẩn thận, kèm bí kíp 18+ nữa, tâm lý ghê luôn",5,2022-08-16 19:56:13,1,True,9389530410,345248715,0,0,0,0,0,112,25
37892fb82d487be9ea7eb7ab89d2b7388922cc441f23a42448666d6395d2307c,"Lần thứ N mua BCS Feelex rồi, vẫn rất hài lòng về chất lượng và giá thành. Lần tới mua xong không biết có nên viết đánh giá nữa không 😄 Mình mua sale giá 50k, các bạn xem giá tham khảo lúc mua xem đắt rẻ nhé. Các bạn muốn xem video trên tay sản phẩm có thể xem trên kênh Youtube @Trungtrau của mình hoặc xem ngay trên Shopee video của mình nha",5,2023-10-25 14:19:00,1,True,9389530410,345248715,0,0,0,0,0,343,75
3e8110ac3093487f1f6acc73d722bcfac0537a73139d1d96a9cbd7ab6ba84b9e,"Bao cao su siêu mỏng, cảm giác rất chân thật và mềm mại. Gel bôi trơn: Gel bôi trơn dạng nước dễ rửa, không gây mùi khó chịu.",5,2026-03-09 15:53:47,1,True,9389530410,345248715,0,1,0,0,1,125,28
64b7d7fa6f4dc6b8040b65b5c567005a724b3a98554d3a4610e89498d055681a,Công dụng:ol Đã nhận được hàng..shop che tên k ghi chi tiết rất kín đáo. Hộp còn ghi chú dễ vỡ và có thiệp viết tay rất đáng yêu. Cảm ơn shop,5,2023-09-19 19:01:38,5,True,9389530410,345248715,0,0,0,0,0,141,32
37acdb583ffb3a35ab07cbe8ad2d5e826e73cfb9c83cbf399c8f1ab5885ecc2f,"Công dụng:giúp thăng hoa, gắn bó tình cảm gia đình, kết nối tình yêu Shop đóng gói kỹ, bọc đẹp, che giấu tên sản phẩm bên ngoài rất chuyên nghiệp Kèm thêm thông điệp bên trong và bí kíp giúp cuộc yêu thêm thăng hoa hơn, Đóng gói sản phẩm trong hộp từng cái riêng cũng rất đẹp và chuyên nghiệp, trông đẹp mắt và cùng rất kích thích nữa, dùng ok sẽ tiếp tục ủng hộ lâu d",5,2022-09-09 20:52:59,1,True,9389530410,345248715,0,0,0,0,0,368,79
3887537e9a8de64fbc41ddd9be06e0e2a1fba4b546e4e72feae86a70c21de983,Công dụng:tránh hậu quả Mua về tui chưa sử dụng nhưng mình vẫn đánh giá cao vì shop có che tên sản phẩm và giao hàng rất nhanh,5,2025-09-15 21:09:25,1,True,9389530410,345248715,0,0,0,0,0,126,28
37019c8da6dc4c43568c383cc5582ac4c7fd77bdc42bbf0702f0c1812f67a477,"Sản phẩm tốt, giao hàng nhanh, đóng gói cẩn thận. Hình ảnh mang tính chất minh họa. Sẽ tiếp tục ủng hộ shop khi có nhu cầu",5,2025-02-26 16:17:18,1,True,9389530410,345248715,0,0,0,1,1,122,27
d63aaaa1a900b742ba9c36c6cb2486b88b1e9dfbace98f2240267138252c68ac,"Công dụng:abc Nhìn sp rất chỉnh chu, hộp đóng gói đẹp, sắc nét, lời nhắn nhủ viết tay & kèm mùi nước hoa trong hộp, khá tinh tế.",5,2024-12-26 18:40:11,2,True,9389530410,345248715,0,0,0,0,0,128,28
82d1d09c6b3a56c795bf4b696d4756daf3796e1850cf1bda07de0ec15760f12e,Hình ảnh chỉ mang tính để được nhận xu Giao hàng nhanh Thư cảm ơn viết bằng tay rất hay đọc xong chỉ muốn ủng hộ shop tiếp Mong sản phẩm sẽ hài lòng người sử dụng,5,2022-05-28 18:14:33,5,True,9389530410,345248715,0,0,0,1,1,165,37
7bfe8fd8f4c5008e6dae2e592155af825256b3e977056a88a049df5aca4ca575,"Sản phẩm rất là chất lượng nhé, shop rất nhiệt tình sợ sản phẩm mình không ưng nên kèm theo tấm thư tay nữa. Sản phẩm nhiều gel, mỏng, không bị rách trong quá trình sử dụng, hộp thiết kế rất đẹp rất bắt mắt.",5,2023-07-21 10:11:49,1,True,9389530410,345248715,0,0,0,0,0,207,45
cc17e0ae0df3871f260f5fba287a9d1e406dbefebf37be16782aa8552528ebdc,Giao hàng nhanh. Đóng gói sản phẩm rất chắc chắn. Shop che tên sp. Rất tế nhị. Nếu sd hợp. Mình sẽ ủng hộ tiếp.,5,2023-09-14 14:14:02,5,True,9389530410,345248715,0,0,0,0,0,111,25
9d3911ef972ce815a1b421624bc6cc29e9ac99257ceba7d0707ea9b459281685,Công dụng:ổn Nhiều gel mỏng ok 👌 ........nên mua nhia giao hàng nhanh có thư cảm ơn ..phải chi mua nhieu shop có nhiều quà tabg thì ọk,5,2024-04-03 07:05:58,5,True,9389530410,345248715,0,0,0,0,0,134,28
e93ffa4491206648a84c0a0822e177c859b1470436c1ebb17fefbbbb09c898f9,"Sh giao hàng nhanh , mẫu mã đẹp xứt xắc 😍 chưa thử nên chưa biết chất lượng như nào..nhưng mà trc tiên là nhận hàng mở ra thấy sh có gửi kèm thư (kiểu viết tay) rất dễ thương nha 😍, ít có sh nào gửi hàng kèm thư cảm ơn nên mh cho sh 5* mặc dù chưa thử chất lượng nhé😋",5,2022-08-04 20:28:54,2,True,9389530410,345248715,0,0,0,0,0,267,64
4abd822edb11ca163c7e22775d5a6936fee83a8c4c05353658010acfa83eafd0,"Công dụng:tránh thai và các bệnh lây truyền qua QHTD Cám ơn Shop đã chu đáo gửi quà tặng 2c free và kèm cả thư cảm ơn. Ship nhanh, gói hàng cẩn thận. Mình chưa dùng đến ngay nên chưa biết chất lượng ntn. Đánh giá shop 5*, sẽ tiếp tục ủng hộ nếu sd thấy hợp.",5,2023-04-15 11:33:20,2,True,9389530410,345248715,0,0,0,0,0,257,57
a2ede55d224e7a3766a45594b5bf9fe2f29fa0593253edd1e8eeb07a2bc44e89,"Công dụng:bảo vệ lây nhiễm các bệnh qua đường td và tránh thai Đã mua nhiều lần mua của shop, giao hàng nhanh, đóng gói cẩn thận, đợt này mỏng ôm khít có hương dâu dễ chịu",5,2022-09-23 01:58:23,1,True,9389530410,345248715,0,0,0,0,0,171,37
52d15dd985f2b7e2d5dbe092e5375c10bc52a7028b8e81fe3e498ff622e5bdb0,"sản phẩm tốt, đóng gói siêu cẩn thận, nhân viên hỗ trợ siu nhiệt tình lun ạ . ncl rất ưng ý với shop 😘😘 sẽ còn quay lại ủng hộ ạ",5,2024-10-06 09:31:29,1,True,9389530410,345248715,0,0,0,0,0,128,32
8072e863e1d064620c54899fc2d4e3b4935deaab682c63e507590f472300fb44,"Đóng gói kĩ càng, che tên sản phẩm. Bao ok dùng thích, hạn sử dụng còn dài. Thank shop sẽ quay lại mua lần nữa!!!!!",5,2024-01-13 13:17:35,4,True,9389530410,345248715,0,0,0,0,0,115,25
ecf7a96ae9fa7963c9966d2cbd277084ceb096ff5d814a4075bb1126e69d1b11,Shop làm việc rất có tâm.. rất tâm lý và giáo hàng rất nhanh. Hơn nữa chữ viết tây rất là đẹp nữa ạ. MN nên mua nhé,5,2022-07-23 14:34:08,1,True,9389530410,345248715,0,0,0,0,0,115,28
13e46ab30f6071f196d1182f8f2ec29dc8b12e6edf7e3e24da5521d5a52566bf,Shop giao hàng siêu nhanh. che tên kín đáo. khâu Đóng gói cực kì đẹp.shop rep tin nhắn hỗ trợ nhanh. Có kèm giấy thơm nên Mở hộp hàng ra là thấy mùi thơm rồi. Shop còn tự viết thiệp cảm ơn nữa. Mình sẽ ủng hộ shop lâu dài,5,2024-08-09 21:50:50,1,True,9389530410,345248715,0,1,0,0,1,221,50
c987e5566cf61b286e4274e26cf38c1e6fc556e0d75931ec89e0e3fcb3b74d69,"Giao hàng nhanh gọn lẹ, giá cả ổn thỏa, shipped thân thiện mọi người nên mua nha. Hàng cũng rất là chất lượng ship siêu nhanh và shop cũng thân thiện nhiệt tình. Nếu có cơ hội đợt sau thì mình cũng sẽ mua tiếp để ủng hộ shop vì hàng khá là rẻ và chất lượng",5,2026-05-20 18:15:03,1,True,9389530410,345248715,0,0,0,0,0,256,57
ca1dac1e1efe2b46125b75dc1ad5261cfd91640e867f8d2912aebf1f247be3f1,Hàng chưa xài nên không biết ntn thấy shop làm việc có tâm uy tín giao hàng nhanh giá cả hợp lý cho shop 5s nha,5,2024-08-22 12:11:05,1,True,9389530410,345248715,0,0,0,0,0,111,26
3768c2f4f12387bb00c0fe9565ba7c1b4e18f9321532447961fbffa92c2c113d,"Bao bì sản phẩm được thiết kế khá tinh tế, màu sắc hài hòa và thông tin in rõ ràng. Chất liệu vỏ ngoài chắc chắn, dễ mở nhưng vẫn đảm bảo tính kín đáo và vệ sinh. Nhìn tổng thể, bao bì tạo cảm giác chuyên nghiệp và đáng tin cậy.",5,2025-09-12 12:52:18,1,True,9389530410,345248715,0,0,0,0,0,228,52
4d08a37fee31643df29e3061ab09784a3acab447b4d01a7b9937a50b6ac2145a,"Sản phẩm được đóng gói kĩ càng, cẩn thận, tránh va đập, chất lượng dịch vụ khá tốt, shop thân thiện hỗ trợ. Sản phẩm khá đẹp đúng mô tả dùng khá ổn, phải cần thêm thời gian trải nghiệm mới đánh giá thêm được. Nhưng mà oke nha, có dịp sẽ ủng hộ thêm shop.",5,2025-06-22 09:17:45,5,True,9389530410,345248715,0,1,0,0,1,254,56
ba2d386c5dae6e273daafdd45751f663f35d1790f8ad2249d06facb1414ad74e,"Công dụng:bao con ciu Sản phẩm tốt với tầm giá, shop hỗ trợ nhiệt tình, đóng gói sản phẩm chắc chắn, giao hàng đúng hẹn",5,2025-09-14 07:41:46,1,True,9389530410,345248715,0,0,0,0,0,119,25
a6af18cd1065afb1c0c659176c7abd914133db29d9ab75aae481eb8cbe8c354c,Shop nhiệt tình và dễ thương quá. Hàng đảm bảo kín đáo. Shop gửi hàng kịp Thời ko chậm chút nữa là lại có em bé. Mình sẽ dùng thử và ủng hộ shop nữa.,5,2023-04-25 19:14:23,5,True,9389530410,345248715,0,0,0,0,0,149,35
786cc2ed18665c843dd250182b997f64cc1c79bfe3f50e0f294d5936f517dbf2,Công dụng:tranh thai Shop đáng yêu cực! Dùng loại này thấy còn thích hơn Durex. Vote 5 sao cho shop. Còn che tên cẩn thận nữa. Ưng lắm ý ❤️❤️❤️,5,2024-02-25 16:43:24,3,True,9389530410,345248715,0,0,0,0,0,143,30
b5d254688f3a0b7bf8e616b22ff850b026ad09eb2e162c222879c8f866056aff,"Shop CSKH tốt, có che tên sp. Sp thiết kế mẫu mã đẹp, lạ, giá thành rẻ so với các loại siêu mỏng khác. Nhà mình thường dùng bcs siêu mỏng 0.01-0.03 nên cũng ko thấy có gì đặc biệt.",5,2022-03-25 01:57:15,1,True,9389530410,345248715,0,0,0,0,0,180,40
ce8c88bd99c8d8aa3830b9b9f62003acb5e1518e2e9d05010d1ee5da87c63520,"Shop giao hàng che tên rất tâm lý. Dịch vụ chăm sóc khách hàng rất chu đáo. Sản phẩm đúng như hình, chưa dùng nên chưa biết chất lượng, nếu tốt sẽ tiếp tục ủng hộ shop. Cộng thêm điểm chữ viết đẹp ^^",5,2022-09-01 11:45:13,1,True,9389530410,345248715,0,0,0,0,0,199,44
90bf2a797d14da6461a130d89738bf162b716a99ac52ba0201a350f79c1da0a3,Công dụng:bv sức khỏe Shop tặng quà quá nhiều luôn..sản phẩm thì chất lượng giá thành thì rất tốt..nước hoa bimbim thì thơm hơn người iu cũ luôn..cảm ơn shop vì những sản phẩm chất lượng thế này…sẽ ghé shop thêm vào thời gian sớm nhất,5,2024-04-18 11:11:43,1,True,9389530410,345248715,0,0,0,0,0,234,46
8105c6bc523bf6a77a2259b14afe2fe295dbe9f5b96089e3125e1c2a6c81ad9d,"Công dụng:là “ba con sói”😀,… Sản phẩm tốt. Mẫu mã đẹp. Dễ tháo bóc. Đặc biệt của loại bao cao su này là rất nhiều gel trơn, dùng rất ok.",5,2024-01-14 20:08:17,1,True,9389530410,345248715,0,0,0,0,0,136,30
f3f9d56c5ce3ee138c858f9603d385e53c259a9e4ab2f74715107fe515ebb983,"Công dụng:chống chửa đẻ Shop phục vụ quá tuyệt vời, đóng gói đẹp, có thư cảm ơn và kèm cả hướng dẫn cách qh lên đỉnh, cách vuốt ve cậu nhỏ nữa. Ôi shop còn che tên sản phẩm khi giao hàng, tâm lý quá, đã dùng thử, rất tốt, nhiều bôi trơn, mỏng, ko rát, ngoáy sướng + phê rên tận nóc nhé mn",5,2022-06-07 21:09:45,1,True,9389530410,345248715,0,0,0,0,0,288,65
7584c8b0b800002dbaa21f9c1ebf6a60a23acc63726ae40bb0d00c4a1eb9a55d,"Độ mỏng:mỏng nhẹ Gel bôi trơn:dễ rửa Sản phẩm y hình dùng tiện tránh thai tốt, mỏng nhẹ đã mua nhiều lần dùng ổn,shop đóng goia kĩ giao hàng nhanh có che tên sản phẩm",5,2026-05-03 22:47:18,1,True,9389530410,345248715,0,0,0,0,0,166,35
c98d3be5c63b224e6fd5c2151b7db0424dcfc64b82f152ec6b324ffbcb0998cf,"Giao hàng 3 ngày. Đóng gói cẩn thận. Shop che tên rất đáng yêu. Còn viết cả thư tay. Shop có tâm quá. Lần sau sẽ ủng hộ shop tiếp ạ. Sản phẩm dùng thì mình thấy so với tầm giá là rất oke ạ. Bao mỏng, nhiều gel mà còn thơm.",5,2022-07-15 09:49:34,3,True,9389530410,345248715,0,0,0,0,0,222,52
d4265b080c932ce9387546cbfa9086a1ca69005d5c1683104de6a719d2118a3e,Hàng VN giá ổn xài khá tốt. Shop đóng gói cẩn thận & giao hàng nhanh. Đã mua ở đây từ vài lúc mới mở rất ưng ý.,5,2025-03-09 13:03:05,1,True,9389530410,345248715,0,0,0,0,0,111,28
5a5144378b17deaa1adeb642654a482a7cf9d5797227f5fe144db4176ebeaf2d,"Công dụng:BCS Mới mở hộp là có mùi thơm dễ chịu. Sp đóng gói đẹp, chắc chắn. Có che tên nha các bạn. Shop có gửi kèm card cảm ơn và bí kíp nhá các ạ",5,2022-09-27 10:08:12,4,True,9389530410,345248715,0,0,0,0,0,148,36
e75ebe44e61ac729cf9f4e9f6311edf4945ba3f773e81d93af5cfa4c989e036a,"Công dụng:ngừa thai Shop giao hàng nhanh, đóng gói cẩn thận, shop tinh tế đã che tên sản phẩm, mh chưa dùng nên chưa biết sản phẩm OK k, nếu dùng ok lần sau sẽ ủng hộ tiếp",5,2023-12-09 00:24:39,1,True,9389530410,345248715,0,0,0,0,0,171,38
e5a44c8139e3cbcf76e38e8392d7b1cec57eb67f681f50ca42bf728848f043f7,"bao bì đẹp, dùng thích, giao hàng nhanh không nhớ lần này mua là lần thứ mấy rùi. Các ce nên chủ động mua bảo vệ mình nhé",5,2026-06-01 14:30:11,1,True,9389530410,345248715,0,0,0,0,0,121,28
dc5e001d87186723088ea509177535e69107f1cf2b5644e42404a3ccbc3a0dc1,Công dụng:giao hàng nhanh Đóng gói cẩn thận Lần nào cũng có thư tay của shop Loại này dùng nhiều rùi Ok lắm nha mọi người ơi Tin tưởng shop nhé Mới đặt hôm qua nay nhận được rồi nè Hihi 🌷 Chúc shop phát triển nhé 10 điểm nạ 🌼 🌺 😍,5,2025-06-03 09:20:22,1,True,9389530410,345248715,0,0,0,0,0,229,53
00c018fd5ef46b0945ddb5ff77e7b0efad913f2b9095a6a0a39a6f9bfac3dc3e,"Hàng đóng gói rất đẹp. Quả nhiên người bán đã gửi gắm rất nhiều tâm tư và tình cảm trong lúc gói hàng. Hộp không có dấu hiệu bị móp, chứng tỏ bộ phận vận chuyển đã nâng như nâng trứng, hứng như hứng hoa. Xin nghiêng mình cảm ơn vì tất cả.",5,2024-05-05 07:52:13,2,True,9389530410,345248715,0,1,0,0,1,238,53
5404f78e23cc0f85c21f00a7f9fb4210325b558bf7078b0f1df71fc884144c6a,"Giao hàng siêu nhanh ạ, gói hàng cẩn thận kín đáo, mình đã dùng thương hiệu olo nhiều rồi rất ứng ạ, bao khá mỏng dùng rất thích ạ. Cảm ơn shop",5,2021-08-27 11:38:30,3,True,9389530410,345248715,0,0,0,0,0,143,32
15dcf8ed30342f94a8c551b102aadc99efe56229eda69c3d5d76a9424f298348,"Công dụng:good Mới mua lần đầu, ship siêu nhanh, che tên sản phẩm tốt, đóng gói ok, chất lượng vỏ hộp có vẻ tốt. Nao dùng thử xem hiệu quả thế nào",5,2023-07-03 00:57:18,0,True,9389530410,345248715,0,0,0,0,0,146,32
050cc1a800bb62b7abf11defc6ee77570e4630b472b4bc84ceb4f9a30618dde8,"Mua của shop vài lần rồi , nói chung là đóng gói rất oke , chất lượng thì cũng khá ổn chưa gặp phải bao bị rách hay có vấn đề gì cả , ủng hộ shop tiếp nhé",5,2022-07-17 11:15:03,1,True,9389530410,345248715,0,0,0,0,0,154,39
612464fd4607faa7f732f745ff8bc552ff38efecc5458bf1b78c5080c36d24f5,"Công dụng:tránh thai Hàng dùng siêu thích, shop thì lịch sự, đã mua nhiều lần sp này của shop rồi và sẽ tiếp tục ủng hộ shop, hy vọng có nhiều vocho giảm giá để dc mua sp của shop",5,2024-01-18 21:36:45,1,True,9389530410,345248715,0,0,0,0,0,179,40
b89b00699502c3ac5ffb95b853d02c2311cea5d6e7cd54b41781065bdbde1850,Uiii ưng cách đóng gói của shop dã man chăm sóc khách hàng rất tốt gói hàng còn kèm theo giấy thơm và bí kíp shop có tâm cực mình nhắn tin thì shop rep rất nhanh còn sản phẩm chưa sd nên chưa biết nếu tốt sẽ quay lại vào dịp sau khi hết mong là mỏng hihi,5,2022-05-09 10:50:29,2,True,9389530410,345248715,0,0,0,0,0,254,59
75fb344de53f35e703e224a369f1bb951ed2eeab2846b525fd5fc3d12a878626,"Shop giao đúng loại đã chọn, shop bọc cẩn thận chống sốc, che tên sản phẩm bên ngoài chưa sử dụng nên k biết ntn. Mọi ng cmt tốt, mua đc giá sale",5,2023-05-31 18:37:49,1,True,9389530410,345248715,0,0,0,0,0,145,33
2dbce9e4697082ea6c580804751a07ee3e4ead77c9b71f127684c65e5af443b2,"Từng mua của shop rồi và rất tin tưởng vào sản phẩm. Gel thì lần đầu mua. Shop rất chu đáo và nhiệt tình rep tin sẵn sàng tư vấn, mình rất hài lòng. Đặc biệt mùi hộp rất thơm❤️ 5 sao là chắc chắn rồi",5,2022-04-17 13:54:14,0,True,9389530410,345248715,0,0,0,0,0,199,46
fe713123f838e16cc7c5d357ca8470a82cbfc3ea11fed5ad36f43b96d8641bb2,"Công dụng:bảo vệ sức khoẻ Đóng gói cẩn thận, nội dung che người giao hàng không biết giao hàng nhanh, xài rất ok giá hợp lí",5,2025-06-26 17:48:07,2,True,9389530410,345248715,0,0,0,0,0,123,26
8679dc3a4652013b97023ced0f6854bb56a2f9dc78b7cb77566446e5ec9f996e,"Chưa dùng nên chưa biết chất lượng, nhưng đánh giá khá cao về cách đóng hàng cũng như chính sách chăm sóc khách hàng. Nếu ok thì lần sau sẽ ủng hộ tiếp, hơi tò mò về loại có khay, nhưng lần này mìn mua lại là loại ko khay, ksao lần sau thử vậy Cho shop 5 sao",5,2023-08-11 09:18:15,5,True,9389530410,345248715,0,0,0,0,0,258,59
c3bf494df1df9c82cc1c0314c774a14453a2b761da74a25bfbfd302867e7f441,"Dịch vụ chăm sóc khách hàng 10 sao luon shop nhé. Sản phẩm đóng gói cẩn thận, có mùi thơm, giao hàng nhanh. Mới đầu đọc cái tờ hướng dẫn mà không nhịn được cười🤣",5,2022-04-05 20:55:37,2,True,9389530410,345248715,0,0,0,0,0,161,35
e4d282891ad156807c88f548bb34c0074d3eb862487b118ec31f5d3b80b25da3,"Công dụng:Tuyệt vời Shop giao nhanh, thông tin sản phẩm được che cẩn thận, có thư cảm ơn đính kèm Sản phẩm có mùi thơm, gel nhiều",5,2023-06-17 15:28:53,3,True,9389530410,345248715,0,0,0,0,0,129,27
bcdc78eeef49155178af8bd303445ab3101cb79a876576a3102c64f489684e77,Mình rất ưng về sản phẩm. Shop phục vụ rất tốt. Đóng gọi gọn gàng che tên sản phẩm còn kèm cả giấy thơm và sách hướng dẫn luôn 😂😂 Sẽ ủng hộ shop vào lần mua tiếp theo. Chúc shop bán đắt hàng.,5,2021-12-28 12:32:37,2,True,9389530410,345248715,0,0,0,0,0,191,44
3e09fa0f1f27c5986f6c2c04457c20c2527941fb1345630904744f9e4f799e6c,"Công dụng:toote ⭐️⭐️⭐️⭐️⭐️ Sản phẩm nhận được đúng như mô tả của shop. Đóng gói chắc chắn, giao hàng nhanh, không bị móp méo hay hư hỏng gì cả. Chất lượng cầm trên tay rất ổn, sử dụng vài ngày thấy hoạt động tốt, đúng nhu cầu của mình. Điểm mình thích nhất là thiết kế đẹp, dễ sử dụng, chất liệu bền và nhìn sang. Giá cả hợp lý so với chất lượng, hoàn toàn hài lòng với trải nghiệm mua sắm lần này. Shop hỗ trợ nhiệt tình, phản hồi tin nhắn nhanh. Mình sẽ tiếp tục ủng hộ và giới thiệu cho bạn bè. 👉 Nói chung, sản phẩm đáng tiền, đáng mua!",5,2025-09-22 22:51:25,1,True,9389530410,345248715,0,0,0,0,0,540,116
56fcb202a2e8c13b5a5b929a29ea48a2cb98b28ddf7587525eb53c030ecb2d5a,"Công dụng:ngừa mọi vấn đề Đã mua lần 2 của shop , giá rẻ , mỏng hơn DR nhìu nha , shop giao hàng nhanh , có thư cảm ơn nữa , che tên SP rất tinh tế",5,2025-02-24 20:04:08,2,True,9389530410,345248715,0,0,0,0,0,147,38
25b47a2a4f3658784bf7a33782f1875b7789163ec22c49640dc50ac9f27a2fb8,"Công dụng:bao cao su Sử dụng rất ưng nha, bcs của hãng sử dụng rất thích luôn. Lần đầu sử dụng mà ưng ý vô cùng sẽ ủng hộ tiếp",5,2025-04-17 17:35:39,1,True,9389530410,345248715,0,0,0,0,0,126,30
347d20f0dd3cbbb6b581a198613a10036e86ddf7712c62782d7918c7b867f072,Đã mua 3 lần và chất lượng lúc tuyệt vời. Lần này giao hàng siêu siêu nhanh luôn. Mình đặt hôm 12/12 mà hôm 13 đã có rồi. Sẽ ủng hộ shop nhiều lần tới,5,2021-12-13 21:33:07,1,True,9389530410,345248715,0,0,0,0,0,150,35
4071383723ec67bdd848bf3f806d7cb76b9f7854c4695241422fcdaefa08db71,Độ mỏng:Good Gel bôi trơn:Good Sản phẩm cực kì tốt và giá cả ổn định. Giao hàng nhanh và cực chỉnh chu. Shop rất có tâm và có tầm.,5,2025-12-15 07:20:32,1,True,9389530410,345248715,0,0,0,0,0,130,29
35fde17ac8bd05657e3655e35be488a24163540813d769d2cd583f2691505484,"shop chăm sóc khách hàng tốt lắm nhen, đóng gói ok hàng kh bị gì hết còn tặng kèm bí kíp nữa :)))) mấy couple mua đi để trải nghiệm nhe",5,2022-01-10 17:57:15,3,True,9389530410,345248715,0,0,0,0,0,135,31
fa545f7f6268eba6fb94004367927a14995f1bee9bee623af85dad6ee5772ad7,"Sử dụng nhiều của hãng nên thấy hài lòng từ cách đóng gói đến chất lượng ,bcs mỏng dùng chất chân thật ,lần này shop còn để cả giấy thơm kèm theo tinh tế ghê shop",5,2022-02-15 13:24:15,1,True,9389530410,345248715,0,0,0,0,0,162,36
857d886b06508e20a660a6e2d1e9d36374feaaec31aa8b6d96867dd42a2e6364,"Shop giao hàng nhanh và nhiệt tình, sản phẩm cũng giống như shop mô tả. Chất lượng tốt và rất chuẩn. Sẽ ủng hộ shop lần tiếp theo",5,2026-04-11 10:00:02,1,True,9389530410,345248715,0,0,0,0,0,129,28
2c4110f6ef7f73fadde41ae45c8fc7f47000f0fac403ff6eaa01d740f0f1bc06,giao hàng siêu nhanh ạ 😂 unbox bcs mà thấy xịn xò quá đi ah kiểu mới này quá đẹp lun shop nhiệt tình nên mua nha mng,5,2023-11-28 12:37:59,4,True,9389530410,345248715,0,0,0,0,0,116,28
967b4f2dcce9e21c5783fdf0a4b4613807518b7bd2d61e83f4fac3e62ffba6cf,"Công dụng:bcs invisible và bcs performance Giao hàng nhanh, shop che tên sản phẩm tinh tế, tư vấn tận tình, còn có thư cảm ơn viết tay nữa. 10 điểm cho shop này. Mình sẽ ủng hộ shop cho tới khi nào mình bị vắt khô kiệt sức hết hơi :))).",5,2024-09-30 01:52:03,3,True,9389530410,345248715,0,0,0,0,0,236,51
d0e81baa04518349c1c14338ff58235ddf1453a2ef42f1074f66ae712b3b1c1d,"Mình mua hộ bạn nên cũng không biết chất lượng ra sao nhưng mà bao bì thì ưng rùi ạ đủ hàng, giao hàng nhanh, shop siêu nhiệt tình 🥰🥰, có tặng cả bí kíp 18+ =))))",5,2022-03-05 09:06:24,2,True,9389530410,345248715,0,0,0,0,0,162,37
9370f73e33b2c8cc219bf5ce0c852838d281f029bf97938709e9dd929dc93f2a,"Shop chu đáo, che tên còn có bí kíp 18+ cute😂😂 Muốn review lắm nhưng rất tiếc tui mua dùm. Nhưng với cách gói hàng và tỉ mỉ như vậy rất hài lòng. !!!",5,2022-04-28 11:04:16,2,True,9389530410,345248715,0,0,0,0,0,149,34
3791e47875ea34f8fbc45418b9aee2544d6f677cd4e8a4579de27215713158bc,Công dụng:khoir nois luoon hàng giao đầy đủ số lượng và màu sắc. mùi thiwm dã amn. mới bóc đã thơm lắm roi. shop đóng gói cẩn thận. shop còn tâm lý ko ghi tên đơn hàng. 5* luôn. nên mua nhé. mọi ng rv quá,5,2023-04-15 11:26:59,1,True,9389530410,345248715,0,0,0,0,0,204,46
db580d17db3392c092252a12b951b9a18224a98f4a7594fc9cf1faa0d94b8032,Giao hàng nhanh đóng gói cẩn che tên sp tâm lý lắm ạ mình mua lần thứ 2 ở shop r ạ giá rẻ chất lượng khỏi phải bàn nha mọi người nên mua ạ ^^,5,2024-01-05 13:13:20,1,True,9389530410,345248715,0,0,0,0,0,141,36
d5a0c5a371cf673e131d8e410ad6a8d6e26eee0cc05a0bd1c807a06856daf399,"Công dụng:yêu Lần đầu mua luôn ấy nên ngại dữ, nhưng shop che tên sp tốt, che luôn tên shop nx tuyệt vời luôn. Chất lượng đã dùng qua thì khá ok, đàn hồi co giãn tốt, có gel nữa.",5,2023-12-02 21:57:02,2,True,9389530410,345248715,0,0,0,0,0,178,40
23375427dd77e24f0e043361aee2bd75d124b907601e06d4fd2aff0346a1ce53,"Công dụng:ba con sâu Hàng đóng rất đẹp, shop chu đáo che tên sản phẩm trước khi gửi, hàng chính hãng có tem niêm phong rất yên tâm khi sử dụng. Nói chung rất hài lòng",5,2022-09-07 10:49:40,2,True,9389530410,345248715,0,0,0,0,0,166,36
9dcb3e91797a1173c72fb3c00021af414ddeb3b80444900683e3694c8bf6f0c5,Công dụng:tot Giao đúng hàng. Còn có thư ghi bằng tay rất thể hiện quan tâm tới khách. Giao hàng che tên. Thấy hộp bcs cũng xịn xò. Hy vọng xài tốt. Sẽ quay lại đánh giá sau.,5,2022-12-12 12:01:28,2,True,9389530410,345248715,0,0,0,0,0,174,38
11f7bf36309cfe10d6fc4dc5328b3909f79538b2dad072058d0de9772114e2cc,Công dụng:bcs Shop đóng gói cẩn thận có che tên sp kỹ càng. Dịch vụ chăm sóc khách hàng cũg rất tốt hỗ trợ và giải đáp thắc mắc nhanh chóng. Sp chính hãng giá tốt sẽ tiếp tục ủng hộ shop,5,2023-07-14 13:29:27,1,True,9389530410,345248715,0,0,0,0,0,186,42
1431e8b2d3925acd08df1a095ab4d8dbe3e15179eeddabad92cbacf346867a63,"Công dụng:bảo vệ vs tăng cuộc xxx Mk lần đầu biết tới hãng và đọc sau 7,7, 49 feedback thấy tốt nên cũng liều 1 lúc mua mấy loại dùng thử. Mua cũng lâu mà mm ms dùng 1 chiếc ở hộp 3c rất oke nha. Thơm vs nhìu gel lắm luôn á. Lần 1 dùng durex cảm giác khô, dày , lần 2 dùng sp này bao phê. 10đ ko có nhưng.",5,2023-11-07 10:58:57,2,True,9389530410,345248715,0,0,0,0,0,305,73
a817193ce6689224be8821655b13c3b42d432c568a8794882d88c15d2d799222,"Giao hàng nhanh, đóng gói kỹ, có che tên hàng tránh nhạy cảm. Chất lượnng tốt, có tem chống giả, còn kèm cả bí kíp haha. Cảm ơn shop, rất hài lòng.",5,2021-10-15 09:11:12,3,True,9389530410,345248715,0,0,0,0,0,147,32
04c803130d3882f78554c7f01b81c43922c2dfd5642718aa18079e31cdb71234,"Công dụng:ngăn chặn tình huống không mong muốn Sản phẩm tốt hơn hình ảnh minh họa. Bao bì, Hộp đựng đẹp. Có thêm 1 khung hộp đựng và sp được bọc trong khung tròn, dễ xé sử dụng, dễ phân biệt mặt trên dưới. Không có mùi cao su như các sp khác. Nên mua.",5,2025-12-21 20:20:30,1,True,9389530410,345248715,0,0,0,0,0,251,55
bd3a7e35d1cfe7e929e3ce19fc888ae705a40d3e11f67dcfa5ea16cabe71ca9b,"Công dụng:tránh thai Shop giao hàng nhanh, đóng gói cẩn thận, ưng ý. Che tên sản phẩm rất uy tín 😍 chưa dùng thử nhưng shop hỗ trợ nhiệt tình, đổi trả miễn phí khi k vừa ý",5,2023-07-14 16:42:35,0,True,9389530410,345248715,0,0,0,0,0,171,38
7460642879e9af1a3fc631858d478b77da4bcf4fd4bac52babde3e7277f6cf31,Vừa nhận được hàng xong. Chưa biết chất lượng sản phẩm thế nào nhưng hàng đóng rất cẩn thận kèm thư cảm ơn 👍👍👍 shop che tên sp nên mn mua hàng yên tâm ạ,5,2023-12-26 13:30:36,2,True,9389530410,345248715,0,0,0,0,0,152,35
515f0171d5b46e2cf94099ac4a431b6bbcfd16695a5d2d89a746e50216f6a12b,"Công dụng:tránh các bệnh truyền nhiễm qua đtd tránh thai Giao hàng nhanh đóng gói cẩn thận, lớp gel bên ngoài có mùi như socola vậy, rất là trơn, nhưng mình thấy độ dài của bao nó ko dài như của durex, độ co giản siêu tốt. Sản phẩm giúp ngăn ngừa các căn bệnh nguy hiểm lây truyền qua ĐTD, giúp các cặp vợ chồng tránh việc có thai ngoài ý muốn.",5,2024-09-21 14:02:03,2,True,9389530410,345248715,0,0,0,0,0,344,73
3de53236267cbe97b3465e3f8e5902c1935b3972280b1294cbc7c722712a74b8,"Công dụng:bao cao su Shop đóng gói kĩ, giao hàng nhanh, lại còn chu đáo nữa. Shop có che tên sản phẩm. Mình cũng sử dụng bên shop mấy lần rồi, bao nhiều gel nha.",5,2024-01-13 10:28:47,3,True,9389530410,345248715,0,0,0,0,0,161,35
c1fad284b0f3e6a17e029fdd16afbe82942b70d751d7e5e15e98010b5537724b,"Công dụng:ok Đóng gói đẹp, che tên sp. Có lời cảm ơn viết tay và quà tặng rất chu đáo. Tặng hẳn quyển Bí kíp 18+😂. Rất ưng nha",5,2022-11-24 12:59:16,1,True,9389530410,345248715,0,0,0,0,0,126,29
4dc7a0bd1fcff1c5061ae0e195b5206e2dc51da1279f495fbda7f3b90f0457f5,"Hàng y mẫu, đầy đủ số lượng và chính xác phân loại, shop đóng gói chu đáo, có che tên SP cẩn thận, thư cảm ơn viết tay chu đáo, giao hàng nhanh, vote 5 sao",5,2025-12-12 16:09:11,1,True,9389530410,345248715,0,0,0,0,0,155,36
9389132cda87e866c4c217219341d26cd3bfcc132e7ce08d595a9e3ee78b7802,1 hộp 10 cái Đóng gói cẩn thận tinh tế Giao hàng nhanh Ship thâh thiện Dùng cũng ổn ạ Shop chu đáo viết thư tay nữa nha Rất là ok ạ 💓 ‼️ 🥳,5,2025-01-23 13:11:10,1,True,9389530410,345248715,0,0,0,0,0,138,35
7a93b4e219141b0cb6664b6d18c3b808fda41bef25c8064ccafaf86b866f70ec,"Công dụng:tt an toàn Shop chu đáo , giao hàng nhanh còn viết cả thư cảm ơn nữa sp chất lượng nha dùng mê cực , uy tín mùi thơm .",5,2025-08-06 09:14:19,1,True,9389530410,345248715,0,0,0,0,0,128,31
0a4efd9f86db7a7e8ac7114fc4d1ca57e4aeba2c3b709671606c597586fcea6b,Đã sủ dụng rất tốt đóng gói rất kỹ tem nhãn chống hàng giả chính hãng mẫu mã đẹp đóng gói cẩn thận giao hàng nhanh cảm ơn shop,5,2025-06-09 20:37:09,1,True,9389530410,345248715,0,0,0,0,0,126,29
dc5e001d87186723088ea509177535e69107f1cf2b5644e42404a3ccbc3a0dc1,Công dụng:hàng dùng tốt sản phẩm được tặng kèm tốt đóng gói cẩn thận shop chu đáo nhiệt tình ! sẽ quay lại mua lần sau,5,2022-10-16 21:54:40,1,True,9389530410,345248715,0,0,0,0,0,118,26
65262c9def81a5ee3f492a8109df97184fc830a671f19f68775f65c0db2b31bb,Sản phẩm đóng gói rất tốt 👍 . Thời gian giao hàng ok. Sp chưa sd nên chưa đánh giá chất lượng ☺️ Thư cảm ơn của shop rất đáng iu ❤,5,2023-03-26 20:30:29,2,True,9389530410,345248715,0,0,0,0,0,130,32
06224b51b7f148a4f654f395dcaad941c09201cc32dee06ddbfa724aeb823876,"Lần đầu mua mà ưng quá trời luôn, sản phẩm đúng mẫu mã, gói đẹp. Còn có thư cảm ơn rất chu đáo và thơm nữa. Sẽ quay lại lần sau ủng hộ tiếp",5,2022-11-22 18:11:53,1,True,9389530410,345248715,0,0,0,0,0,139,34
8e3773e221e7a44424c0a5d214e3eed0f321ec683c8a0469fdc8eb21fc5957e1,Lần thứ hai mua hàng của shop. Thiệp tay rất đáng yêu. Đóng gói và gửi hàng đi nhanh. Sẽ ủng hộ shop lâu dài.,5,2023-08-30 07:18:42,2,True,9389530410,345248715,0,0,0,0,0,109,25
2efcc9072e847f5df92a8deb3967a34ee26f7e6d3ccfd6e3f5443a79183d7b6f,"Công dụng:phòng tránh gia tăng dân số :)) mua được săn sale rất rẻ, ship nhanh, shop tinh tế che tên, chưa dùng loại này bao giờ nên chưa biết chất lượng, nếu oke sẽ quay lại mua tiếp",5,2024-08-10 17:15:12,3,True,9389530410,345248715,0,0,0,0,0,183,39
3050c7d1c84ba68f1af8822efbd9ab00d87e9065c58a08fdf14e2ce20becdcfe,"Công dụng:MÌnh thấy xài êm mượt ok lắm nha mn, mua hộp thứ 2-3 gì r á Mình mua của shop nhiều lần rồi,thích nhẤt cách đống gói tận tâm…loại này dùng dai và ok lắm .mã đơn SPEVN22",5,2022-08-05 23:56:12,5,True,9389530410,345248715,0,0,0,0,0,178,39
55bc1af11ba7fa1ee397c04f5eff2c3fc0676b6f448cc2543b299222b0195ef8,"Gel nhiều, bao mỏng sài ok lắm. Dùng loại này xong thấy đỉnh hơn mấy loại khác cùng tầm giá. Ship nhanh, rcm mua nhé",5,2026-06-11 15:16:50,1,True,9389530410,345248715,0,0,0,0,0,116,25
b5d254688f3a0b7bf8e616b22ff850b026ad09eb2e162c222879c8f866056aff,"Giao hàng tương đối nhanh, shop đóng gói chắc chắn, sản phẩm dùng khá là ổn áp và mỏng, sẽ ủng hộ shop lần tiếp theo.",5,2022-08-28 20:55:15,1,True,9389530410,345248715,0,0,0,0,0,117,26
7344afc8612b914c69850681eb41cc36a97af9e575127cb3db565ff28fe84098,"Xịn sò, ship siêu nhanh, có lời nhắn dễ thương kèm quyển bí kíp hay ho. Chất lượng thì chắc để dùng thử đã. Tặng shop 5*",5,2022-06-05 21:51:33,1,True,9389530410,345248715,0,0,0,0,0,120,27
6359cc95ddf720ea40720d01e0e5c71982813fa17848e66f7c1bbbbae8675908,"Công dụng:kế hoạch Giao hàng nhanh, bọc hàng cẩn thận shop rất tâm lí khi che trên sp rất uy tín nhiệt tình đánh giá cao về shop lần sau sẽ ủng hộ dài dài",5,2023-07-27 15:46:31,2,True,9389530410,345248715,0,0,0,0,0,154,35
33df99909a3a81b1035c3fda29a0ab4784e9fe2a55558c129ed4f20aae36ee74,"Sản phẩm vượt xa kỳ vọng của tôi. Chất lượng rất tốt, đúng như mô tả và còn đẹp hơn khi nhận hàng thực tế. Thời gian giao hàng nhanh, đóng gói cẩn thận. Người bán hỗ trợ nhiệt tình, trả lời tin nhắn rất nhanh và thân thiện. Tôi đã sử dụng và hoàn toàn hài lòng. Chắc chắn sẽ quay lại mua thêm và giới thiệu cho bạn bè. Rất đáng để trải nghiệm!",5,2025-11-20 20:30:27,0,True,9389530410,345248715,0,0,0,0,0,343,76
8901d7d610153e72b3bd237d205c3318fa013de3087737771eb238e6bf833139,"Công dụng:ok Sản phẩm tuyệt vời, đúng với mô tả. Giao hàng nhanh chóng, shipper thân thiện dễ mến Đóng gói cẩn thận, có thể thấy tâm huyết của người bán. Hộp không bị móp méo, vận chuyển rất tốt. Thời gian giao hàng nhanh chóng, tôi không phải chờ đợi quá lâu để nhận sản phẩm. Chất lượng sản phẩm vượt mong đợi. Tôi rất hài lòng với trải nghiệm mua hàng này. Sản phẩm chất lượng tốt, đóng gói cẩn thận, giao hàng nhanh. Đã mua lần thứ 3 và vẫn rất hài lòng. Sản phẩm được giao nhanh và đóng gói chắc chắn.",5,2025-09-08 03:34:20,0,True,9389530410,345248715,0,1,0,0,1,506,106
4055ac17f9d21951f77d07a5aa46cee572ae98eb3f3890fcf9def504f77bd044,"Công dụng:ok Khách quen của hãng thường xuyên rồi, dùng rất ok nhé. T thử nhiều loại của hãng r, loại nào cũng ổn hết, bao mỏng nhưng không dễ rách, dùng rất ok. Nhiều gel nữa nhưng k gây kích ứng nhé. Date xa",5,2024-05-31 21:39:33,1,True,9389530410,345248715,0,0,0,0,0,209,45
bd5b5a1643cf4c0ba6003b466e6113db5515b0c1b720411150bd9db570a7a241,Hàng chất lượng lắm. E mua 1 shop duy nhất sài hoài tới luôn. Giá ok lắm nhe. Hàng bao êm luôn nên mọi người cứ yên tâm đi. E sài quài. Hihi.,5,2025-10-08 06:25:57,1,True,9389530410,345248715,0,0,0,0,0,141,33
e0652940a9ecdd353746b31c707a246ab664b781d1294b4497939387f755948e,Công dụng:tốt Đã nhận được hàng. Giao hàng nhanh đóng gói cẩn thận chất lượng sản phẩm tốt đúng với mô tả đúng như đánh giá 🤔,5,2025-02-04 11:33:48,1,True,9389530410,345248715,0,0,0,0,0,125,27
2aba6c04ecde3987ec2e52a69bd3fb5695466c8331d7da59b05e2e7b5181b778,Đóng gói cẩn thận giao hàng nhanh Mua của shop nhiều rồi Nên mua nhé mọi người. Sẽ ủng hộ lần sau Cho shop 5 sao,5,2023-12-23 10:03:46,1,True,9389530410,345248715,0,0,0,0,0,112,26
967b4f2dcce9e21c5783fdf0a4b4613807518b7bd2d61e83f4fac3e62ffba6cf,"Đóng gói sản phẩm chắc chắn Shop che tên sản phẩm Là Shop Mall nên mua đồ cũng yên tâm, shop tư vấn nhiệt tình. Sẽ quay lại mua tiếp.",5,2021-09-13 19:49:16,1,True,9389530410,345248715,0,0,0,0,0,133,30
744ab1396f95de1a8293beaf6e57db7a75a485e488dfa15acf21cfc4c370fe01,"Đóng gói chắc chắn, giao hàng nhanh. Sản phẩm dùng êm, đỡ đau vai gáy rõ rệt. Hy vọng hãng sẽ ra thêm size lớn hơn. Nói chung rất hài lòng, sẽ giới thiệu cho bạn bè."" - ""Hàng đẹp, giống hình 100%, chất vải mát, may chắc chắn. Lên form chuẩn, mặc rất tôn dáng""",5,2025-09-06 11:33:33,1,True,9389530410,345248715,0,0,0,0,0,259,56
3f1c7a69011690f7de75da54341af7a77e72c30350b8c12de3e61086a2104206,"Công dụng:bảo vệ Loại này khá là mỏng, cảm giác như thật luôn ấy, co giãn siêu đỉnh lại rất là thơm nha, shop tâm lý che tên sản phẩm lại còn có cả thư cảm ơn viết tay nữa, giao hàng siêu nhanh, 1 ngày rưỡi có rồi, ủng hộ shop dài dàiiiiiiiiiii",5,2023-02-17 16:46:41,3,True,9389530410,345248715,0,0,0,0,0,244,54
3909cdf8efa4dfc87062528c0966023e1f6a957e0fc8fe81477c3f91faf431ba,"Bcs mỏng, dùng thích lắm, ck em bt k thích dùng bcs nhưng lại khen lắm luôn. Loại màu đỏ 1 lúc nóng nóng lên luôn. Shop che tên cẩn thận.",5,2023-02-12 09:58:17,1,True,9389530410,345248715,0,0,0,0,0,137,31
ffe2d29ba9902b6eb1b8daffc466240ff3156109f5f65b777efa5b5a92eb7442,"Giao hàng nhanh, đóng gói cẩn thận, mình chưa dùng nên chưa biết chất lượng nhưng khâu chăm sóc khách hàng của shop rất ok ạ 😁",5,2023-06-11 14:16:06,1,True,9389530410,345248715,0,0,0,0,0,126,27
70bfd9d1df8d2fcecf60c02ac8e17a13afb8920769098f032f1380c676ed9845,"Shop đóng gói đẹp kèm theo quà tặng, rất ưng ý chăm sóc khách hàng của shop.rất thân thiện và nhiệt tình, chúc shop ngày càng đắt khách sẽ tiếp tục mua sản phẩm",5,2021-12-19 20:44:35,1,True,9389530410,345248715,0,0,0,0,0,160,34
fffb446887d480725f2e74ad7fd20a38d1b24e6ec1a62fe2f07b8399dda7dbf9,"Độ mỏng:ok tốt Gel bôi trơn:ok tốt,gel thơm lắm ok mỏng,gel thơm,bền dùng ok lắm hơn mua bên ngoài mà giá lại hạt dẻ hơn.mn nên mua nhé!",5,2026-04-19 07:36:15,5,True,9389530410,345248715,0,0,0,0,0,136,28
3311b2b2008036c53857cafa8682e8e5dc306a3f7474de3d6483e0e0cb0495e7,"Đúng hàng như mô tả Hàng nguyên seal, đóng gói và vận chuyển khá nhanh Bóc hộp ktra đã thấy mùi thơm khá dễ chịu Sp che tên sp rất chuẩn",5,2022-04-06 12:58:08,1,True,9389530410,345248715,0,0,0,0,0,136,31
7bfe8fd8f4c5008e6dae2e592155af825256b3e977056a88a049df5aca4ca575,Đóng gói cẩn thận che tên sp ạ. Cảm thấy hài lòng ạ. Mỏng mùi vani dễ chịu. Củng k nhiều gel lắm ạ. Nhưng sẽ quay lại ủng hộ ạ. 10₫,5,2023-08-05 11:00:20,2,True,9389530410,345248715,0,0,0,0,0,131,32
57e0a3b50cb13f46ebfd5908a4fa6376ee173af25f0e3d57700f9a2719f3f7c1,Hình ảnh mang tính chất minh hoạ shop phục vụ tốt giao hàng nhanh che tên sản phẩm đầy đủ rất hài lòng sẽ ủng hộ lâu dài,5,2023-03-13 18:17:04,0,True,9389530410,345248715,0,0,0,1,1,120,28
f85fb9c3b53cbefcbc818313c8521fc8f76d71ffcfffd4f381e67b7a3ade4dd3,"Công dụng:Ok Đóng gói chỉnh chu , hàng nhận được k vấn đề gì, chất lượng ra sao thì phải sử dụng lâu dài, Thanks",5,2025-10-01 19:21:38,2,True,9389530410,345248715,0,0,0,0,0,112,25
806ca935dc1bdf4a88dd8e3af6ff5ee5562bfbf3319909e1b8c7ebd8d0307330,"Công dụng:ok Sản phẩm được đóng gói cẩn thận, giao hàng nhanh. Màu sắc giống mô tả, hình ảnh shop đăng rất rõ ràng.Chất lượng sử dụng ổn định, phù hợp với nhu cầu.Giá cả hợp lý, đáng đồng tiền, không có gì để chê.Shop phản hồi tin nhắn nhanh, hỗ trợ tận tình, chu đáo.Hàng hóa đầy đủ, không thiếu sót, đóng thùng chắc chắn.Mua về dùng thử thấy ổn, sẽ ủng hộ lần sau tiếp.Thiết kế đẹp, cầm chắc tay, nhìn rất chuyên nghiệp.Không lỗi, không hư hỏng, dùng thấy rất hài lòng.Đánh giá 5 sao cho shop, sản phẩm tốt, đáng mua!",5,2025-12-20 02:35:53,1,True,9389530410,345248715,0,0,0,0,0,519,105
b591035eabc937375c07d790b8808d343ad3dfeb9378b43bf8839f4c17337c13,"mua shop mall cũng yên tâm tí, chưa sài thử nên chưa biết, thấy che tên sản phẩm rất ok nha , giá cũng k quá cao sẽ quay lại nếu sản phẩm tốt, còn đc tặng quà nhỏ",5,2023-12-06 20:43:58,3,True,9389530410,345248715,0,0,0,0,0,162,39
d53429329f8d854a3f7d1812e73e9d94ad84ba55f2b15182ebef1e3d816a6643,"Công dụng:tránh thai và các bệnh lây qua đường tình dục Nhiều gel và trơn, dùng êm Nhưng Nó nóng lắm nha mọi người Hnao lạnh thật lạnh mới mang ra dùng thôi",5,2024-02-26 07:33:25,1,True,9389530410,345248715,0,0,0,0,0,156,33
2eb32df00cb78f4c7d2ca5afec3060c9246d872502679df29a19e945719a3367,"Công dụng:ok Chất lượng sp tuyệt vời quá , lần sau sẽ qua lại ạ . Cảm ơn shop rất nhiều . Shop nhiều tình chu đáo che tên sản phẩm ạ",5,2023-11-08 15:59:25,1,True,9389530410,345248715,0,0,0,0,0,132,32
0ddd7940e9977d7fb4f0d31175e6a1c3656a7b35dbdd78c056b4244d99de2a27,"Shop giao đúng mẫu, đủ số lượng. Kèm theo thư viết tay rất chu đáo. Gói hàng chắc chắn, có che tên sp. Để trải nghiệm sp rồi cho shop phản hồi sau. Nếu ok tiếp tục quay lại ủng hộ shop. Shipper dễ thương.",5,2023-12-12 11:00:03,2,True,9389530410,345248715,0,0,0,0,0,204,45
1ca5489a28b584a50f88c720dbdff5d81d3700218b5a41c6110b7dbb487eb791,"Đã nhận được sản phảm của shop , shop rất nhiệt tình và tin ý , phục vụ rất tận tình và thân thiện , có trách nhiệm rất cao :)) .",5,2025-02-04 11:20:28,1,True,9389530410,345248715,0,0,0,0,0,129,32
4d08a37fee31643df29e3061ab09784a3acab447b4d01a7b9937a50b6ac2145a,"Sản phẩm được đóng gói kĩ càng, cẩn thận, tránh va đập, chất lượng dịch vụ khá tốt, shop thân thiện hỗ trợ. Sản phẩm khá đẹp đúng mô tả dùng khá ổn, phải cần thêm thời gian trải nghiệm mới đánh giá thêm được. Nhưng mà oke nha, có dịp sẽ ủng hộ thêm shop.",5,2025-05-27 07:30:14,5,True,9389530410,345248715,0,1,0,0,1,254,56
c0e31c710f38dc5a843fecb776233462073afa39590c02accf6f14ea12f59b63,"Công dụng:tránh thai sốp có che tên sp, hàng giao nhanh, mình đặt dùm nên k biết chất lượng thế nào nhưng xứng đáng 5 sao nha",5,2024-09-04 10:44:47,2,True,9389530410,345248715,0,0,0,0,0,125,27
a0519bb9bb3a2a2e4be36ac41d215a64f21e48912df678d24d1c4d848a510394,Công dụng:cuoc choi thang hoa hon Ấn tượng mạnh với bức thư cảm ơn được viết bằng tay ạ. Chất lượng của lọ gel ở mức khá. Nhưng nếu thay đổi nắp sẽ tốt hơn. Cảm ơn shop đã tư vấn nhiệt tình,5,2023-09-07 05:29:49,5,True,9389530410,345248715,0,0,0,0,0,189,43
c1e60b0a82e943241568de1b25d2b50a756868dccdb88ab92e521c1687851968,"Bao mỏng, co giãn tốt không dễ rách, mua của shop nhìu rồi Rẻ, mỏng, dùng siêu thích luôn ạ CSKH cũng tốt nữa Rẻ, uy tín chất lượng cao ạ",5,2023-11-22 14:38:52,1,True,9389530410,345248715,0,0,0,0,0,137,31
176613a40a98a0f34b52e59c6b16cdbe1bd838ff96c53d0a40a0dd55f52ec438,Hàng giao nhanh che tên sp rất tế nhị. Nhưng dùng bao này k khác bao đen trơn là mấy hihi. Mình vẫn thích bao đen trơn hơn,5,2023-12-08 10:31:48,1,True,9389530410,345248715,0,0,0,0,0,122,28
9cf1a491a983012fbf0a558c986aa63ecc0e4bc6d6a38547b2841bd18edaa5a8,"Công dụng:tránh thai Sản phẩm ok nhé , shop cẩn thẩn tâm lí , đóng gói kĩ càng, nhìn thì thấy rất ổn áp chưa biết sử dụng ra sao , sẽ ủng hộ dài nếu sp tốt . cảm ơn shop nhá",5,2022-08-23 11:47:59,2,True,9389530410,345248715,0,0,0,0,0,173,43
81ca939f6055a8758b292b0dc6f125dcc66cc6da00b70eaa00ab6ad243baf0e1,"Giao hàng nhanh, đầy đủ sản phẩm, đã từng mua sử dụng 1 lần thấy rất tốt và hài lòng. Không bị hôi mùi cao su. Được tặng kèm 1 bịch gel bôi trơn.",5,2025-06-27 10:35:44,1,True,9389530410,345248715,0,0,0,0,0,145,34
237f37b633f43d9d57aaf6a7a07f1d722e42f4f8cb7371deaa66c521872e66ea,"Công dụng:bảo vệ khi xx Thật sự rất ưng từ khẩu đóng gói và che tên sản phẩm một cách tỉ mỉ của shop, khi bóc hàng thì ôi thật sự tuyệt vời mọi người ạ, có hương thơm thoang thoảng dịu nhẹ, còn có cả thư cảm ơn viết bằng tay thật sự ko thể nào chê vào đâu được, chất lượng thì mình chưa sử dụng nên chưa chia sẻ đc nhưng từ khâu đóng gói và tỉ mỉ của shop rất tuyệt.",5,2024-06-19 13:56:48,1,True,9389530410,345248715,0,0,0,0,0,366,85
cad6ad72999c843e11c329aa7b2dc249c8e24235d0a125d4f6ed0ec987362cf2,"Công dụng:ngừa thai Mua 3 lần rồi sử dụng rất ok,shop dễ thương ko để lộ thông tin số,đóng gói cẩn thận còn cho cái thẻ cào 10k nữa,sẻ ủng hộ shop dài dài ạ",5,2022-08-13 09:14:50,1,True,9389530410,345248715,0,0,0,0,0,156,35
c43aab6f08c262ea8bd31d2aed58b11a8dcece4d1632adb2ed28cd43960a3178,"Công dụng:phong chong nguy co benh XH lay qua duong td hương vị vani, ấm nóng đúng như shop mô tả. Xuất xứ Trung Quốc. Có địa chỉ đóng gói rõ ràng cho 9đ. Mong là tiền nào của đó. Hình như là 15k cho 1 cái khay đựng bao🥲 hộp có 10 cái khay🥲 5 sao nha mùi vani dịu lắm luôn ấy. Bao thì nó mỏng đúng kiểu chất lượng. Lần đầu mua trải nghiệm và dùng thử hãng BCS này.",5,2024-08-09 13:55:50,0,True,9389530410,345248715,0,0,0,0,0,364,83
bd3a7e35d1cfe7e929e3ce19fc888ae705a40d3e11f67dcfa5ea16cabe71ca9b,"Đóng gói cẩn thận, kèm giấy thơm ổn áp, che nội dung ok, sp tốt trong tầm giá, nhờ shop t né bầu đứa nữa :)) Sợ quá 😂",5,2023-09-10 13:57:49,1,True,9389530410,345248715,0,0,0,0,0,117,29
2db96ba50a06fa39abb4b9551835f532b0ad428a2191261de852b57f2724e793,"Giao hàng nhanh, bọc cẩn thận, date xa, chất lượng sản phẩm chưa sử dụng chưa biết nhưng shop bán hàng có tâm, thư cảm ơn viết tay rồi kb zalo để hỗ trợ là ưng rồi",5,2024-06-24 15:57:08,1,True,9389530410,345248715,0,0,0,0,0,163,37
1dcd43221af82bd77f2a1b504e317cab3d36f21cc9bcb5dab8b6d50caecba870,"Công dụng:bao cao su dùng khi xxx. Giao hàng đúng hẹn, sản phẩm đóng góp tốt , có thư viết tay của shop , sẽ mua nhiều lần nếu sản phẩm dùng như ý .",5,2023-04-20 19:51:51,3,True,9389530410,345248715,0,0,0,0,0,148,35
215f0a1b0874908237b59fe1f9279352e68d846c80c260628391e5d859b4113c,"Sản phẩm đúng mô tả, chất lượng ổn, giao hàng nhanh, đóng gói cẩn thận. Mình rất hài lòng, sẽ ủng hộ shop lần sau!",5,2025-10-17 14:01:46,1,True,9389530410,345248715,0,0,0,0,0,114,25
0044074b22794f3bae51ed32efe0845478750831764a91f5ee4a478e009df399,"Lần trước mình mua loại ￼performa thì có vẻ ny mình không hợp với chất của bao nên không thể sd được. Lúc đầu mình nghĩ là do bao nên đã đặt thử thêm loại này thì lại sd ngon ơ. Dùng thích, không bị mùi cao su, ncl chất lượng sẽ tiếp tục quay lại ủng hộ shop",5,2023-02-04 19:35:48,1,True,9389530410,345248715,0,0,0,0,0,258,59
04f624e38120f8057383a8a8813c5d3477ecc11d0663782aea683ada293a11f7,Công dụng:tranh thai Duma dùng sướng thế. Ms dùng thử cái truyền nhiệt ấm đã thấy mẹ. Mỏng nha. Nhiều gel vch. Nói chung rất ok,5,2023-10-24 22:15:19,1,True,9389530410,345248715,0,0,0,0,0,127,26
e93ffa4491206648a84c0a0822e177c859b1470436c1ebb17fefbbbb09c898f9,10 điểm cho sự đóng gói của shop…có kèm giấy thơm nên mở bọc hàng ra thơm lắm nha…shop chê tên sản phẩm nhưng lại dán băng keo in logo hãng 🥲,5,2022-05-09 10:23:57,3,True,9389530410,345248715,0,0,0,0,0,141,32
773d355c6192fd1c71635d8bc91c9e917b62633c8db0be6eee9118bd101d769d,"Giáng sinh năm nay nhẹ nhàng nhưng thiệt là ấm tim với chiếc áo thun dài tay Cozy Bear 🎄 👉 Mua ngay: https://cottonusa.co/collections/ao-thun-dai-tay-cozy-days Thiết kế gấu USA cổ điển, dễ phối, form relaxed-fit cực thoải mái. Chất cotton dày dặn, cực dễ phối và layer cùng nhiều item khác. 👉 Rinh ngay Cozy Bear để mùa đông này có ngay outfit xinh ngay thôi nào!",5,2026-01-16 09:06:02,1,True,9389530410,345248715,0,0,0,0,0,363,66
c529b3e8704b9d0b449f3db204b78f7fc9c876c3c0659fd6ab7caddccc1d473e,"Giao hàng nhanh Đóng gói cẩn thận Mở hộp ra có mùi thơm, có che tên sản phẩm Sẽ ủng hộ shop tiếp nếu sản phẩm tốt",5,2022-04-20 12:36:47,1,True,9389530410,345248715,0,0,0,0,0,113,27
0574312a30744fef85662522dc38348f8de1896e86d8f5a5e628ff4b78fbc8f3,"Trc hay dùng loại đen gói trong cũng có khay nhựa như này. Dùng rất ok. Loại này thì nay mua thử, hi vọng ổn: shop gói hàng và gửi hàng siêu nhanhhh",5,2022-04-22 23:11:35,1,True,9389530410,345248715,0,0,0,0,0,148,33
3e8110ac3093487f1f6acc73d722bcfac0537a73139d1d96a9cbd7ab6ba84b9e,Công dụng:tránh thai Đóng gói chắc chắn và che tên sản phẩm cẩn thận Shop còn gửi kèm thư tay nữa Chưa sd nên chưa biết chất lượng nhưng vẫn rate cho shop 5⭐️,5,2023-03-19 12:36:29,4,True,9389530410,345248715,0,0,0,0,0,158,34
31c35f9f6bc46f84230dc0f25a4b0059ac82aa513a83903f9baea596b3ba5a41,"Shop đóng gói, che tên kỉ nè, thư cảm ơn được viết bằng tay khá dễ thương nè, hàng dùng khá oke, giá thành lại hợp ví hơn so với nhiều sản phẩm khác nhé. Sẽ ủng hộ lần sau nữa.",5,2024-07-05 01:38:55,2,True,9389530410,345248715,0,0,0,0,0,176,41
26d0e1d6cc9bcb77422024de98fd44984d71dc9b1381c2ffbeff3872ade3fec6,Công dụng:thuoc phong chong Không còn gì để chê Khâu đóng gói 10 điểm phục vụ Giao hàng nhanh hàng chất lượng Ủng hộ lâu dài,5,2023-04-14 12:12:55,1,True,9389530410,345248715,0,0,0,0,0,124,26
94ce77c332bac696f53b5e8ef534962f1c3e458b81cc26f8db89e595d1488713,shop đáng iu lun gửi thư và giao hàng nhanh Chất lượng tuyet voi lại còn rẻ Lần này trong box có túi thơm mở ra thơm nứcc,5,2023-04-05 18:12:38,3,True,9389530410,345248715,0,0,0,0,0,121,28
141563348b78598219016c5ceb0e1acad37ebb7d504d7c300cca48f372e9a70c,"Công dụng:tránh thai 99% Hàng siêu mỏng, thơm mùi vani. Điểm nổi trội là nhiều nước gel bôi trơn + bcs không hôi mùi cao su. Cho nên khi dùng xong rồi bé 🦋 không bị hôi mùi cao su, cho các anh dễ dàng oral tiếp",5,2023-08-02 23:21:21,2,True,9389530410,345248715,0,0,0,0,0,210,47
68e4108b0880b3ed946154a633f48765811609f30326a7e6d78310dc9229f1d4,Thấy bạn đồng nghiệp mình rv dùng thích lắm. Mình mua lần đầu. Thích sẽ quay lại mua tiếp. Riêng khâu đóng gói 10đ ạ. Shop đóng gói chỉn chu viết thư tay còn có giấy thơm nữa. Siêu tinh tế,5,2023-07-20 17:49:33,1,True,9389530410,345248715,0,0,0,0,0,188,41
dab417b96111449e23c1ad685019b65ea8a31f5cd93ab86bc6800d7ae6a53e50,"Đóng gói hàng chắc chắn, giao hàng nhanh. Hình thức khi nhận trông cũng đẹp, giống hình ảnh trên shop. Chất lượng thì dùng nên biết. Đánh giá năm sao",5,2023-08-30 15:02:42,3,True,9389530410,345248715,0,1,0,0,1,149,30
471254f01ceec29a136ca252bfc026963d40e112e4e0a42876e8ef15ee3c90ca,Giao hàng nhanh . Shop đóng gói đầy đủ có thiệp cảm ơn. Date xa. Sài cái này thích hơn so với các loại khác. :v shop tặng kèm 2 sp khum bt có oke ko :,5,2023-12-02 20:02:47,1,True,9389530410,345248715,0,0,0,0,0,150,37
dc5e001d87186723088ea509177535e69107f1cf2b5644e42404a3ccbc3a0dc1,"Đóng gói cẩn thận,che tên sản phẩm . Bao siêu mỏng rất thích nha. Đặt biệt shop còn gửi thư viết tay rất có tâm Sẽ ủng hộ tiếp",5,2022-08-31 09:51:31,1,True,9389530410,345248715,0,0,0,0,0,126,29
05b15d13c15b50b8d7cbc454c3c9eba9c28274366f8f85af12fc8ab3274bed54,"Công dụng:ngan ngua benh TD Sản phẩm đóng gói bao vì chắc chắn gọn gàng, đẹp! Có mùi thơm mọi người nên sử dụng nhé",5,2023-11-04 11:42:11,1,True,9389530410,345248715,0,0,0,0,0,115,25
faa618dba1b0b14127c5ef2a528e3897e8ca5ba5aa8711177634456153a3d97a,"Shop giao hàng nhanh, mua của shop lần 2 rồi mình rất hài lòng về sản phẩm .thư cảm ơn của shop viết rất tỉ mỉ đồ thì chát lượng 5 sao",5,2024-09-04 10:41:00,1,True,9389530410,345248715,0,0,0,0,0,134,32
9cf2234a3fe92881c3cd3144f992466ddda03ad988f16a6041b44238794b3de9,"Dùng mê thật nha 🥺 Thề là nó mỏng hơn durex thật, sagami loại thường cũng ko mỏng với nhiều gel bằng, giá rẻ hơn hẳn các loại kia nữa, ny kêu dùng cảm giác ấm hơn :))) Rcm nên mua :))",5,2022-06-24 21:22:59,2,True,9389530410,345248715,0,0,0,0,0,183,42
ef59e6236d2ed0d77f4063fdf3c7a59df148d5d390f29f280c2a92a37484d4de,"Đã nhận đc hãng, đóng gói rất cẩn thận, có kèm cả tâm thư :) đánh giá shop rất có tâm ạ, sẽ ủng hộ shop thường xuyên",5,2022-09-21 09:35:22,1,True,9389530410,345248715,0,0,0,0,0,116,28
3e12ffa2119eaa378b668beb510935fcdeb07c1b4d5980a804c78b9cbfcc6d5a,"Công dụng:tot Sản phẩm nhận được đúng như mô tả của shop. Chất liệu tốt, đường may chắc chắn, màu sắc giống hình đăng, cầm lên cảm giác rất bền. Đóng gói gọn gàng, có túi chống sốc nên không bị hư hại khi vận chuyển. Thời gian giao hàng nhanh, nhân viên giao hàng nhiệt tình. Hoàn toàn hài lòng và sẽ tiếp tục ủng hộ shop trong những lần tới.”",5,2025-08-30 20:10:08,1,True,9389530410,345248715,0,1,0,0,1,343,72
e505aea4e151b2c26a8b5d2b5f4006676c82e58b7cf650616c5b81cf4e03dbf5,"Hàng dùng siêuuuuuuu thích, dùng vài loại r nhưng chốt ở loại này vì mỏng nhất và rẻ nhấtttttttttttttttttttttt Shop chăm sóc khách hàng rấtttttttt tốt",5,2021-11-14 12:50:24,1,True,9389530410,345248715,0,0,0,0,0,150,26
a66100832531f8b7f5ab1a181fc2e670259eb046890d23ab85804412853d8e18,"Mua của shop 4 hộp rồi, 3 hộp trước dùng rất thích và ưng còn đây loại mới nên mình không biết như nào. Lần nào shop cũng hỗ trợ nhiệt tình, giao hàng nhanh",5,2022-05-21 17:53:59,1,True,9389530410,345248715,0,0,0,0,0,156,35
c1abed03f8136ac28e69bb0eb8bedefa8c490f0534b8eff3e44c5bcd3bde55b4,Công dụng:😌😌😌 Shop đóng gói giao hàng nhanh cho bên đơn vị vận chuyển Hàng đóng gói tốt Giao đúng và đủ hàng sản phẩm Nhưng mà nói chung là ok hết mọi người có thể xem hình ảnh mình gửi để đánh giá nhé Mọi người nên mua nha sẽ quay lại ủng hộ shop khi cần Rẻ hơn so với các shop khác,5,2023-08-04 22:33:55,5,True,9389530410,345248715,0,0,0,0,0,283,65
7b0dd0719fd8b9ec4bda2478be562e37fff5d034ac7f000d35b22daba8480556,"Chất lượng sp tốt . Giao đúng sp đã đặt , Giao nhanh trong 3 ngày . Cảm ơn shop phục vụ tốt , che tên sp . Sẽ ủng hộ lần sau cho chất lượng . 10đ tuyệt đối cho shop . Nếu có 10 sao cũng sẽ vote cho shop . Chất lượng ạ . Rất đáng tiền❤️❤️❤️❤️❤️❤️❤️❤️❤️❤️❤️❤️❤️❤️❤️❤️❤️❤️❤️❤️❤️❤️❤️❤️❤️❤️❤️❤️❤️❤️❤️❤️❤️",5,2021-11-15 11:39:30,1,True,9389530410,345248715,0,0,0,0,0,299,60
82b98570290a3388cfcc073b78414771d4b0a0669acd7f5a274a0396299e3708,"Công dụng:BPTTAT Đã mua hàng của Shop nhiều lần. Dùng rất oke, loại cũ nhiều gel, mỏng, đảm bảo. Loại này sau dùng thử sẽ đánh giá lại. Đặc biệt là nv Shop tv nhiệt tình, đội ngũ cskh chuyên nghiệp. Vote 10* nha!",5,2022-05-29 10:29:20,2,True,9389530410,345248715,0,0,0,0,0,212,44
ce5b1dff06786d95a724bf42b302046e6f0fd8083a97706aa536b14554a29fea,"Công dụng:bcs Shop giao hàng nhanh, có che tên sp cẩn thận, quà tặng là 5 gói gel bôi trơn & kèm cả thư viết tay cảm ơn rất chân thành. 10đ chu đáo",5,2024-03-02 19:26:47,1,True,9389530410,345248715,0,0,0,0,0,147,34
7460642879e9af1a3fc631858d478b77da4bcf4fd4bac52babde3e7277f6cf31,"Công dụng:Tránh những cái cần tránh Nhận hàng xịn quá. Bao dễ thương, có nhìu gel và thơm hương vani. Mình hay bị dị ứng với bao nhưng xài cái này ko hề có dấu hiệu gì cả. Cám ơn shop vì đã che tên tinh tế",5,2023-07-27 22:34:57,2,True,9389530410,345248715,0,0,0,0,0,205,47
b247fdf2d5dd4158f0728d80f0d47ac1fc1208a58fe5892c5869d04dd5529afb,"Công dụng:dungf Sản phẩm có chất lượng tốt, thiết kế đẹp và cầm rất chắc tay. Sau một thời gian sử dụng, mình thấy máy hoạt động ổn định, chức năng đáp ứng đúng nhu cầu. Giá thành so với chất lượng là hợp lý. Nhìn chung, đây là một sản phẩm đáng để trải",5,2025-11-29 00:26:46,4,True,9389530410,345248715,0,0,0,0,0,253,55
14d13d89be95c5b80b0da40b773ca015783b806571b2a670d461a26c259718e6,Không có điểm nào để che cả đã mua hàng của shop rất nhiêu lần dùng ok. Gói hàng cẩn thận che tên đàng hoàng,5,2023-11-22 12:07:18,2,True,9389530410,345248715,0,0,0,0,0,108,25
68bfb4806f44b27c7c387cb7198461c8ce71e3c44a7b240352b84245ab9e5488,Shop chuẩn bị và giao hàng nhanh. Đơn nhiều sp nhưng k thiếu sp nào cả. Đã mua của shop vài lần và sẽ tin tưởng dùng lâu dài,5,2023-08-11 14:41:48,1,True,9389530410,345248715,0,0,0,0,0,124,29
f638942c10db05ea070ce46a51ef5777f5e33f566f01c8798c3d3579698202f6,"Công dụng:bảo vệ sk Shop giao hàng nhanh đóng gói cẩn thận, có cả giấy thơm, thư cảm ơn, chất lượng sp tốt, đã mua lần 2",5,2024-05-20 06:34:38,1,True,9389530410,345248715,0,0,0,0,0,120,27
d53429329f8d854a3f7d1812e73e9d94ad84ba55f2b15182ebef1e3d816a6643,"Công dụng:như mô tả sản phẩm Giao hàng nhanh, shop rất dễ thương khi kèm theo 1 lá thư cảm ơn xinh xinh. Mình chưa xài qua thương hiệu này bao giờ nhưng với sự đáng yêu từ shop thì mình sẽ cân nhắc sử dụng các sản phẩm khác từ shop vào thời gian tới ^^",5,2024-12-14 20:48:04,1,True,9389530410,345248715,0,1,0,0,1,252,57
120c47be3dc07cd5687cec791a903f3949eee636827d2ee8993da61760586299,"Sản phẩm đóng gói ok, che tên cẩn thận chu đáo, mở ra thơm có viết cả thư tay cảm ơn khách hàng… giao hàng nhanh",5,2023-10-03 09:01:26,2,True,9389530410,345248715,0,0,0,0,0,112,26
0757dcc31865249d89ba696265fc5d2c161fc3eb84f4e66b744594ed7823a7fd,Giao hàng khá nhanh. Gói hàng rất cẩn thận. Ngoài ra được tặng thêm 1 cuốn bí kíp 🤣 trong bí kíp có gì thì ae mua hàng về trải nghiệm nhé. 5 sao cho cách phục vụ và trả lời tin nhắn nhanh của shop,5,2021-11-19 17:34:45,1,True,9389530410,345248715,0,0,0,0,0,196,46
c5de8f7bef75432a554a8fd40c5066df63cb382de51bcb592f904b228c89f30c,Sp nhìn giống như quảng cáo 100% nhưng còn chất lượng thì chưa nên chưa bít thế .. đóng gói cẩn thận mở ra mùi rất thơm,5,2023-11-16 12:51:55,1,True,9389530410,345248715,0,0,0,0,0,119,27
7db7a7046dbea16e624d51837789389148559087b3dee1adc7b86e2d4cdd65bc,"Công dụng:để dùng cho nam chứ k lẽ thổi bong bóng :)) Giá rẻ, giao hàng nhanh, sản phẩm tốt, nhiều chất bôi trơn, đã test :))",5,2024-09-06 19:13:04,3,True,9389530410,345248715,0,0,0,0,0,125,27
5d5d6396d12f24c17656577f229e33a8891a45e6c1848d8e1f2549ce2025c02a,Hừm hừm. Shop chơi kỳ thật. Chưa khui hộp mà thấy tâm thư như thế này thì ai mà lỡ ..... Làm hại shop nhể. Nguyên hộp nguyên seal chưa khui không biết mùi vị mỏng dày thế nào chứ nhưng mà. Thấy chất lượng okii đấy. Tối nay cho vào việc thử luôn cái đã. Cây gậy 14 phân chuẩn bị rầu đâyyy 😂😂.,5,2022-05-28 19:01:07,2,True,9389530410,345248715,0,0,0,0,0,291,65
d8ce9bc56a642a75418063b5f282093a158a9c527aeec5a2a1b8b879d00a7a28,"Loại này mình mới mua và dùng thử lần đầu và có đánh giá cao sp này hơn non latex , sp này sd cảm thấy khá mỏng như non latex nhưng có độ bền hơn , dễ sd hơn đặt biệt có mùi khá thơm",5,2024-07-01 00:01:12,1,True,9389530410,345248715,0,0,0,0,0,182,46
375ea108a9c04b7c29e316baaf9ae59670edefda59ad3546421cf48fd5d2cccd,"Công dụng:dùng mới biết được Đóng gói cẩn thận, gửi hàng nhanh, nhìn rất uy tín, chất lượng thì phải dùng mới cảm nhận đc",5,2025-05-16 10:17:51,2,True,9389530410,345248715,0,0,0,0,0,121,25
ce6df2770bad6eeb7a21110065ef8bb1c165e68be998d776fe1be6381725826a,hàng rất đẹp ạ mọi người nên mua ủng hộ cho shop nha đánh giá 5 sao vì chất lượng quá tốt giao hàng đã nhanh mà shippe lại vui tính nữa vừa rẻ chất thì lại tốt ai mà chẳng muốn mua không mua là uổng lắm đó nha,5,2023-05-24 12:23:05,3,True,9389530410,345248715,0,0,0,0,0,209,50
ef5e62f0773e1c5b86d37aa9b4b5efb18d5ae03eaa438760ff03e9f5ef157f2f,"Công dụng:để không phát sinh dân số Cám ơn thư gửi của shop, nét chữ đẹp, từ ngữ dễ thương, khâu đóng gói kỹ ok.",5,2023-04-02 14:32:05,1,True,9389530410,345248715,0,0,0,0,0,112,25
a23bb66878ae441edc6ac01a74b7d563b24a9a2d7e69633f433497cf86f35670,Chưa sd ko biet sp như nào nhưng Rất hài lòng về shop . Đóng gói che tên rất cẩn thận . Lại thêm cái thiệp viết tay iu iu có tâm mấy shop mà bỏ tgian ra viết từng chữ như shop … ưng nha ❤️,5,2023-09-07 19:26:39,1,True,9389530410,345248715,0,0,0,0,0,188,47
58f808eb35c52fad8014760a146211262f957b5c8b5d067f115292a136e70c12,"Công dụng:shop nói tặng mà k tặng gì cả.có mỗi gel bôi trơn. mà mình lại k dùng đến 🥰Chị em muốn có làn body trắng hồng, mịn màng,an toàn thì có kem BODY ROSY lo nhé! 🌟Kem body dịch chiết lên men lợi khuẩn cho da, làm dịu da, ngăn ngừa lão hóa da. 🌟Không gây bào mòn da mà nuôi dưỡng da căng mịn trắng hồng tự nhiên. 🌟Cấp ẩm nuôi dưỡng da từ sâu bên trong. 🌟Kem thơm mùi nước hoa dịu nhẹ, dễ chịu. ❤️❤️❤️Điều cực kỳ thích ở kem body ROSY là thoa kem ở đâu là thấm sâu ở đó không hề bị bết rít hay bí bách lỗ chân lông. Giúp nâng tone da lên 3 tone sau khi dùng. 🎁🎁🎁Tặng kèm 3 phần quà lớn khi mua kem☎ : 0372.390.583 ❤ 𝓐́𝓷𝓱 𝓗𝓸̂̀𝓷𝓰 ❤",5,2024-07-26 10:02:46,1,True,9389530410,345248715,0,0,0,0,0,632,142
bb065e40751b69c6c9a95f16e956491c7261f2646db9fc955d6ef22672638351,Bao cao su rất ok . hộp đẹp Nhiều người mua đánh giá tốt nên mua thử nếu ok thì sử dụng lâu dài Được tặng kèm 2 cái bao siêu mỏng dùng thử Giờ thì tìm đối tác để test thôi 😋😋 Shop giao hàng rất nhanh 5 sao nha,5,2025-11-15 13:52:45,1,True,9389530410,345248715,0,0,0,0,0,209,51
b3c03511babfd2df27f31e56b4408fba02f30d65c180d3e6af87b913fbe73c0b,"Công dụng:bcs Shop che tên ngụy trang cực khéo a làm mình tưởng 🤭, săn sale rẻ còn được tặng quà , có cả thư cảm ơn đóng gói cẩn thận giao hàng nhanh cho shop 5 sao",5,2024-07-16 15:21:50,2,True,9389530410,345248715,0,0,0,0,0,164,38
21d735365993d59eedeb4ec82e2e83c048e48faada261794c1312b3f8745366b,"Shop đỉnhhhhhhh k bt là phải viết tay không nhưng lần đầu tiền đc shop ghi chú nhiệt tình chăm sóc như này thì chắc chắn khách sẽ quay lại rất rất nhiều lần nữa , giao hàng nhanh mới đặt hqa nay giao r",5,2025-04-28 12:56:25,1,True,9389530410,345248715,0,0,0,0,0,201,45
7e532bef017bbfb465f2f3e8ecc1c0cc030c54a213e8167c46278e7b5992eec5,"Công dụng:biện pháp tránh thai, bệnh lây qua đường tình dục Mua hàng của shop nhiều lần rồi, ưng sản phẩm lắm. Cảm ơn shop đã đưa ra các sản phẩm chất lượng để sử dụng.",5,2023-11-27 15:44:18,1,True,9389530410,345248715,0,0,0,0,0,168,36
1dcd43221af82bd77f2a1b504e317cab3d36f21cc9bcb5dab8b6d50caecba870,"Công dụng:Bao cao su Giao hàng đúng hẹn, lần này là lần thứ 3 mình mua sản phẩm này , chất lượng tốt gel bôi trơn nhiều.",5,2023-07-07 17:45:14,5,True,9389530410,345248715,0,0,0,0,0,120,27
1fde0e083fe5369303353ab75d30f92ad0b2c7bad345fe9398b2a68a444adf6c,Công dụng:tranh thai Giao hàng nhanh đóng gói cẩn thận sản phẩm hợp giá tiền hình ảnh mang tính chất nhận xu cho shop 5 sao,5,2024-09-07 10:20:58,3,True,9389530410,345248715,0,0,0,1,1,123,26
a73364498e5ce2fcfc71f6a557784440dbe174db7056a1b67e731171fd4e1afa,"lần đầu mua shop mà thấy chu đáo ntn, ib tn tự động theo từng trạng thái vận chuyển, mở ra đóng cẩn thận lại kèm hdsd bí kíp các kiểu",5,2022-02-11 12:03:45,1,True,9389530410,345248715,0,0,0,0,0,133,31
cfadadf55fe6ad574463752b8075132f97932431dbffc18684cf8eaefc0be046,"Công dụng:ok ⭐ Đánh giá sản phẩm: Bao cao su ⭐ • Bao bì: Nhỏ gọn, kín đáo, dễ mang theo. Thiết kế sang trọng và sạch sẽ. • Chất lượng: Cao su bền, dẻo, co giãn tốt, không dễ rách. Được kiểm định an toàn nên yên tâm khi sử dụng. • Cảm giác: Ôm khít, thoải mái, nhiều dòng có bổ sung gân gai hoặc hương thơm giúp tăng trải nghiệm. • Tiện lợi: Dễ dùng, vệ sinh, vừa bảo vệ sức khỏe vừa tránh thai hiệu quả. • Giá cả: Hợp lý, nhiều phân khúc từ phổ thông đến cao cấp.",5,2025-08-27 09:08:21,0,True,9389530410,345248715,0,0,0,0,0,463,104
d204311c82a4b6c2d71211ea085ab1394d1be04365928a62730784eefec40ada,Giao hàng nhanh chóng đóng gói cẩn thận mình đã mua đồ của shop một lần rồi ngày sinh dụng mua lại mọi người nên mua hàng của shop nhà rất uy tín có che tên nhe mọi người,5,2022-07-10 17:30:11,1,True,9389530410,345248715,0,0,0,0,0,170,39
6e5281bf0ac3cf32f0b6ad0e60e625ef4ec3729dec51a1da24f662b61d5d6a1e,"Simple, clean, and does the job well • Worth every penny so far • Really happy with the quality • Works exactly as expected • Solid choice, no complaints • Clean design and reliable • Good value for the price • Satisfied with this purchase • Looks great and performs well • Definitely recommend it 👍",5,2026-01-06 16:09:48,1,True,9389530410,345248715,0,0,0,0,0,299,56
883f103ab73fe4f3686cf19e4d2a440d72ca116e1cead40c8f2a8ec7cc7733df,Công dụng:rất để Shop giao hàng rất là nhanh sản phẩm chất lượng tốt mình mua ở đây hai lần rồi thank you shop rất nhiều nhé lần sau mình sẽ ủng hộ shop tiếp,5,2023-04-24 18:08:10,1,True,9389530410,345248715,0,0,0,0,0,157,35
64e049d2e93e5bd5cf1c2d1885160a48cabda24fb1afd3e87b34442b5bea1d0c,"Độ mỏng:ổn Gel bôi trơn:ổn Đóng gói cẩn thận khong bóp méo, đầy đủ số lượng giao hàng nhanh lượt mua nhiều, ủng hộ lần sau",5,2026-02-25 18:36:02,1,True,9389530410,345248715,0,0,0,0,0,122,26
16e578b670625c903bd4a20a02455157642d2aa3441670cdc19d2404440145b6,"Đã mua sản phẩn của shop và quay lại lần 2, chưa dùng thử loại này nhueng thấy shop cẩn thận và tinh tế nên vote cho shop 5 sao.",5,2022-09-23 17:24:43,2,True,9389530410,345248715,0,0,0,0,0,128,30
0f0cba1eaa03f8cb2e06b5a6c0857fc8ec86cdf5a7d3b582aa4c796549b3f09b,"Độ mỏng:sieu monv Gel bôi trơn:vua phai Giao hàng đúng hẹn, hàng đúng mô tả, tuỳ nhu cầu mỗi người cảm nhận thôi, phù hợp thì dùng lâu dài bảo vệ sức khoẻ",5,2025-12-13 10:31:02,1,True,9389530410,345248715,0,0,0,0,0,154,33
7008dc9b417fa9761fd7e0b12c5f253d3d789515ad437a893887ac5813d7a4dd,"Giao hàng nhanh như cơn gió , đóng gói rất tinh tế có tâm , kèm lời nhắn nhủ như của nyc thế này thì chắc chắn sẽ còn ủng hộ shop dài , chất lượng thì để lần sau đánh giá nhưng với cách cskh như này thì xứng đáng 10 sao luôn",5,2022-06-25 10:52:40,1,True,9389530410,345248715,0,0,0,0,0,224,54
a44df38bb51584b65c3d3f747d74e18005b2a42fb8e7eb38cc32ae0e353b23c1,"Đóng gói tốt, đổi tên đơn hàng để đỡ ngại cho kh, hộp nguyên seal, sp nguyên vẹn,chỉ là chưa bóc ra xem bên trong thôi, nếu sau khi dùng có gì k ổn sẽ đánh giá lại, với lại giá cũng rẻ",5,2022-09-16 10:34:54,3,True,9389530410,345248715,0,0,0,0,0,184,43
79ef85743fb022b737feb41c45101ce79c453519730f64c41c2ff79414d98c73,Quá ngon. Thơm ngon mời bạn ăn nha. Tư vấn nhiệt tình. Sản phẩm chất lượng. Mua hàng còn được tặng bí kíp võ công. Chấm 10 điểm,5,2022-04-07 11:24:44,4,True,9389530410,345248715,0,0,0,0,0,127,28
63375629f069d3b8c0a9d5e12b0a7f727f371dd6dfaa7600f33165dc0a3fd07e,"Lần đầu mua hàng của shop.. trải nghiệm thật dễ thương.. đóng gói chắc chắn, hàng chính hãng.. mọi người nên mua nhazzz.. chúc shop buôn may bán đắt nhé..:)))",5,2023-07-10 20:23:58,1,True,9389530410,345248715,0,0,0,0,0,158,30
652bdffe643ab0a024a1866391d5e495b279a79a762a0a3f1142c0698449bc03,Shop rất chu đáo giao hàng nhanh mua lần đầu nên chưa biết chất lượng thế nào. Cho shop 5 sao vì rất Hài lòng,5,2024-11-18 16:14:01,1,True,9389530410,345248715,0,0,0,0,0,109,25
9cabd8a8146d572c46b4a6723f956eeb25877cef2650cf872c62b0c8f4877b18,"Công dụng:Tránh thai, khhgd. Mới nhận hàng, ban đầu đánh giá Shop mall giao hàng nhanh chóng, đóng gói cẩn thận, kèm quà tặng gel, thư cảm ơn của hãng chép tay rất uy tín.",5,2024-01-20 13:53:10,2,True,9389530410,345248715,0,0,0,0,0,171,35
193e79bc86669487a340931256d02e19775ed5f9fe49114e8714222811f2ea7f,Ưng lắm. Mua lại được tặng cuốn bí kíp hay ho. Nói chung là shop che tên hoàn hảo. Hàng chất lượng. Sẽ ủng hộ lần sau ạ.,5,2022-03-11 11:54:33,2,True,9389530410,345248715,0,0,0,0,0,120,28
e93ffa4491206648a84c0a0822e177c859b1470436c1ebb17fefbbbb09c898f9,"Độ mỏng:Bao cao su siêu mỏng, cảm giác chân thật và mềm mại Gel bôi trơn:Gel bôi trơn dạng nước dễ rửa, không gây mùi khó chịu Giao hàng nhanh, che tên sản phẩm",5,2026-04-11 17:00:48,1,True,9389530410,345248715,0,1,0,0,1,160,34
503d7345493986c0cd1ddde6b06f7fa2e0fd25014f7a0d907d2eb4e4ef91ac7f,"Công dụng:bảo vệ Shop giap hàng nhanh,đủ hàng,hạn còn xa,gói hàng cẩn thận,đặt biệt rất thơm luôn ạ 😊 Dùng tốt sẽ ủng hộ shop tiếp",5,2023-08-24 19:48:22,3,True,9389530410,345248715,0,0,0,0,0,130,26
9cf2234a3fe92881c3cd3144f992466ddda03ad988f16a6041b44238794b3de9,"Sản phẩm xài OK, tạm được, có dịp sẽ ủng hộ tiếp tục nè Giá rẻ, nên mua, người bán hỗ trợ đổi trả rất nhiệt tình, Shop thân thiện. Hình ảnh và video ko liên quan đến sản phẩm",5,2022-09-29 10:47:16,2,True,9389530410,345248715,0,0,0,0,0,174,40
c1f760ae747eb5c9b23faaa7712933b9cefa3356f5003ecc378547c0b43908b9,"Công dụng:ok Sản phẩm đẹp và chắc chắn, nhân viên tư vấn nhiệt tình, vui vẻ, cởi mở, shop hoà đồng, đóng gói hàng kỹ và cẩn thận, giao hàng nhanh, sản phẩm tuyệt vời, ưng ý, mình sẽ quay lại ủng hộ shop lần sau nhé hihi",5,2023-11-02 10:17:13,1,True,9389530410,345248715,0,0,0,0,0,219,48
d654bd2699ace048e60c3806167158f5970e94f398ab6e14c34519a5694be325,"Shop cẩn thận dã man luôn ý. Đóng gói vuông vân, cẩn thận gọn gàng. Giao hàng siêu tốc, chắc là dùng thích nên rata nhiều lượt mua luôn ý.",5,2024-11-01 20:45:17,1,True,9389530410,345248715,0,0,0,0,0,138,30
855296fd437fc7589c0d9afe88f2ef894aae51787ef90fb582746e711a0e72d4,Công dụng:kéo dài thời gian quan hệ Dùng thấy mỏng với cảm giác chân thực Thơm mùi vani Mình mua hầu như hết sản phẩm của shop luôn ấy mua để trải nghiệm Shop có che tên sản phẩm nè Gói hàng chắc chắn Giao hàng nhanh nè Cảm ơn shop,5,2023-07-31 12:36:59,1,True,9389530410,345248715,0,0,0,0,0,231,51
7c51d31789ee4210cdfafa804b25c1813a46d57b6a9125584747619e63717d33,"Công dụng:tránh các bệnh truyền nhiễm qua đường tình dục và ngăn có thai ngoài ý muốn shop nhiệt tình, che tên sản phẩm, có thiệp viết tay trong hộp, đóng gói cẩn thận. đã từng sử dụng qua và vẫn sẽ ủng hộ trong tương lai.",5,2023-03-12 11:25:44,2,True,9389530410,345248715,0,0,0,0,0,222,47
30d51c6d02c658f3416da3802620e4e5024f7281156e2f9bddc22b7903729943,"Giá rẻ hơn bên ngoài, giao hàng nhanh hơn mình nghĩ nên sẽ ủng hộ shop. Lần đầu mua Tivi trên Shopee lại mua đúng đợt sale nên giá rẻ hơn ngoài cửa hàng hẳn 3 triệu. Hình ảnh sắc nét, âm thanh sống động, có điều khiển bằng giọng nói. Đóng gói cẩn thận, giao nhanh và lắp đặt dễ dàng. Mua hàng chính hãng nên được bảo hành 2 năm.",5,2024-10-20 11:06:05,1,True,9389530410,345248715,0,0,0,0,0,328,72
7c51d31789ee4210cdfafa804b25c1813a46d57b6a9125584747619e63717d33,"Công dụng:ai cũng biết rồi Shop giao hàng nhanh, tặng kèm thêm 1c. Cũng mua sp feelex nhiều rồi nên ko có gì lăn tăn thương hiệu này. 5* cho shop và sp.",5,2025-09-17 09:56:28,1,True,9389530410,345248715,0,0,0,0,0,152,33
726b2cc6aff203e746eea8457784111c75d06e5e74640d237c27c0b2ccb22f59,"Công dụng:tốt Đóng gói kỹ càng, che tên tinh tế, dung dịch vs nam dùng thơm mát, bcs chưa sử dụng nên chưa biết tn, nhưng đọc lời nhắn đi kèm của shop là ưng rồi, 5 sao nhé",5,2022-10-30 11:40:19,4,True,9389530410,345248715,0,0,0,0,0,172,39
17a2fdfe8e27ed9323bd2546203bbcc5864efbe0eca2e7f2d754ba7e9df58d95,"Shop giao hàng nhanh, đóng gói rất kỹ và cẩn thận, để tên rất tâm lý ""thiết bị nhà thông minh""😁. Dùng rất thích nhé, mình mua luôn 2 hộp.",5,2023-12-11 13:06:04,2,True,9389530410,345248715,0,0,0,0,0,137,30
8d08a9e3a4a4bec2e3772f20355c1ec36ed3172835f9b9b8c967c8d3344c7901,"Giao hàng nhanh, che tên sp. Gói hàng đẹp, có thư cảm ơn. Shop khá chu đáo. Chất lượng mình dùng sẽ phản hồi sau",5,2022-09-07 11:09:43,1,True,9389530410,345248715,0,0,0,0,0,112,25
1ca5489a28b584a50f88c720dbdff5d81d3700218b5a41c6110b7dbb487eb791,"shop tư vấn nhiệt tình, sản phẩm đến tay cũng chỉ mất có một ngày . Chất lượng thì là 🪑 vì khỏi phải BÀNNN :))",5,2023-10-23 17:01:41,2,True,9389530410,345248715,0,0,0,0,0,110,26
8072e863e1d064620c54899fc2d4e3b4935deaab682c63e507590f472300fb44,Công dụng:quan hệ an toàn Giao hàng nhanh. Đóng gói cẩn thận. Hình như shop xịt nước hoa vào thùng gói sao ấy tại mình vừa khui hộp ra thấy rất thơm,5,2024-11-26 16:19:53,1,True,9389530410,345248715,0,0,0,0,0,148,32
a40a458227cc3185206daacd39c214fe93ead7755f2f0021a52b784ff8ba7c07,Đóng gói che tên sản phẩm. Shop chu đáo lắm nhe tặng đủ thứ. Nên mua nhe mấy ông mấy bà. Sử dụng dễ chịu,5,2023-03-11 10:55:13,2,True,9389530410,345248715,0,0,0,0,0,104,25
155000c97a720f398565ee9096222e82c4301a72ffbf0a9e8e136186883b46b8,"spham ở đây tốt, mình từng mua ở đây nhiều lần rồi, giá thành cũng mềm. Chất lượng thì khỏi nói có nhiều ưu đãi lắm ạ, mình vẫn sẽ ghé tiếp và ủng hộ shop",5,2025-04-12 13:02:40,1,True,9389530410,345248715,0,0,0,0,0,154,36
3eeb77889cf7efbfbd84f86d4f8824e3249db8faebf3f499be2d48c8bec1c25c,"Vâng ạ, sản phẩm dùng rất chi là ok mua về phải review luôn:3. Shop còn nhiệt tình nữa ép dầu ép mỡ ai nỡ ép mình cho shop 1 sao👉👈",5,2022-03-05 09:10:44,2,True,9389530410,345248715,0,0,0,0,0,130,31
2a87ddae05095294807754861c052c4547fd345d21752841f8c3a12f85bf1e56,"Công dụng:Rất tuyệt vời Shop thích thật , mình mua 3 lần rồi , lần nào cũng ưng , còn có thư cảm ơn các thứ , cảm ơn shop che tên , lần sau ủng hộ tiếp ạ",5,2023-10-11 20:49:59,3,True,9389530410,345248715,0,0,0,0,0,153,39
a6d277d99cd81c9b1d2b06796eb3ab1fb606afddeb04c0faa249022150a48f4d,"Công dụng:Để đạu nhu Mình nhận được hàng từ shop gửi rồi ạ, shop đóng gói khá cẩn thận, sản phẩm cũng chất lượng tốt mà giá rẻ nữa. Cảm ơn shop nhé, sẽ quay lại lần sau ạ",5,2025-07-09 10:45:46,1,True,9389530410,345248715,0,0,0,0,0,170,39
21c11d7ddb7fd2e5c3abe704e2d1bada07b627a7e9eb131c7caba6ea3e2603ec,Shop dễ thương giao hàng nhanh qua đặt nay đã có còn tận tình viết tay nữa chứ Mình iat khi đánh giá lắm nma tại shop có tâm quáa,5,2023-04-05 22:36:05,1,True,9389530410,345248715,0,0,0,0,0,129,30
a2fb845289045b65570219b4ee056cf7235e531ff2ed25d8c72623017bc349ed,"Giao hàng nhanh. Sản phẩm mỏng, dai, bền. Đặc biệt nhiều gel bôi trơn nên ko cần mua thêm gel. Dùng ok la . Lượng mua nhiều. Giá rẻ. Mua vài lần r nên ko cần bận tâm về chất lượng.",5,2025-04-02 11:28:07,4,True,9389530410,345248715,0,0,0,0,0,180,41
5d69d310cad42a15170dc414ca73425c13c9005de419e1414a7b09fceb65fbe7,"""Sản phẩm thiết bị này đáng chú ý với thiết kế hiện đại và chất lượng xây dựng tốt. Nó cung cấp các tính năng tiên tiến, hiệu suất ổn định và khả năng tương thích rộng rãi. Giao diện người dùng thân thiện và dễ sử dụng. Tuy nhiên, sự đa dạng trong các tính năng cần được cải thiện và giá cả có thể cao hơn so với các sản phẩm tương tự trên thị trường.""",5,2023-09-08 12:01:55,0,True,9389530410,345248715,0,0,0,0,0,352,78
0b21305b41e222fd51016e878b5cf8f65c511308654f8744709d255fa5c2e533,Công dụng:Rất tốt nhaaa Đóng gói cẩn thận Có quà tặng Sản phẩm chưa dùng nên chưa biết có oke hay k nhma shop nhiệt tình Hong như những shop khác Rất tốt để mọi người nên mua nha,5,2023-12-09 21:58:23,4,True,9389530410,345248715,0,0,0,0,0,178,39
133d35221debfd15b70e65cad8ec477405865c9bb3221d14bf687ec00d63c077,"Hàng chuẩn có tem đàng hoàng luôn, shop cũng rất nhiệt tình hỗ trợ khách, 5 sao và chắc chắn sẽ là khách quen của shop ;)",5,2022-01-05 20:53:34,1,True,9389530410,345248715,0,0,0,0,0,121,27
7b563fbfe685ee3fa8c43bb0d13693142235328b34c8b307efd758a383b528d7,"Mình rất thích nhé. Bọc kín che tên cẩn thận. Hàng đẹp hộp đep k móp có thư cảm ơn, có quyển bí kíp ok phết mk sẽ ủng hộ dài♥️",5,2022-11-26 10:53:54,3,True,9389530410,345248715,0,0,0,0,0,126,31
deb65753e7809caad2b7f189cf8c905d7ad119d1980bbfcca23a919039ccfd10,"Tôi rất hài lòng với sản phẩm này! Chất lượng vượt mong đợi, thiết kế đẹp mắt và sử dụng rất tiện lợi. Hiệu suất ổn định, hoạt động mượt mà, không gặp lỗi. Giá cả hợp lý so với chất lượng. Dịch vụ chăm sóc khách hàng tận tình, giao hàng nhanh. Chắc chắn tôi sẽ mua tiếp và giới thiệu cho bạn bè!",5,2026-01-10 06:34:12,1,True,9389530410,345248715,0,0,0,0,0,295,65
8fa1be5576b6746014053b98a2331fd131c4984f6568668a6c4cc4fa8d94e4ee,"Công dụng:ve sinh vung kin và bôi trơn Trước hết 5s cho thư và đóng gói đẹp gọn nha sản phẩm tốt vệ sinh mát lạnh sạch làm dễ chịu ,gel thì lạnh trơn tru lâu khô phù hợp giá tiền nói chung sản phẩm tốt rất hài lòng , sẽ quay lại ủng hộ tiếp",5,2025-10-25 18:34:49,1,True,9389530410,345248715,0,0,0,0,0,240,56
b9ccd4662b9f6c24719cba60620f9af18278debd21a0a290fdbecdb838819271,"Công dụng:dụng cụ bảo vệ bản thân🤣 Shop nhiệt tình, có che tên sản phẩm nhưng chắc k che đc mắt sh Giao hàng nhanh, đặt hôm nay sáng mai có Cho shoppp 10₫ đỉmmmmmm😆",5,2023-11-03 15:19:41,2,True,9389530410,345248715,0,0,0,0,0,164,35
8229009a855e455dc15e4fe3e252e1b4fedca33f28670b9b154c2eff659697c3,"Công dụng:bảo vệ Giao nhanh , sản phẩm date xa là 2029 , tốt sẽ ủng hộ thêm với giá rẻ , 10 cái / 1 hộp",5,2025-02-19 16:57:19,1,True,9389530410,345248715,0,0,0,0,0,103,27
f51edff4f0c6c9d7dbff838326ec849fa3e3ba85a8df2d34236b6727157450eb,"Shop giao hàng nhanh, bao bì sản phẩm chu đáo hướng dẫn khá là chi tiết, vị dâu khá thơm dễ uống. Hòà với nước giống như kem lỏng uống mát dịu độ ngọt nhẹ",5,2025-05-22 13:19:37,1,True,9389530410,345248715,0,0,0,0,0,154,35
20a9ab9a4130440d60bbc03998633cae049bd571b8b2832f6acf482f26b8c941,"Công dụng:tt giao nhanh, mình hay mua của shop lắm dùng rất ok, hnay thử loại mùi mới xem có dễ ngửi hơn vị dâu ko ,",5,2025-11-21 20:35:02,2,True,9389530410,345248715,0,0,0,0,0,116,27
d35ec4ebf28b2716fec25001bb6308ccf808f2746550d8be4af96e51cdd0d767,"shop chu đáo với khách hàng dù đơn của mình flashsale, mình có ntin bảo shop che tên kĩ giúp thì shop rep cực nhanh và thân thiện , trước khi đi đơn cũng ntin bảo mình một tiếng. nchung là olo chất lượng và shop phục vụ rất tốt nên mua nha che tên rất kĩ",5,2021-11-12 08:21:45,1,True,9389530410,345248715,0,0,0,0,0,254,57
2287345dae5148267fcfabab27a0a8ae54a7a01f5a0f4d5b780d798b5265daeb,"Hàng chất lượng nha , đã mua của shop lần thứ 3 rồi , cái kéo dài thời gian sử dụng rất OK . Ae nào yếu yếu là gãy nha....kkkk🤣🤣🤣",5,2023-03-31 11:13:16,1,True,9389530410,345248715,0,0,0,0,0,129,31
315a596bb0068b6bac18284d8e034e912360b1e6503e45a5acaa2657d4f4b9e0,"Công dụng:mới Mua BCS về để tránh thai an toàn, loại này sài oke, chắn chắn an toàn, tránh thai hiệu quả, đã mua nhiều lần",5,2025-05-21 09:27:23,1,True,9389530410,345248715,0,0,0,0,0,122,26
aa67ffbfd7dc6685a04ea3ad645e481d0926fd72848183c384c8d890ffeb0bac,"Công dụng:tránh thai Shop giao hàng đầy đủ, chuẩn bị và ship hàng siêu nhanh, còn tặng kèm 1 bao, mà chắc k dùng đến 🥲. Đã dùng của hãng và thấy khá ổn, shop còn viết cả 1 bức tâm thư siêu dài, quá có tâm luôn.",5,2023-09-24 16:22:17,3,True,9389530410,345248715,0,0,0,0,0,210,48
bb6556f00abac76d705b4ac04a806557812030c57c0d26e71bf39b9adb90558a,"Điều ấn tượng là shop làm rất tốt việc cskh, rất tận tình, chu đáo. Sản phẩm dùng ok, bao bì lịch sự, đóng gói cẩn thận, tg giao hàng khá nhanh.",5,2022-07-05 13:39:56,2,True,9389530410,345248715,0,0,0,0,0,144,32
a27744f4b781e9a11f6062638780b27959e9098e37e0269504394ae043224529,Shop giao hàng nhanh. Thông tin được che chắn cẩn thận.đóng gói chắc chắn... tư vấn nhiệt tình sẽ ủng hộ shop lâu dài... cho shop 5*🤗,5,2022-04-09 12:36:58,1,True,9389530410,345248715,0,0,0,0,0,133,27
930c1dc546ff5d347e5fbd76cd65356cf71d963a7f4b6a3cd5eb041fbc27a3ff,"shop làm việc có vẻ chuyên nghiệp có thư cảm ơn, có che thông tin sản phẩm, có thông tin liên lạc riêng khá an tâm khi mua hàng",5,2024-02-17 10:23:22,1,True,9389530410,345248715,0,0,0,0,0,127,29
b04102c77cffca2a74b0c6fb06fbe0cf8a529eb29ad97fbbba2a0a0d47e5516b,"Công dụng:tốt ship nhanh, hộp đẹp, sản phẩm ổn so với giá tiền, kèm thư cảm ơn viết tay chữ siêu đẹp ấn tượng nha",5,2024-12-17 19:05:43,3,True,9389530410,345248715,0,0,0,0,0,113,25
585f08b767ce7daa267d8432a47f03e3a8d27fae8fc4d8aafa9dc172e7efd817,"Công dụng:kéo dài thời gian, tránh thai Giao nhanh, giá sale ok, đã mua nhiểu lần ở shop, rất ưng đóng gói ok, sẽ còn ủng hộ shop shipper nhiệt tình",5,2025-01-13 06:43:29,1,True,9389530410,345248715,0,0,0,0,0,148,31
6fb1085c1e767283d6558802b1d7004748fcd77c2de9463ee93537da36087cad,"Công dụng:bao ve Giao hang cực nhanh, đóng cẩn thận. Chữ viết bạn rất đẹp và mang nhiều tình cảm. Chúc bạn đắt hàng. Mình sẽ phản hồi sau khi sử dụng sp ạ. Chúc b mạnh khoẻ",5,2025-05-21 22:44:22,1,True,9389530410,345248715,0,0,0,0,0,172,38
967b4f2dcce9e21c5783fdf0a4b4613807518b7bd2d61e83f4fac3e62ffba6cf,"Công dụng:tranh thai Mẫu mã đẹp, đóng gói chỉn chu, shop còn hỗ trợ che tên, 10đ không có nhưng, sẽ ủng hộ nếu có dịp ạ",5,2024-12-16 19:39:14,1,True,9389530410,345248715,0,0,0,0,0,119,27
dc5e001d87186723088ea509177535e69107f1cf2b5644e42404a3ccbc3a0dc1,Mua hộ nên không biết hàng giao khá nhanh shipper thân thiện đóng gói chắc chắn vận chuyển không bị méo hộp hay ảnh hưởng đến spham,5,2022-11-14 17:11:19,1,True,9389530410,345248715,0,0,0,0,0,131,27
bd3a7e35d1cfe7e929e3ce19fc888ae705a40d3e11f67dcfa5ea16cabe71ca9b,"Công dụng:ai cũng biết😝 Đã mua của shop nhìu lần, sp uy tín, ngon bổ rẻ, có thư cảm ơn viết bằng tay, cảm giác cho người mua đc tôn trọng. Sp này dùng ok. Đang cố gắng dùng thử các loại của shop kkk",5,2024-03-28 14:03:04,3,True,9389530410,345248715,0,0,0,0,0,198,45
de4b669da942e9eab49ffcc425b74cec4d249172cfcdc062cc782ea7d20779e2,Sản phẩm tốt đúng như mô tả shop đóng gói kỹ bảo đảm quyền lợi khách hành sử dụng sản phẩm ok sẽ ủng hộ shop thêm,5,2024-12-16 12:45:53,1,True,9389530410,345248715,0,0,0,0,0,113,27
f1d8f7f61a06593fb43ca7c6776fbb65bb6c385d7d82ac848f06eba959a69cd7,"Công dụng:bảo vệ sức khoẻ Nhận hàng thấy rất hài lòng về shop vì đóng gói, thư cảm ơn, 1 miếng giấy thơm là biết shop rất chỉn chu, sản phẩm cũng đẹp nữa",5,2023-03-25 12:07:20,3,True,9389530410,345248715,0,0,0,0,0,153,34
bcdc78eeef49155178af8bd303445ab3101cb79a876576a3102c64f489684e77,"Công dụng:kế hoạch hoá gia đình Hàng đóng gói cẩn thận, thấy mọi người dùng nhiều lên mua thử dùng xem sao, shop có che tên cẩn thận, rất chu đáo",5,2025-06-20 13:23:24,1,True,9389530410,345248715,0,0,0,0,0,145,31
d9403cfc0ff38cdc22f673ef7093cf8473c57a490a10c861f586557a4896f8be,"Công dụng:tot Chất lượng sản phẩm tốt , nên mua , giao hành nhanh chóng , đóng gói sạch sẽ , kĩ càng , phù hợp , ngon , nla bla bla , nhu cầu sử dụng thường xuyên tốt , chúc shop phát triển nnansbbxbbxbxd",5,2025-12-09 23:03:03,1,True,9389530410,345248715,0,0,0,0,0,204,46
9cabd8a8146d572c46b4a6723f956eeb25877cef2650cf872c62b0c8f4877b18,"giao hàng nhanh, đóng gói cẩn thận, sản phẩm hoàn thiện kĩ càng có thư viết tay rất oke, cần trải nghiệm thêm và sẽ mua lại nếu oke",5,2025-07-09 12:55:27,3,True,9389530410,345248715,0,0,0,0,0,131,29
15dcf8ed30342f94a8c551b102aadc99efe56229eda69c3d5d76a9424f298348,"Công dụng:bảo vệ sức khoẻ Mùi dễ chịu, dễ sử dụng, đóng gói kỹ và thẩm mỹ, che tên sp, rất ưng cách shop cskh",5,2025-01-06 20:33:50,1,True,9389530410,345248715,0,0,0,0,0,109,25
73a3c230a0fc215a7ce5a8ea608d4ce7c5fdd9a4cde3207f82d42a253bb2ee00,"Shop tư vấn nhiệt tìnhh giao hàng nhanhh gói hàng chắc chắnn shop có che tên sp chất lượng lắm ạ, còn như nào đợi anh ny test mí biếtt hehe sẽ quay lại mua tiếpp ^^",5,2022-03-21 22:12:39,2,True,9389530410,345248715,0,0,0,0,0,164,37
7bfe8fd8f4c5008e6dae2e592155af825256b3e977056a88a049df5aca4ca575,"Shop rất chu đáo và tâm lí , che tên rất lịch sự không cần dặn trước . Sản phẩm dùng ok , ny mình rất thích . Có cả tem chống hàng giả nên yên tâm . Mua của shop 2 lần đều ưng , sẽ ủng hộ tiếp",5,2022-04-19 21:09:26,2,True,9389530410,345248715,0,0,0,0,0,192,50
186ec24c1868740b4ccd4b8ed5f607d8773b0f8bacc6b6c54498cea27fa2d732,"Đã mua lần thứ n , xài bao phờ ê…. Mua về con ghệ bạn sẽ cho quất quài luôn đó, Nhiều gai chất bôi trơn shop đóng gói kỹ",5,2024-03-03 06:55:49,1,True,9389530410,345248715,0,0,0,0,0,120,30
7524337da9f2f24184759ca99f4cb4cb6b9bf955c0466c1e6079208ae8c638fd,"Uii shop dễ thương mà chu đáo, nhiệt tình lắm luôn ấy. Có tờ note uy tín dã man, riêng khoản dịch vụ hỗ trợ khách thế này là mình đã muốn ủng hộ dài dài rùi 💯💯💯",5,2022-07-08 19:26:14,1,True,9389530410,345248715,0,0,0,0,0,160,38
862619fefd987005016b0d07bbc351160564ebb656e6fa37513698f9f102eb13,"Mới mua em này sài thử, rất mê kiểu dáng xịn sò, đẹp, dùng thử rất ưng luôn ý :)) Đáng mua. Bây giờ có thể lương tựa vào em này rồi nha. An toàn!",5,2022-03-28 21:45:01,3,True,9389530410,345248715,0,0,0,0,0,145,35
5dbde7df17e7bc6215007fbf4ebaf5777862ee8abd9140afc8953e299903179a,"Công dụng:bao ve sức khoẻ Giá rẻ... đóng gói sản phẩm chắc chắn. Mua loại có mùi thơm nhẹ, loại mát lạnh. Nên mua",5,2023-10-10 23:49:22,5,True,9389530410,345248715,0,0,0,0,0,113,24
ff3ec2d50794ccd336e79e11fe9d14f656de0ef7a619076704c788aa7280632a,"Giao hàng rất nhanh Che tên sản phẩm Mới mua loại mới nên ko biết như nào Nói chung giao hàng nhanh, đóng gói cẩn thận, dịch vụ vận chuyển nhanh, tận tình",5,2022-10-12 00:12:41,1,True,9389530410,345248715,0,0,0,0,0,154,33
dc5e001d87186723088ea509177535e69107f1cf2b5644e42404a3ccbc3a0dc1,Công dụng:tránh thai Bao rất dai nhé mn Mình dùng hết xong mang đi test nước thì ko cái nào thủng nha Nên mua nhé ạ À shop tư vấn rất nhiệt tình luôn nhé,5,2023-08-13 03:30:40,2,True,9389530410,345248715,0,0,0,0,0,153,35
6849d908522224b4ba5358bfd9ae7769f08563d92ffe10c3e12733aca9a466a2,"Công dụng:condom Giao hàng nhanh , đủ số lượng , chất lượng tốt , mùi vanila thơm , mỏng dai , giá cả hợp lý , đã mua của shop nhiều lần",5,2025-10-27 23:43:35,1,True,9389530410,345248715,0,0,0,0,0,136,32
6b8f4f0377304b6f5c535c3afbb45464f6c21a4d0d198c9ddceaf7ae56a7f8f9,"Công dụng:cong dung tuyet voi hàng giao đóng gói rất kĩ, giao hàng rất nhanh, đặc biệt có che tên sản phẩm, shop thân thiện nhiệt tình, có thư tay cảm ơn người dùng, sản phẩm tuyệt vời chất lượng, nói chung không có điểm chê, lần đầu dùng của shop sẽ ủng hộ thêm!!! 5⭐️ cho shop!!!",5,2025-01-01 19:22:56,1,True,9389530410,345248715,0,0,0,0,0,281,58
9ea1d305461f03c62d476e67cb7fe87bd13e431de7a28d7e5e74b022e3c9e318,"Shop rất có tâm, có tầm nè. Ship nhanh, còn che tê mặc dù m quên k nhắn shop. Gửi thiệp xinh xinh ai nỡ đánh giá thấp. M chưa sd nên chưa biết tn",5,2023-04-04 20:27:18,1,True,9389530410,345248715,0,0,0,0,0,145,35
e0652940a9ecdd353746b31c707a246ab664b781d1294b4497939387f755948e,"Lần đầu mua lên kbt sản phẩm ra sao, lần sau mua sẽ đánh giá tới sp, có che tên hàng, giao hàng nhanh, shop còn viết cả thư cảm ơn nữa, shop rất đáng iuu😘 sau sẽ ủng hộ shop tiếp",5,2023-07-16 13:07:01,2,True,9389530410,345248715,0,0,0,0,0,178,42
d8cef0d17a5b566f6daf6e99d63c65a3b81dd74f390c0bbba2547ad2f0218a5c,M nhận được hàng rồi. Thank shop rất nhanh và chính xác. Shop rất tinh tế che tên sản phẩm. Chất lượng hơn hàng ở tiệm thuốc. 5 sao. Thank,5,2022-02-17 11:16:44,1,True,9389530410,345248715,0,0,0,0,0,138,30
21d735365993d59eedeb4ec82e2e83c048e48faada261794c1312b3f8745366b,Mình mua lần thứ N những shop vẫn luôn làm mình hài lòng. Dùng rất thích và đặc biệt nhiều gel nữa. Sẽ luôn ủng hộ shop dài dài.,5,2022-06-07 15:47:49,3,True,9389530410,345248715,0,0,0,0,0,128,29
a44df38bb51584b65c3d3f747d74e18005b2a42fb8e7eb38cc32ae0e353b23c1,Công dụng:help me Đã mua và sử dụng sản phẩm của shop thấy rất k nên lần này mua lại. Giá cả hợp lý chất lượng ok. Cho shop 5 sao về clsp và cskh,5,2024-03-20 15:17:08,1,True,9389530410,345248715,0,0,0,0,0,145,35
cf3e102492a4941dc5dbb12a162ba649991f966d2d10f7f2f0f7b75759d67d03,"Sản phẩm rất chất lượng, đáng giá với giá tiền. Giao hàng nhanh chóng và đóng gói sản phẩm cẩn thận. Chất lượng sản phẩm vượt xa mong đợi của tôi, rất hài lòng. Sản phẩm đáng mua, đáng bỏ tiền. Hình ảnh và mô tả sản phẩm chính xác, hài lòng hơn mong đợi. Dịch vụ khách hàng rất tốt, shop hỗ trợ nhiệt tình, sẽ ủng hộ lần sau.",5,2024-07-29 08:37:19,1,True,9389530410,345248715,0,1,0,0,1,325,71
8d077f9f11ef529deaa8780bd3550f1aefd9deb60b0b299773a73ac2c325bae6,"Công dụng:sex Hàng tốt Nhờ có loại này mà mình quệt cho em người yêu dừ người cả đêm Nên dùng nha , an toàn , mỏng nhưng tốt xịn , đóng nguyên ngày không vấn đề gì",5,2022-11-29 21:01:28,1,True,9389530410,345248715,0,0,0,0,0,163,38
d53429329f8d854a3f7d1812e73e9d94ad84ba55f2b15182ebef1e3d816a6643,"tuyệt vời luôn mn ạ, đóng gói cẩn thận, viết cả thư cảm ơn bằng tay🥹🥹🥹 giao hàng rất nhanh, mình mới đặt hôm kia mà h đã giao rồi ạ box hàng rất thơm, mình rcm nên mua ạ",5,2024-04-27 10:28:37,3,True,9389530410,345248715,0,0,0,0,0,169,40
865c8a87764166e3f87796ddcd6f6a53cc2851f20b2109f522b3b7d671a65e2b,"Nail box xinh lắm, mẫu giống hình, màu đẹp và khá chắc chắn. Đeo lên tay nhìn gọn, sang, form ôm móng khá ổn. Shop đóng gói kỹ, giao hàng nhanh, giá hợp lý so với chất lượng. Mình khá ưng, sẽ ủng hộ thêm mẫu khác nha.",5,2026-05-02 10:13:12,1,True,9389530410,345248715,0,0,0,0,0,217,48
160cb5e77a548fafbea73c57270efec160ef9bd7a2f6a6c0e2002522aabf4d58,"Công dụng:bảo vệ lứa đôi Hàng ok. Mềm, dai, mịn màng. Chơi cả tiếng cũng vẫn mềm mại và mịn nên không hề khó chịu hay đau rát. Đúng là hàng hịn vẫn ngon thật",5,2025-08-02 18:43:53,1,True,9389530410,345248715,0,0,0,0,0,157,35
98637ccfe798be7562bc5a78983eed3ceed686f279bd1424822215673608d6cf,Shop đóng gói rất là dễ thương giá hạt rẻ nhưng sản phẩm thì rất chất lượng chưa biết rõ hiệu quả như thế nào sử dụng hai tuần mình quay lại fback sau￼,5,2023-04-06 22:48:03,5,True,9389530410,345248715,0,0,0,0,0,151,34
01535747f5ebb06120d033cf068588156391027034919aaaba4e474ff7f804ad,"Công dụng:ngan ngua hai vach Bao dùng khá ổn, dùng loại màu hồng ok hơn, màu đen có công dụng kéo dài tgian khá ổn, giá thành hợp lí, sẽ ủng hộ thêm vào các lần tới",5,2022-12-26 21:25:52,1,True,9389530410,345248715,0,0,0,0,0,164,37
0a4fea9e1325aa491af86eaaa170768627163453dcc9c0327c05ad7b6fb06523,"Mình đã mua tại shop nhiều lần, lần nào cũng nhiệt tình và support rất tốt, chất lượng sản phẩm ổn định. Sẽ ủng hộ lâu dài",5,2023-04-04 15:20:39,1,True,9389530410,345248715,0,0,0,0,0,122,27
e1853d06887aebb55f1c4f43f0072fc2741175dbf51418083b0448e863f91b40,"Công dụng:bcs kéo dài tgian Giao hàng khá nhanh, đóng gói kỹ, có cả thiệp cảm ơn viết tay, loại này mình dùng khá oke, giá rẻ",5,2025-06-22 19:01:53,1,True,9389530410,345248715,0,0,0,0,0,125,27
0044074b22794f3bae51ed32efe0845478750831764a91f5ee4a478e009df399,"Công dụng:Bôi trơn Tác dụng bôi trơn, mát mát rất thích, shop chỉnh chu còn kèm thư cảm ơn và chính sách đổi trả nếu không hài lòng, shop giúp che tên sản phẩm khi mua hàng",5,2025-12-21 21:55:55,1,True,9389530410,345248715,0,0,0,0,0,172,37
786cc2ed18665c843dd250182b997f64cc1c79bfe3f50e0f294d5936f517dbf2,Mùi thơm ghê. Thư cảm ơn viết tay nữa. Xịn xò con bò quá. Giá cũng vừa phải để dùng thử xem sao. Nếu Ok sẽ mua tiếp,5,2023-02-24 10:56:35,2,True,9389530410,345248715,0,0,0,0,0,115,28
871500241f6238439023773ce40747ec9572a9461c4dd8a910750bdcbbff5e8c,"Công dụng:đánh giá sau khi sử dụng Shop đóng gói cẩn thận, tư vấn tận tình, chu đáo, giao hàng nhanh chóng. Bảo mật thông tin.",5,2023-04-10 11:54:39,1,True,9389530410,345248715,0,0,0,0,0,126,26
4ad20a6cb21d0722c422f77349f63eb943d93519e8ca4a3ff7e992448bb6fd21,Shop giao hàng nhanh + tư vấn nhiệt tình Mở hộp có thư cảm ơn và mùi thơm rất thích. Shop rất chu đáo có dịp sẽ ủng hộ shop tiếp 🥰,5,2022-07-02 07:01:26,1,True,9389530410,345248715,0,0,0,0,0,130,32
e180d631a24c9ffd3f5aa9cecc5672b30b928019674383e78442f4649df03618,"Shop tư vấn nhiệt tình giải đáp thắc mắc, lần đầu mua hàng bên shop dc tư vấn kĩ rất ưng sẽ ủng hộ nhiều lần",5,2023-08-29 12:47:57,1,True,9389530410,345248715,0,0,0,0,0,108,26
e93ffa4491206648a84c0a0822e177c859b1470436c1ebb17fefbbbb09c898f9,"Công dụng:qhtd an toàn Đóng gói tốt, che tên cẩn thận Giao hàng nhanh từ Đà Nẵng vào SG Săn đc giá flash sale, app đc voucher Lần đầu xài loại này, hy vọng ok",5,2024-07-04 16:22:13,2,True,9389530410,345248715,0,0,0,0,0,158,35
521dfd4dca59abc88ea4ed4be9bff77dfc06fc385babae1e23c308bea2336e38,"Bao Cao Su của Feelex là sản phẩm xuất sắc, đáp ứng đầy đủ yêu cầu về chất lượng và an toàn. Chất liệu cao cấp mang lại cảm giác tự nhiên, tăng thêm sự thoải mái và sự tự tin trong mọi tình huống. Thiết kế thông minh và ôm sát đảm bảo trải nghiệm tốt nhất cho cả hai đối tác. Đặc biệt, chúng được chế tạo với công nghệ chống rò rỉ hiệu quả, giúp tạo nên một trải nghiệm an toàn và thoải mái, làm tăng sự tin tưởng và hạnh phúc trong mối quan hệ.",5,2023-12-16 12:21:20,1,True,9389530410,345248715,0,0,0,0,0,445,100
37cdeac9ec43e16d1df3ab9400cf12dc0bc6dffbc066058dc70cd8b9d5336784,"Độ mỏng:ok Gel bôi trơn:ok Bao cao su Feelex có nhiều chủng loại, mẫu mã có Gai, có Bi, siêu mỏng, kéo dài thời gian quan hệ đáp ứng được nhiều nhu cầu khác nhau của khách hàng.",5,2026-02-26 22:31:05,1,True,9389530410,345248715,0,0,0,0,0,177,38
088f7ba8dfd8db07ee714efb7a508d674a586d4efb6b866a7de624563adca279,"Hiện tại đã nhận hàng, đóng gói cẩn thận,dấu tên sp và có tem mã chống hàng giả đầy đủ..nguồn ngốc rõ ràng..khi nào dùng thử mới đánh giá chất lượn và độ tin cậy của sp..trc mắt hài lòng",5,2022-05-30 13:10:00,2,True,9389530410,345248715,0,0,0,0,0,186,40
584c601d693b97141df66168dde4e3e08839e5074cb10836a70f15a71314dbce,"Làm mát lúc đầu dần dần sẽ thấy ấm nóng lên và đến lúc cao trào thì thấy đã lắm.Ra nhiều hơn thường,mùi của gel cũng rất thơm,ko có bị ngứa ngáy khó chịu gì mấy",5,2025-10-17 21:08:31,1,True,9389530410,345248715,0,0,0,0,0,160,36
160cb5e77a548fafbea73c57270efec160ef9bd7a2f6a6c0e2002522aabf4d58,Công dụng:đục Hàng ok. Loại kéo dài time. Đục chấm hết luôn ae. Đúng tiền nào của đó. Dẻo dai trơn láng đến tận phút cuối luôn,5,2025-10-25 08:17:23,1,True,9389530410,345248715,0,0,0,0,0,126,27
a2fb845289045b65570219b4ee056cf7235e531ff2ed25d8c72623017bc349ed,Mỏng nhẹ tuỵet vời mà vẫn gây hứng thú khi đeo Chất lượng oke lắm luôn nha Sẽ quay lại mua tiếp hihi Shop 10 điểm chu đáo,5,2025-07-17 10:29:56,1,True,9389530410,345248715,0,0,0,0,0,121,28
9bfb89b8eb15ffe766eab66ff974b58f7e54c60cfc95fac3253885aa1901356c,Chất lượng sản phẩm tuyệt vời. Đóng gói sản phẩm rất đẹp và chắc chắn. Shop phục vụ rất tốt. Rất đáng tiền. Thời gian giao hàng rất nhanh,5,2022-01-18 07:50:25,2,True,9389530410,345248715,0,0,0,0,0,137,29
3e8110ac3093487f1f6acc73d722bcfac0537a73139d1d96a9cbd7ab6ba84b9e,"Công dụng:... Đóng gói chắc chắn, che tên kĩ lưỡng, bao bì nguyên vẹn kèm với thư cảm ơn và giấy nến thơm Chưa dùng nên k biết chất lượng ra seooo",5,2023-02-03 10:37:52,4,True,9389530410,345248715,0,0,0,0,0,146,32
8bd75b72122328148a3a2ef6610903f82a97ff43a94392fc171ed440147785a3,Sản phẩm đóng gói đẹp .rất thích cách shop đóng gói còn cho thêm giấy thơm vào ngửi thíc lm..sản phẩm dùng rất ok sẽ ủng hộ shop dài dài😆,5,2022-05-14 06:57:47,2,True,9389530410,345248715,0,0,0,0,0,137,30
150ce9abdb358cb36804345e6dd009d5b5f49f9b06257b14dfcb70b35307a379,"Sản phẩm tốt. Đóng gói cẩn thận. Có che tên, nhìn thư của shop mà ứa nước mắt. Chưa dùng nhưng hi vọng là ngon",5,2023-06-12 06:38:31,1,True,9389530410,345248715,0,0,0,0,0,110,25
55bc1af11ba7fa1ee397c04f5eff2c3fc0676b6f448cc2543b299222b0195ef8,"Công dụng:phong tranh thai va benh lay nhiem qua duong td Shop che tên sp, thư cảm ơn viết tat, đóng gói cẩn thận. Đánh giá tốt cho shop",5,2023-04-20 00:40:42,2,True,9389530410,345248715,0,0,0,0,0,136,29
d7d25ce9798fd9c4647ae9fe4750f2a9722186d47f22fb5b8eb99ed897088a9f,Công dụng:hâm nóng tình yêu Xin chào rất vui khi nhận dc món quà từ shop sản phẩm làm tôi khá tốn sức trong trận đấu tôi ko biết lá thư đó là viết tay hay đánh máy nhưng tôi thích lá thư đó chử viết khá đẹp và tôi sẻ giữ lá thư đó làm kỹ niệm cám ơn shop mãi yêu,5,2024-12-17 22:27:46,2,True,9389530410,345248715,0,0,0,0,0,262,63
a6fa9318777cd2cd3ca8a847d3452c27af31d25be3712b44eff88fb124a4c845,Cái này dùng bao sướng nhé. Góc độ phụ nữ thì thấy rất thíc. Mùi k quá gay. K quá nồng. Giữ đc mùi hưởng vừa phải. Gel ổn. Độ mỏng ổn. Rất thíc. Giá thành lại rẻ,5,2023-12-13 11:53:13,1,True,9389530410,345248715,0,0,0,0,0,161,38
56fcb202a2e8c13b5a5b929a29ea48a2cb98b28ddf7587525eb53c030ecb2d5a,"Công dụng:ngừa Đã mua của shop nhiều lần , bcs ko dày ko mỏng , xài Ok hơn durex nữa , giá thành rẻ , tiết kiệm , mùi vani thơm",5,2025-10-11 13:07:25,1,True,9389530410,345248715,0,0,0,0,0,127,31
d58426deb0f33c0a38b74d729d3e0d764ab1b3e4fef4f94bd167fce941a15048,"Đã nhận dk hàng , giao hàng nhanh, đóng gói cẩn thận, có che tên , chưa dùng nên chưa biết hịi nhưng sẽ mua lần tiếp",5,2023-10-15 19:45:15,1,True,9389530410,345248715,0,0,0,0,0,116,27
a19a1987ef4efdf90aa6bb9f467f7ee83b113631d3497c632b69bbd1da63340f,"dòng sản phẩm Bột Thịt Gà Knorr . Với chất lượng ổn định, giá cả phù hợp, rất thích hợp với các đơn vị kinh doanh nhà hàng, và gia đình sử dụng chế biến các món ăn. Được phát triển bởi các Bếp Trưởng và dành cho các Bếp Trưởng. Bột Thịt Gà Knorr. Được làm với thịt gà chất lượng và hòa quyện với gia vị để mang đến cho bạn hương vị thịt bò ngon tuyệt.",5,2025-02-05 13:25:59,0,True,9389530410,345248715,0,0,0,0,0,351,79
efc78e96757d271b854df20a2a22f5109c330165bedc8bb6c1957026f46ca441,"Đóng gói tốt, shop dễ thương viết cả thư cho kh Chất lượng thì cần p sd ms bt đc nma ấn tượng ban đầu khá tốt",5,2023-07-25 19:12:33,1,True,9389530410,345248715,0,0,0,0,0,109,27
f3f9d56c5ce3ee138c858f9603d385e53c259a9e4ab2f74715107fe515ebb983,"shop giao hàng nhanh, đóng gói cũng ổn ổn. ít thấy chỗ nào bán mà có giấy thơm như shop, mua lần 2 rồi nên cũng yên tâm",5,2023-05-03 10:15:04,3,True,9389530410,345248715,0,0,0,0,0,119,28
883f103ab73fe4f3686cf19e4d2a440d72ca116e1cead40c8f2a8ec7cc7733df,"Công dụng:đúng theo quảng cáo Sản phẩm đúng theo mô tả, đóng gói hợp lý không để lộ tên sản phẩm, shop rất tâm lý, sản phẩm dùng tốt đúng theo cam kết của shop, sẽ ủng hộ shop những lần tới.",5,2023-02-07 07:20:07,3,True,9389530410,345248715,0,0,0,0,0,190,42
79dd03b70023bb9e8b839394df70a968f3365f55582d1cb8f3a539b1608e7c65,Sản phẩm giao nhanh. Dùng khá ok. Chất lượng trong tầm giá. Được chỗ có che thông tin sản phẩm để tránh sự ngại ngùng của kH.,5,2022-07-11 17:54:43,1,True,9389530410,345248715,0,0,0,0,0,125,27
14966b814283b61d8a689707532a7df4e3ded09bf13daa79c2e7744c417d02c5,Công dụng:Ngăn Ngừa Rất hài Lòng 👍🏻 Sản phẩm rất ưng Shop rất Chi tiết và vui tính,5,2022-06-07 11:31:32,5,True,9389530410,345248715,0,0,0,0,0,82,18
b3d0db03779848e124ae37ed1282f74e0602657374a939663efd558443a70745,"Sản phẩm này mang đến trải nghiệm tuyệt vời với thiết kế tinh tế và tính năng vượt trội. Chất lượng vượt trội giúp tiết kiệm thời gian và nâng cao hiệu suất. Với độ bền cao và dễ sử dụng, nó không chỉ đáp ứng nhu cầu mà còn tạo ra sự hài lòng cho người tiêu dùng.",5,2025-08-11 15:02:44,0,True,9389530410,345248715,0,0,0,0,0,263,59
64a9ad333d0ed12debc870af21913e1edbb8aaf4b1c87b0f9826cf8aeceb9144,"Công dụng:bảo vệ Sản phẩm chất lượng tốt, đúng như mô tả trên trang bán hàng. Giao hàng nhanh, đóng gói cẩn thận, giá cả hợp lý. Rất hài lòng!",5,2025-06-09 12:25:06,1,True,9389530410,345248715,0,0,0,0,0,142,30
15242cc20e6e91003c02fce0f1e874da7d343c41eac435fb8b70346b935ce34e,"Sản phẩm dùng thích lắm luôn á. Giá cả lại hợp lý nữa. Shop giao hàng nhanh chóng, đóng gói cẩn thận. Mình dùng thấy hiệu quả rõ rệt. Chắc chắn sẽ quay lại ủng hộ shop lần nữa.",5,2026-05-08 10:22:29,1,True,9389530410,345248715,0,0,0,0,0,176,39
faab97d06a7686d73a22dc577adfc15ef667d680259e5ac7143ea3dd915a6270,"Giao hàng nhanh, shop rất chi là lịch sự và dễ thương, mình mua shop nhiều lần rồi xứng đáng 10đ. Còn loại này thì rẻ mà nhiều gel rất ưng",5,2023-03-02 20:57:26,2,True,9389530410,345248715,0,0,0,0,0,138,31
7b7af9616ff8ddc8c928d217cdc5c25ebc3bb7168ac4128f35f1caee9ba75aec,"Giao hàng khá nhanh. Đc cái sốp đóng gói kĩ càng, có che tên sản phẩm nên ưng lắm nha, mua đc lúc sale nên giá cực rẻ luôn 😋",5,2023-10-19 19:10:39,1,True,9389530410,345248715,0,0,0,0,0,124,30
fa97b3da10418dbebe31652b4632786719e5d2bc091bf16841b01c3b8dcc9e59,Giao nhanh. Đóng gói cẩn thận. Che tên sp cẩn thận. Chưa dùng nên chưa rõ chất lượng. Nhưng cho 5 sao vì rất chuyên nghiệp,5,2022-12-11 12:41:11,1,True,9389530410,345248715,0,0,0,0,0,122,26
948d3a7d7f3231ecfb984c7c4ff5e7c06716c24582fd0c7e10cdbdb98bf84034,"Sản phẩm chất lượng tốt, giá không đau ví. Giao hàng nhanh, thân thiện, lễ phép. Giao hàng nhanh, sản phẩm chất lượng tốt như quảng cáo. Sẽ quay lại tiếp! Dịch vụ chăm sóc khách hàng xuất sắc, giải đáp thắc mắc cực nhanh chóng, vừa nhắn hỏi đã thấy nhân viên rep rồi.",5,2025-01-02 20:33:28,0,True,9389530410,345248715,0,0,0,0,0,267,55
786cc2ed18665c843dd250182b997f64cc1c79bfe3f50e0f294d5936f517dbf2,"Sản phẩm chất lượng tốt, sử dụng tiện lợi và đúng như mô tả. Thiết kế đẹp, phù hợp với nhiều nhu cầu khác nhau. Giá cả hợp lý so với chất lượng. Đóng gói cẩn thận, giao hàng nhanh. Rất đáng để mua và trải nghiệm. Hình ảnh mang tính chất nhận xu.",5,2025-04-24 10:15:11,0,True,9389530410,345248715,0,0,0,1,1,245,54
e46fa2937d85d1438f2c2e8d48d17c5fbed7c356cfa9c2b89a3ef6632a21984a,"Hàng đóng gói cẩn thận , giao nhanh , shop còn viết thư cảm ơn rất chu đáo . Lần đầu thấy shop bán hàng lại tinh tế đến vậy , che tên sản phẩm trên hộp cũng rất kỹ . Còn về chất lượng thì chưa thử nên chưa biết nhưng mà nếu hợp thì mình sẽ quay lại mua tiếp !!!",5,2022-09-14 22:49:36,3,True,9389530410,345248715,0,0,0,0,0,261,63
b5f5b691114ac701eb81d7124e36d98ac5943221e0fc07ecccc43e7600e15d66,Giao hàng nhanh shop đóng gói chỉnh chu và cẩn thận có thêm lá thư viết tay rất ưng Ý và thích cách làm việc của shop đã mua lần thứ hai,5,2025-04-06 14:13:33,1,True,9389530410,345248715,0,0,0,0,0,136,32
5255decf9b5fd8578c52f789aacfdf97f44852f51d5639e3276fab5a3099181c,"Chất liệu: ca su Trọng lượng: 400gram Kiểu dáng: Đa dạng sắc màu gồm đen, Trắng. Kích thước: từ 35-39 Sản phẩm tại cửa hàng Minhsneaker1995 là sản phẩm loại tốt, phù hợp cho việc đi chơi, đi trời mưa, đi làm..... Giá thành tại shop luôn là giá tốt, tiết kiệm túi tiền cho quý khách hàng. Do màn hình và điều kiện ánh sáng khác nhau, màu sắc thực tế của sản phẩm có thể chênh lệch khoảng 3-5%.MinhSneaker cam kết: Sản phẩm 100% giống như hình ảnh mô tả, tất cả được chụp thực tế để quý khách có trải nghiệm chân thực. Hàng luôn sẵn có, cam kết đóng gói đúng và đủ sản phẩm, xác nhận đơn gửi đi trong ngày",5,2024-02-17 23:49:04,2,True,9389530410,345248715,0,0,0,0,0,603,126
1ec61febd39a342a57ebc774197af528c6342333f0ba5a4c12f8281ca270ecd8,Công dụng:tránh thai Chưa dùng nên chưa biết như nào ! Nhưng dc cái đóng gói cẩn thận và rất chuyên nghiệp giao hàng nhanh chóng,5,2023-06-16 18:27:49,1,True,9389530410,345248715,0,0,0,0,0,128,26
d53429329f8d854a3f7d1812e73e9d94ad84ba55f2b15182ebef1e3d816a6643,Công dụng:bao vệ sức khoẻ shop đóng gơi cẩn thận giao hàng nhanh còn sản phẩm thì chất lượng ủng hộ nhiều lần r rất ok,5,2024-12-16 12:27:07,1,True,9389530410,345248715,0,0,0,0,0,118,26
2181a6dd063ecb7542d1f8eca71bc55a440b3e2a012a90c31246308e50ecc66b,Lần thứ 2 mua hàng dùng rất rất là oki mình rất thích ship hàng nhiệt tình giao hàng nhanh rất đáng kỳ vọng sẽ ủng hộ shop dài,5,2024-01-05 20:10:37,1,True,9389530410,345248715,0,0,0,0,0,126,29
1267c1dcb762a0ba29947a6ca1e513720a39e76c09f43bd7ca0a9b124b13e0cb,"Sản phẩm được đóng gói cẩn thận, hàng giao đúng như yêu cầu, chất lượng tốt, giá hải chăng. Sẽ tiếp tục ủng hộ shop khi có nhu cầu.",5,2023-05-04 14:47:21,1,True,9389530410,345248715,0,0,0,0,0,131,29
f08e658e86b61111f326f86e90858a5a932e6dbcd213d5755443a93fd40fb6d9,Công dụng:tốt Sp có mùi vô cùng thơm Gel thì đối với mình khá là vừa Shop giao hàng nhanh với kín đáo thật :)),5,2022-09-22 11:02:36,1,True,9389530410,345248715,0,0,0,0,0,110,25
35e0398ae5df41c400b5fb2f7a74f3b58dc25d57a2f9a144d7c1902ec41208f1,"Chưa sd nên chưa biết chất lượng như nào, nhưng nhìn chung thì khá ok, đóng gói cẩn thận, hộp nhìn xịn xò lắm nha. Có che tên sp nên mn yên tâm ạ",5,2024-11-18 16:19:06,1,True,9389530410,345248715,0,0,0,0,0,145,34
26b49429c696d08cf2c70fa71fd552efc4a32dcda58884d04fc037d30aa0a5d5,"Công dụng:ho tro suc khoe Shop tận tình chu đáo, qua từng bức thư, giấy thơm khi gửi hàng, che tên sản phẩm, rất ưng ý ạ",5,2023-03-10 12:17:04,2,True,9389530410,345248715,0,0,0,0,0,120,27
e15b8eba4c0c1f9b1323c77c548db746ed0c8515f76f8fa19132ae8a3cbe3bd0,"Công dụng:bcs Chưa sử dụng nên k biết nhưng shop rep tin nhắn rất nhiệt tình, sản phẩm đóng gói kỹ, che tên đúng theo yêu cầu",5,2022-08-11 19:32:09,3,True,9389530410,345248715,0,0,0,0,0,125,27
3628cd8bf437bd44bb27bc93bc01ad3dd1eadf7141a4fd5a77a56860f997bd1a,"Công dụng:tranh thai Chưa sử dụng nên chưa thể đưa ra đánh giá về chất lượng nhưng shop phục vụ rất tốt. Che tên sản phẩm khi giao hàng, có hỗ trợ đổi trả miễn phí, kèm theo hướng dẫn 18+",5,2022-11-15 12:56:18,1,True,9389530410,345248715,0,0,0,0,0,187,41
103e0d5c686c3e1f421f0b0c364bd6d01e2bd484bb8274fddb7a727904c2c010,"Công dụng:Tránh thai Đóng gói tốt, che tên, sản phẩm tốt, có thư cảm ơn rất dễ thương. Đã từng ủng hộ và sẽ tiếp tục ủng hộ :)",5,2022-12-26 14:50:03,1,True,9389530410,345248715,0,0,0,0,0,126,29
8901d7d610153e72b3bd237d205c3318fa013de3087737771eb238e6bf833139,"Công dụng:ok Sản phẩm tuyệt vời, đúng với mô tả. Giao hàng nhanh chóng, shipper thân thiện dễ mến Đóng gói cẩn thận, có thể thấy tâm huyết của người bán. Hộp không bị móp méo, vận chuyển rất tốt. Thời gian giao hàng nhanh chóng, tôi không phải chờ đợi quá lâu để nhận sản phẩm. Chất lượng sản phẩm vượt mong đợi. Tôi rất hài lòng với trải nghiệm mua hàng này. Sản phẩm chất lượng tốt, đóng gói cẩn thận, giao hàng nhanh. Đã mua lần thứ 3 và vẫn rất hài lòng. Sản phẩm được giao nhanh và đóng gói chắc chắn.",5,2025-09-08 03:32:16,0,True,9389530410,345248715,0,1,0,0,1,506,106
efa876f054db5faf35916ed0f69112dd9a88b4da1583e019dd0334e4183ef182,"Công dụng:tránh thai Đóng gói cẩn thận, có che tên đàng hoàng, chất lượng chưa kiểm chứng nhưng vẫn cho shop 5 sao, có thư cám ơn rất hay",5,2024-07-22 11:44:32,1,True,9389530410,345248715,0,0,0,0,0,137,29
44fdf73a73abd689f1a514fd0bc0fdd61d436f51ba9daf6ed5e236c36f901e4c,"Công dụng:tốt Shop giao hàng nhanh, đóng gói cẩn thận. Được tặng nhiều đồ thêm nữa. Mặc dù chưa sử dụng nhưng thấy phục vụ tốt nên 5*",5,2024-03-27 00:38:21,1,True,9389530410,345248715,0,0,0,0,0,133,28
ae61d104d80edf7bdb5a1b057090ee0874211e11902bc2163b4caa35ff560e93,"Công dụng:tốt Shop giao nhah, chủ động kb zalo để tư vấn, 10đ nhiệt tình, tặng kèm 10 bịch gel, đóng gói cẩn thận( video chỉ mang tính chất nhận xu)",5,2024-06-12 09:35:39,1,True,9389530410,345248715,0,0,0,1,1,148,31
3e501374328b2ec0e0e11014971470c679299c3b0bc2389f1e24de0b453c3532,Đã nhận được hàng chưa dùng nên chưa biết sản phẩm như nào ngoài hộp khá thơm shop tăng kèm thêm tờ bí kíp hàng quá oce mọi người nên mua dùng thử,5,2022-05-25 22:29:45,5,True,9389530410,345248715,0,0,0,0,0,146,33
2aa1576ae36d6e84c5665b76eb1225066cbd77defa85747938f9804d1c3cf4d4,Kẹp chắc chắn tiện lợi dễ dùng thiết kế đẹp mắt hài lòng Chất lượng kẹp tốt giá hợp lý sử dụng bền lâu đáng mua Kẹp giữ chặt không trơn tuột màu sắc đẹp phù hợp nhu cầu Sản phẩm kẹp nhỏ gọn dễ mang theo mọi lúc rất hữu ích Kẹp bền đẹp an toàn khi dùng giúp công việc thuận tiện hơn,5,2025-08-21 21:00:00,0,True,9389530410,345248715,0,0,0,0,0,281,65
75d55e1454d95286c4b1d79c03dce1539d50492357095a948337a35f153256ad,Công dụng:bcs Shop rất lịch sự chu đáo. Lần đầu mua hàng mà nhận được tấm thiệp viết tay chữ rất đẹp. Hàng chưa xài nhưng quá hài lòng về cách tư vấn và dịch vụ của shop. Cảm ơn nhé.,5,2022-06-11 15:27:35,2,True,9389530410,345248715,0,0,0,0,0,182,41
6f1a586a484c4070856bd46633fccaf6f0eb46cdb52b3ae015c358d58fdbfe21,"Giao hàng nhanh, đóng gói chu đáo. Chất lượng chưa sử dụng nên chưa đánh giá đc. Nhưng chất lượng phục vụ cho 10 sao nhé.",5,2022-12-14 13:43:00,1,True,9389530410,345248715,0,0,0,0,0,121,26
17a67eee9763fb7b4ee27e2126e38fa1f65345dccf9050c5876b2147a2b92d67,"Giao hàng nhanh, đặt chiều qua chiều nay đã nhận được, sẽ ủng hộ shop thêm các sản phẩm khác, mọi người ủng hộ shop nhé, đóng hói cẩn thận, hu vọng sản phẩm sẽ trải nghiệm tốt",5,2025-03-13 22:41:58,5,True,9389530410,345248715,0,0,0,0,0,175,38
ec011d8ae229e7da6ccb03bb9df267615a591872cc8f50aa80c07896fd78e1bf,"Shop chu đáo và tinh tế có che tên SP và viết thư tay cảm ơn . Về SP thì rất tuyệt vời bao mỏng ôm khít , tạo cảm giác thoải mái , đối tác khen nguyên cả buổi",5,2025-05-01 22:24:16,2,True,9389530410,345248715,0,0,0,0,0,158,40
6849d908522224b4ba5358bfd9ae7769f08563d92ffe10c3e12733aca9a466a2,"Công dụng:bao cao su Giao hàng nhanh , đủ số lượng , đúng mẫu mã , giá cả hợp lý , đóng gói cẩn thận , bao bì đẹp",5,2025-05-18 20:08:19,1,True,9389530410,345248715,0,0,0,0,0,113,29
7c51d31789ee4210cdfafa804b25c1813a46d57b6a9125584747619e63717d33,"Công dụng:bao ve suc khoe Đã nhận được hàng shop ơi, giao nhanh, shop rất cẩn thận và chu đáo, để dùng rồi feddback trải nghiệm nha shop, cho shop 5sao đã",5,2024-10-19 11:35:34,1,True,9389530410,345248715,0,0,0,0,0,154,32
11ce3897cf15fc24685b9e26f9d1afe2783df25db13383880c869d6ff99d2bdb,Lá thư viết tay cảm ơn rất đáng yêu. Nếu sử dụng ưng ý sẽ ủng hộ shop lâu dài. Tạm thời tặng shop 5 sao. Thanks,5,2023-04-07 17:12:22,1,True,9389530410,345248715,0,0,0,0,0,111,27
6c5e5bac0f2b3dd54ad16a9c6852f0ba1418aa4afc27f430a290c412db4fb2c3,"Công dụng:kéo dài QH Mik mới nhận hàng hwa chưa có thử, nhưng nghĩ là OK thôi. Shop bán hàng rất là ocela, thích cái phong cách bán hàng này, chắc sẽ còn ủng hộ nhiều, thanks shoppp 10* khôm có nhưng :)))",5,2023-10-31 06:33:02,4,True,9389530410,345248715,0,0,0,0,0,204,43
9cabd8a8146d572c46b4a6723f956eeb25877cef2650cf872c62b0c8f4877b18,"Sản phẩm đúng như mô tả, đóng gói rất đẹp, lịch sự, phù hợp với người bị khô, dùng thấy ok, sẽ tiếp tục ủng hộ shop",5,2023-08-09 22:17:40,2,True,9389530410,345248715,0,0,0,0,0,115,27
383903e023faf81ee7183ea812f75ef8d5e55d5403a629e8633d9195d7462dcb,"Công dụng:5saoo Shop rất tâm lý và tinh tế nữa , mình chưa dùng nên chưa biết đc sp tốt k nữa nhưng thấy shop còn tận tình viết thế này là uy tin r",5,2023-05-10 12:26:58,2,True,9389530410,345248715,0,0,0,0,0,147,35
0dbce4d93a86c44945395dbef861c21b0d58c9f770fb90c53df1a66a103db011,"Công dụng:nhu mo ta Mình mua hàng của shop lần đầu mà thấy shop làm tốt lắm, che tên cẩn thận, đóng gói chắc chắn",5,2023-01-28 14:46:15,2,True,9389530410,345248715,0,0,0,0,0,113,25
bafe3c394826352a8745b249c2cae66edacf94570912f2298826a30b5cf86184,"Nhận dc hàng rồi đấy Đóng gói cẩn thận Sản phẩm bóc ra thấy rất thơm, chưa dùng nên chưa biết sp như nào Giao hàng nhanh luôn có 1 hôm Shop phục vụ nhiệt tình Cho shop 5 sao ạ",5,2022-03-26 09:06:33,2,True,9389530410,345248715,0,0,0,0,0,175,41
7886a83cfd4e4b2d98bcaa898bd2303211044c7cd5de6d57f8bdfdf3d0f9c9b5,"Công dụng:tránh thai an toàn hiệu quả 10đ shop tre tên sản phẩm cho khách hàng được tặng thêm mấy gọi gel, giao hàng nhanh shipper thân thiện sẽ ủng hộ lần sau",5,2024-07-07 17:00:36,2,True,9389530410,345248715,0,0,0,0,0,159,33
57414e0c2adbb79dac39ebada89b90e7a9bdff2d658dddbb899362ad3e6e7187,"Công dụng:abcxyz Giao hàng nhanh, đóng gói cẩn thận, đầy đủ hàng, lần này còn đc shop tặng thêm 1 lọ nước hoa, thơm nhức nách",5,2023-10-21 03:16:13,0,True,9389530410,345248715,0,0,0,0,0,125,26
d95d82eb204481df4d69fbe46e4f3b15253d1035782d15f2e0812e3a964d0b30,Sp bao bì đẹp chỉnh chu và có cả thư được viết bằng tay shop rất chu đáo shiper dth thân thiện rất hài lòng,5,2023-11-02 19:14:08,3,True,9389530410,345248715,0,0,0,0,0,107,25
6ea34d60cc5280c2ad140586ee19fe70e7dde9f8a851769cea22408755be0ca4,"Mình nghĩ nên lội lên shopee đánh giá 5 sao vì cái card hết sức dễ thương này :)) Đã mua lần 2 từ shop và hài lòng với condom nha, ưng nhất ở điểm nhiều gel trơn 💪🏻 Hộp gói hàng che tên sản phẩm cũng tinh tế nữa luôn, mê.",5,2022-08-06 14:58:21,1,True,9389530410,345248715,0,0,0,0,0,221,52
d3e654d76c2d68ba2d2cf622ad5b795217fcabffd88ca41978cf793442655d56,"Độ mỏng:mỏng tự nhiên Gel bôi trơn:nhiều Lần đầu tiên mua hàng bên shop ,shop che tên và ghi hàng gia dụng đỉnh voãi iu thương shop lắm . Hàng chuẩn nhé mọi người nên mua nhé",5,2026-03-01 13:31:59,1,True,9389530410,345248715,0,0,0,0,0,174,37
04f624e38120f8057383a8a8813c5d3477ecc11d0663782aea683ada293a11f7,Bao cao su siêu mỏng và siêu nhiều gel Dùng cảm giác chân thật Đáng giá để nhận xu Dùng ổn lần sau sẽ quay lại ủng hộ shop Đánh giá để nhận xu Đáng giá để nhận xu,5,2026-03-03 23:06:29,1,True,9389530410,345248715,0,0,0,1,1,162,39
8912c147b5c6330e80d5b55c46c7179296bc044ae0e050b027801addd51208e9,Công dụng:bảo vệ sức khỏe Giao hàng nhanh thật. Mới đặt hôm trước mà hôm sau đã giao tới nơi rồi. Giao hàng đủ số lượng. Còn dùng ok hay không thì chưa biết được vì chưa thử. Nếu tốt sẽ ủng hộ shop lần sau,5,2024-03-04 20:51:03,1,True,9389530410,345248715,0,0,0,0,0,205,46
b50de83ae8260d513080e80c195b519238ecd14f6ea94a220098da23764fc577,Công dụng:chữa lành tâm lý Hàng được giao an toàn tem mac còn hạn chuẩn hàng VN chất lượng cao Về độ an toàn thì chưa sử dụng cơ bản là để chia sẻ yêu thương cho nhau,5,2023-09-17 21:56:38,2,True,9389530410,345248715,0,0,0,0,0,166,38
e78b89cf100231ca90500a83aad6c697a6b8a5296b2804beda2846fbb42adf3b,"Công dụng:tránh thai và các bệnh lây qua đường tình dục Đã quay lại mua lần 2, giao hàng siêu nhanh, shop tâm lý che tên sản phẩm, lá thư cảm ơn viết tay là thấy ưng rồi",5,2024-11-18 17:11:41,2,True,9389530410,345248715,0,0,0,0,0,169,38
4a071ec6127dbcab952ed0a1d422f6c7b7d73a99842056f95118b412c170ddca,"mỏng, sài ok lắm nha. 10 cái 1 hộp mà săn sale rẻ nè. shop che tên sp nên k ngại bị shipper biết đâu nha",5,2025-02-03 10:26:28,2,True,9389530410,345248715,0,0,0,0,0,104,26
be8c7bf5026165c3f56d5d683be0331cc487420195658c93184d0162472344b1,Giao hàng nhanh chóng Che tên kỹ càng Đúng hàng và đầy đủ sản phẩm Gel thì bồ tui khen là trơn tốt hơn hãng D ạ,5,2024-07-28 23:07:05,1,True,9389530410,345248715,0,0,0,0,0,111,27
c02f95c85a403dfbf601fa7fa3394b75e9c1c9047c73f835353a515d2c631658,"Công dụng:tránh thai Shop chu đáo lắm. Gói hàng kỹ còn che tên sản phẩm, có cả bí kíp và thiệp cảm ơn nữa. Sp dùng tốt. Giá cả phải chăng. Sẽ ủng hộ shop.",5,2022-08-28 19:14:23,1,True,9389530410,345248715,0,0,0,0,0,154,35
28fc89e33ec6a453de150d03b755f0641603d5f52519cdbb2480bf01470f7ed8,"Shop đóng gói chắc chắn , vận chuyển nhanh , mình mua dùng thử của shop 1 lần thấy thích nên lần này quất hẳn 3 hộp luôn",5,2021-10-16 00:07:24,1,True,9389530410,345248715,0,0,0,0,0,120,28
bd3d30238e79d95b6ac62d9c8419e319b7122dba24cd5a43ed11b678901af5b3,"Công dụng:Siêu mỏng, kéo dài thời gian Sản phẩm đóng gói cẩn thận, chưa dùng thử nên chưa biết sp có chất lượng không nhưng shop đóng gói rất là uy tín, rất đáng mua.",5,2025-03-08 18:34:11,1,True,9389530410,345248715,0,0,0,0,0,166,35
9aaab4261be58c6077949234979925deccef78c3d94dcba641ca1464338b1e35,"Công dụng:mùi dễ chịu, thoải mái Đã sử dụng sản phẩm shop nhiều lần, mình rất thích, nay đặt thêm 2 hộp, giao hàng nhanh. Shop có kèm bí kíp rất tâm lý❤❤",5,2022-12-12 19:15:57,3,True,9389530410,345248715,0,0,0,0,0,153,33
f4897f785991786799f939cd02be74e8706852f076fa17a945097d22deff22d3,"Công dụng:ngăn ngừa có thai, ngăn bệnh tình dục shop gói hàng kỹ, giao nhanh (nội thành 2 ngày), giá rẻ hơn các shop khác, bcs khá nhiều chất bôi trơn, khó rách, tuy nhiên ng yêu bảo do nhiều bôi trơn quá nên cảm giác nó bớt thật =)))",5,2022-08-14 00:15:15,0,True,9389530410,345248715,0,0,0,0,0,234,50
1a90124280b99ef2ce3732bfa9533cd43ca032f745a6e3c015a891a8770b12e0,"Sản phẩm đóng gói đẹp, mình chưa dùng nên chưa biết nhưng từ cách đóng hộp chỉn chu thì chắc chắn chất lượng sẽ không hề tệ. Cho shop 5 sao và sẽ còn quay lại ủng hộ tiếp ạaaa :333",5,2023-08-24 12:33:58,2,True,9389530410,345248715,0,0,0,0,0,180,41
d53429329f8d854a3f7d1812e73e9d94ad84ba55f2b15182ebef1e3d816a6643,Thời gian vận chuyển rất hợp lí. Tôi đã đặt hàng với tâm thế hào hứng chờ đợi để được trải nghiệm sản phẩm và tôi không hề bị chờ mỏi cổ. Có thể thấy bên vận chuyển không quản ngại thời tiết và đường xá xa xôi để đưa sản phẩm cho tôi trong thời gian ngắn nhất.,5,2021-12-06 12:30:50,1,True,9389530410,345248715,0,1,0,0,1,260,59
a3e3808d559631e4e7baffb63c35c80256e65c3f3436e3215a8eefcb5099ffab,Cam ơn on shop rất là chu đáo lịch sự khi che san phẩm thông tin vi nhà minh có nhiều cháu nên shop mua hàng không chi đong gói chu đáo ma con rất là ghi lời việt cam ơn😜😘😘😘Đặt hàng hôm nay mai giao .1d điều shop phan hoi tin rất nhanh tu van.Minh sẽ giới thiệu bạn bè mua san phẩm của shop 100 💯 điểm cho su đáo.đang yêu,5,2025-12-22 11:10:25,3,True,9389530410,345248715,0,0,0,0,0,321,73
8f1137a7e17774dfae753052d726ccb2ddc63d59ffb397cdf417b4e97778fc91,Công dụng:ổn Bao sài khá ok.giao hàng cũng nhanh thích nhất là sop viết thiệp viết tay.thấy sop đặt tâm huyết rất nhiều sẽ ủng hộ sop khi sử dụng hết,5,2022-08-12 16:06:38,1,True,9389530410,345248715,0,0,0,0,0,149,31
232df804748f05d60a5b373bdb773683dc6ff8bc43c22d0fe26b406c13f95788,Thời gian giao hàng nhanh. Đóng gói sản phẩm chắc chắn. Chưa biết sản phẩm như thế nào nhưng với cách đóng gói cũng như cách làm việc của shop. Đói với những đơn hàng của shop! Thì đáng được 5sao nhé,5,2024-03-16 11:57:34,0,True,9389530410,345248715,0,0,0,0,0,199,42
7d2866aacdb53d868100d45fee8ded0a4ea9015a5d0cd1f3f27db138661f60fb,"Sản phẩm tuyệt vời, đúng với mô tả. Giao hàng nhanh chóng, shipper thân thiện dễ mến Đóng gói cẩn thận, có thể thấy tâm huyết của người bán. Hộp không bị móp méo, vận chuyển rất tốt. Thời gian giao hàng nhanh chóng, tôi không phải chờ đợi quá lâu để nhận sản phẩm. Chất lượng sản phẩm vượt mong đợi. Tôi rất hài lòng với trải nghiệm mua hàng này. Sản phẩm chất lượng tốt, đóng gói cẩn thận, giao hàng nhanh. Đã mua lần thứ 3 và vẫn rất hài lòng. Sản phẩm được giao nhanh và đóng gói chắc chắn.",5,2025-11-09 01:21:25,0,True,9389530410,345248715,0,1,0,0,1,493,104
64c932b8568c07adf25411e96039d63726c1719f2f3daadc64bfee9c4bc3a306,"Sản phẩm tuyệt vời, đúng với mô tả. Giao hàng nhanh chóng, shipper thân thiện dễ mến Đóng gói cẩn thận, có thể thấy tâm huyết của người bán. Hộp không bị móp méo, vận chuyển rất tốt. Thời gian giao hàng nhanh chóng, tôi không phải chờ đợi quá lâu để nhận sản phẩm. Chất lượng sản phẩm vượt mong đợi. Tôi rất hài lòng với trải nghiệm mua hàng này. Sản phẩm chất lượng tốt, đóng gói cẩn thận, giao hàng nhanh. Đã mua lần thứ 3 và vẫn rất hài lòng. Sản phẩm được giao nhanh và đóng gói chắc chắn.",5,2025-08-04 11:36:05,0,True,9389530410,345248715,0,1,0,0,1,493,104
4450981891ba980424e10bfe76ab8a9f53b8aad8d4433595b3816039a675f3fe,Công dụng:ngừa thai Ê. Mùi thơm vãi nha. Trc hay xài loại duxer nhưng loại đó nó k thơm. Với lại k mỏng bằng loại này á bây. T quay lại mua lần thứ 2 rồi ớ. Xài cái này tiện giá cũng ngang loại duxer thôi á.,5,2025-05-16 22:06:28,3,True,9389530410,345248715,0,0,0,0,0,207,48
a74c33cbe7f146101624a870d7f1e9404b618dfeb92d56ed5067e1875d1cb6f4,"Giao hàng nhanh, đóng gói tốt, phục vụ thấy rất đi vào lòng người. Chất lượng phải xem thực tế thế nào, nếu ok sẽ ủng hộ dài",5,2022-08-07 21:31:58,1,True,9389530410,345248715,0,0,0,0,0,124,28
82f5279f09bb4dd8b085c055317d69bdd5433b26362cc997601d72989054946b,"Công dụng:phòng tránh các bệnh liên quan đường tình dục, tránh thai Bao mỏng, chân thực lắm, nhưng thấy lượng gel chưa gọi là nhiều, không mùi khó chịu, dùng khá ưng giá lại hạt rẻ, giao hàng nhanh và che tên",5,2022-10-02 19:32:08,2,True,9389530410,345248715,0,0,0,0,0,208,42
80f13ff235ea928941ab9644c8154fb64d6d484195b69b0f5d3db8fba731dcf7,"Hàng ship nhanh, hộp nhìn xịn xò. Chưa dùng nên chưa nói cái feeling dc. Hi vọng k quá dai và cảm giác tốt. Dịch vụ shop cũng ổn nên cho 5 sao",5,2022-01-08 12:29:47,3,True,9389530410,345248715,0,0,0,0,0,142,33
a0be68be3c0f4a9eabfa8b6aa08396bf0d6422f489d380ccf6f49bcbadb3b005,"Công dụng:như trên mô tả về sản phẩm thì mình dùng được lần thứ 2 rùi , dùng rất êm so với mình nha giao hàng thì khá nhanh, shop đóng gói cũng chắc chắn.",5,2023-07-14 20:36:35,2,True,9389530410,345248715,0,0,0,0,0,154,35
d3f53c5bca794c061680076f1ef8c52ede7f6f84ff80a1eb5063eec7f38cb822,Ship siêu nhanh qua đặt hôm nay đã có hàng..đóng gói che tên sản phẩm cẩn thận..shop nhiệt tình..chất lượng ntn thì dùng thử rồi quay lại đánh giá sau🙂,5,2022-05-11 15:37:58,1,True,9389530410,345248715,0,0,0,0,0,151,30
14a78d211fc9ef25123701505469e15c56350f9e8591cda9b8bba97151baf0a9,"Shop gói hàng chuyển hàng nhanh cực. Tâm lý, che tên cho hàng. Ủng hộ shop làm ăn uy tín. Chưa thử nhưng mong sẽ ổn. Cảm ơn shop nghen",5,2022-04-17 16:16:29,1,True,9389530410,345248715,0,0,0,0,0,134,30
e78b89cf100231ca90500a83aad6c697a6b8a5296b2804beda2846fbb42adf3b,"Công dụng:giúp cuộc yêu thăng hoa, Giao hàng nhanh, che tên sản phẩm, lại đc tặng quà, có cả thư cảm ơn viết tay, ưng cái bụng quá shop ơi!",5,2024-07-11 15:29:33,2,True,9389530410,345248715,0,0,0,0,0,139,30
402cb4069d38025db0885af50e6808e9eadd4c44b5c3ee95a16ed4ef82fcb618,"Giao hàng nhanh, đóng gói kỹ càng, che tên sản phẩm cẩn thận. Chất lượng thì phải thử đã mới biết. Nếu ổn sẽ ủng hộ shop",5,2021-10-22 16:47:36,1,True,9389530410,345248715,0,0,0,0,0,120,27
ce07184f8117101b2e6f2cd452dcae0ac92d8222e70227c8bdb758658ef89c46,"Chưa nói về chất lượng nhưng cách phục vụ của shop cưng xỉu các bạn uii ,lại còn giao hàng nhanh ,có nguyên quyển hdsd luôn á ultr meeee",5,2022-07-12 21:53:15,1,True,9389530410,345248715,0,0,0,0,0,136,29
ce089b874241131bf2cc5410060c74154b34777af455ca577b61d888a65c04e3,Độ mỏng:độ mỏng hơn mong đợi Gel bôi trơn:nhìu gel bôi trơn lắm Shop nhiệt tình giao hàng nhanh chóng sẽ ủng hộ thêm nhiều,5,2026-04-29 14:15:26,1,True,9389530410,345248715,0,0,0,0,0,122,25
123511b9912cfad881e69301b9da0600d7bba26af944067a82e0bef8a858de0d,"Công dụng:... Shop quá tinh tế❤che tên sp là thiết bị nhà thông minh 🤓, lần trước mk mua hộp đen OLo dùng khá ok, mà lần này mua lại thì k thấy,có loại mới ra nên thử xem sao .😁",5,2022-11-25 12:25:11,5,True,9389530410,345248715,0,0,0,0,0,177,41
67b8e682085ee92984810c574f3185048f69dac7ea2f283f9747448dbbb3cf21,"Giao hàng kín đáo. Có thư cảm ơn viết tay rất đẹp, chụp lại đgia liền :)) bcs dùng ok, nhiều gel dễ sd. Mua thử loại cooling xem có cool ko",5,2024-10-15 07:29:14,2,True,9389530410,345248715,0,0,0,0,0,139,32
f357635b54d5adcefb9dd6e9d8a0d826f3e01d17bb48af311e027c03dd40f091,"Công dụng:tránh bệnh, tránh có baby sớm Shop giao hàng siêu nhanh, quà tặng nhiều. Sản phẩm mỏng,nhẹ,dai sài là rung rinh giao điểm của 3 đường trung tuyến luôn hehe ( yên tâm shop che tên sp hen hok lo bị ngại ^^ )",5,2024-07-10 10:53:20,1,True,9389530410,345248715,0,0,0,0,0,215,45
82d1d09c6b3a56c795bf4b696d4756daf3796e1850cf1bda07de0ec15760f12e,"xài rất ok luôn, ủng hộ nhiều lần rồi, shop rất dễ thương viết thư tay cảm ơn rồi còn bỏ vô thêm giấy thơm t tưởng t mua quần áo k đó tr :)))))",5,2025-08-15 20:18:52,1,True,9389530410,345248715,0,0,0,0,0,143,35
7b37479835c12f475df5b977fd2cc3e9a1aa62df187a72467a088c93cd0bb4b5,"Độ mỏng:tot Gel bôi trơn:ko gây mùi khó chịu Sản phẩm tuyệt vời, đúng với mô tả. Giao hàng nhanh chóng, shipper thân thiện dễ mến Đóng gói cẩn thận, có thể thấy tâm huyết của người bán. Hộp không bị móp méo, vận chuyển rất tốt.",5,2026-06-16 22:32:36,0,True,9389530410,345248715,0,0,0,0,0,227,47
f1b24f8150cd5b81609ce76199e94630e3f111608fee6fd564d10729f3855a9c,"Công dụng:ok Shop gói hàng cẩn thận, bên giao hàng nhanh, mình dùng sản phẩm thấy chất lượng tốt, nói chung hài lòng, sẽ ủng hộ tiếp",5,2022-06-17 14:34:39,1,True,9389530410,345248715,0,0,0,0,0,132,27
18b5d4bf74f22f39a7584befd1a10087981782c38fefe6bdfa71770ce7e010c9,"Công dụng:ok Chưa dùng nhưng thấy tốc độ giao hàng, thư gửi viết tay đã thấy hài lòng rồi. Mong shop phát triển sẽ ủng hộ thêm. :)))",5,2023-05-08 18:39:56,3,True,9389530410,345248715,0,0,0,0,0,132,28
aeedaabcd6539165fef08d3c7db76922bb451b197262574b30ef05fcbbfdb0c7,"Đã mua nhiều lần của shop, rất ok. Đầy đủ sản phẩm. Đóng gói sản phẩm cẩn thận. Shop giao hàng nhanh. Sản phẩm giống mô tả.",5,2023-02-07 08:33:00,1,True,9389530410,345248715,0,0,0,0,0,123,27
051ed242cddaebcc78b6e59ed56c44b9cb87b461f2e4e0a50a753e86c2dbcfe9,Bao siêu mỏng cảm giác rất chân thật và mềm mại lượng Geo bui chơn nhiều giúp tăng độ ẩm và thoải mái khi dùng,5,2026-05-02 23:14:06,1,True,9389530410,345248715,0,0,0,0,0,110,25
913122b280aaa90f1f5c83df4579fe255cbc413b9b5b6fd9ca1d881e758ca03c,"Độ mỏng:Bao cao su siêu mỏng, cảm giác rất thật Gel bôi trơn:Lượng gel đều và cho cam giác bôi trơn phù hợp cho cuộc yêu.",5,2026-02-27 21:48:14,1,True,9389530410,345248715,0,0,0,0,0,121,26
818625eb33295c9316b3cd4bd3e28cd5508ae5fe69f68ee8fd71c3c04e885590,Sản phẩm của shop tuyệt vời sài rất thích shop nhiệt tình nữa mua nhiều lần rồi sản phẩm có tem xuất xứ đầy đủ nên cũng yên tâm cho shop 5 sao,5,2022-07-04 22:43:39,1,True,9389530410,345248715,0,0,0,0,0,142,33
618118ff1dab696e56747a595a19a1161d8b0ea09944b6535c00b109f13b4909,"Độ mỏng:Độ mỏng: Bao cao su siêu mỏng, cảm giác rất chân thật và mềm mại. Gel bôi trơn:Độ mỏng: Bao cao su siêu mỏng, cảm giác rất chân thật và mềm mại. [QC] Khi lòng tham vọng chia cắt Nhân - Yêu, liệu tấm lòng thuần khiết của Tiêu Dao có cảm hóa được Vua vạn yêu Hồng Diệp? Đừng bỏ lỡ màn kết hợp đỉnh cao của Đàm Tùng Vận và Hầu Minh Hạo trong Tiêu Dao trên TV360 tại http://s.viettel.vn/Tieudao . Chi tiết LH 18008119 (0đ). Từ chối QC, soạn TC4 gửi 199.",5,2026-01-08 07:30:54,1,True,9389530410,345248715,0,0,0,0,0,457,96
2cfbcfd3982b7529f3cea2b096558fc2bf7c17009560100103ded188341bd4ec,"Giao hàng khá nhanh ạ, mới mua lần đầu chưa dùng nên chưa pít thế nào, nhưng đánh giá rất cao về shop. Có thư và che tên sản phẩm rất tinh tế ạ, nếu dùng hợp sẽ quay lại nhé, thank shop và shipper nhé ⭐⭐⭐⭐⭐",5,2023-10-08 17:54:25,2,True,9389530410,345248715,0,0,0,0,0,206,47
a73364498e5ce2fcfc71f6a557784440dbe174db7056a1b67e731171fd4e1afa,"Shop hỗ trợ nhiệt tình, ship nhanh, đóng gói cẩn thận, che tên sản phẩm. Bao mang vừa ôm, khá trơn, mỏng, k bị hôi mùi cao su nhiều. Cảm ơn shop.",5,2022-02-27 10:48:33,1,True,9389530410,345248715,0,0,0,0,0,145,32
1fc5edddcb1b7489a7c7955e05a2beb1a8007075573ecb6604c96f5075c7a371,"Shop che tên sp nên rất hài lòng, nhận dc thư viết tay của shop chứng tỏ ng bán rất tận tâm sp của mình. Dù chưa sử dụng sp nhưng cảm thay rất hài lòng cách chăm sóc khách hàng của shop. Thấy mn coment ok nen săn dc giá rẻ. Xài ok sẽ ủng hộ tiếp ạ.",5,2023-10-10 20:24:45,5,True,9389530410,345248715,0,0,0,0,0,248,59
713f9546ec00776dcac6b885f12634372e1520a03bd86340e295cb5c8c5f14e4,"Feelex xài khá ưng. Mỏng hơn so với các hãng khác, gân gai li ti tạo cảm giác thích hơn so với loại trơn. Đóng gói kỹ càng, có thiệp khá cute Xứng đáng 5*",5,2025-02-14 12:27:37,1,True,9389530410,345248715,0,0,0,0,0,154,35
e1288c2f0260a2e09e7679bf56059f40a628ad54d064660342e9420f262fe45d,"Công dụng:sp hỗ trợ tạo ra tình yêu Chưa xài đã thấy chất lượng ngay từ khâu đóng gói sản phẩm, shop phục vụ cực kỳ chu đáo và nhiệt tình mặc dù khách hơi hấp, chắn chắn sẽ mua lại những lần tiếp theo ạ~",5,2022-06-13 16:55:30,1,True,9389530410,345248715,0,0,0,0,0,203,46
5be2050b9c7aee303bc9b22c991eb6ca2ea80415a9edf6cf09107cb02ca31da2,Đã nhận hàng! Shop tinh tế nhắn tin và che tên sản phẩm. Mua nhiều lần nên k chê chất lượng cũng như cách phục vụ,5,2022-06-22 07:29:59,5,True,9389530410,345248715,0,0,0,0,0,113,26
5e2b28f73c0552b83084a769243f7bbf31281ad19edf1de7fead29d7022c2a6e,"Giá thành rẻ giao hàng nhanh chóng đặt biệt có che tên sản phẩm là quá oki luôn á, nên mua nhé mọi người, hình ảnh mang tính chất nhận xu",5,2025-05-10 01:18:09,2,True,9389530410,345248715,0,1,0,1,1,137,31
5e2b28f73c0552b83084a769243f7bbf31281ad19edf1de7fead29d7022c2a6e,"Giá thành rẻ giao hàng nhanh chóng đặt biệt có che tên sản phẩm là quá oki luôn á, nên mua nhé mọi người, hình ảnh mang tính chất nhận xu",5,2025-05-10 01:19:02,3,True,9389530410,345248715,0,1,0,1,1,137,31
f7faa3925d794d360d16f4cdc140147f56f187b340b90648917d8fe2a8b764c3,"Công dụng:bôi trơn Shop giao hàng nhanh lắm, gói hàng ok, giao đúng và đủ hàng. Shop còn có thư cảm ơn viết tay rất cẩn thận chu đáo. Về chất lượng mình chưa dùng nên chưa biết nhưng về dịch vụ thì shop quá ok",5,2025-10-07 07:32:49,1,True,9389530410,345248715,0,0,0,0,0,209,46
4d08a37fee31643df29e3061ab09784a3acab447b4d01a7b9937a50b6ac2145a,thật sự rất tinh tế luôn á mn ơi mình rất ngại luôn nhưng mà shop tinh tế cực kỳ mẫu mã đa dạng mình dùng loại này r siu thơm,5,2026-01-28 17:16:32,2,True,9389530410,345248715,0,0,0,0,0,125,31
5e14a9e71439bbe534c1d883a3b621901b760a04145bdb554238ea3f29ea9887,"Giá rẻ, chưa thử chưa biết nhưng đóng gói cẩn thận, có che tên sản phẩm và giao nhanh. Nhìn bên ngoài sản phẩm khá chỉn chu",5,2024-02-27 13:02:08,3,True,9389530410,345248715,0,0,0,0,0,123,27
7d47bf73a13f22325dec3f8ed72246011f60a88ff16e5c65e158a4423f0846e7,"Nhận được hàng rất nhanh, gói hàng che tên. Sản phẩm này chưa thử bh nhưng thấy rẻ nên mua, lượt mua cũng rất cao nữa nên nếu ưng sẽ ủng hộ tiếp",5,2022-04-26 23:51:26,2,True,9389530410,345248715,0,0,0,0,0,144,33
f17a0235081ff30340e4b95947b15f59adcab10d18618ee45cf96e77e554f655,"Công dụng:qhtd ngừa tha❕ Thơm , mỏng nhưng rất dai , tốt . Kéo dài tgian thì ko có vì bao tạo cảm giác quá chân thật . Mình là phụ nữ cảm thấy rất thoải mái khi ny dùng chứ ko khó chịu như các loại bao khác",5,2023-02-28 10:08:04,1,True,9389530410,345248715,0,0,0,0,0,206,49
d72a6af62d5d1176956beb0fda9955148a0c6570233cbd8d675647272c3c4230,"Rất hài lòng với sản phẩm của sóp, giao hàng nhanh đóng gói kỹ càng và sóp cũng che tên sản phẩm sẽ ủng hộ sóp hoài luôn",5,2023-06-30 08:34:17,1,True,9389530410,345248715,0,0,0,0,0,120,28
f4f9bd1a6878dab6419f628eab9a7d879d0c7ffb5f1dc8f9a6de02aaae223e0f,Shop đóng gói và giao hàng nhanh. Quà tặng kèm nên k đòi hỏi j nhiều. Chúc shop bán được nhiều sản phẩm. 5 saooooo,5,2021-11-23 20:45:47,1,True,9389530410,345248715,0,0,0,0,0,114,25
9389132cda87e866c4c217219341d26cd3bfcc132e7ce08d595a9e3ee78b7802,"Công dụng:nguyên liệu: mủ cao su nguyên chất, thiên nhiên và lành tính, không gây kích ứng cho da hay bất kỳ tác động nào đến sức khỏe. Bên cạnh đó, nguyên liệu này cũng giúp cho bao cao su có độ dẻo dai, mỏng nhẹ, khả năng chịu ma sát cao để đảm bảo độ chân thật nhất cho người dùng. Về thành phẩm, bao cao su Feelex trước khi đưa ra thị trường đã vượt qua nhiều cuộc kiểm nghiệm khắt khe với công nghệ tiên tiến. Mục đích là để đảm bảo sản phẩm đến tay người dùng ở trạng thái tốt nhất.",5,2025-02-20 20:05:08,1,True,9389530410,345248715,0,0,0,0,0,488,106
3354d6345e138a7d7f68b26fd9305f61bcdaa5734cf1462f82e6ddc4df73a8e9,"Độ mỏng:Loại bao này mỏng hơn nhiều so với các loại khác tôi từng dùng Gel bôi trơn:Gel bôi trơn dạng nước dể rửa, ko gây mùi khó chịu Loại bao này mỏng hơn nhiều so với các loại khác tôi từng dùng Gel bôi trơn dạng nước dể rửa, ko gây mùi khó chịu Ngoài ra còn có gân gai, kéo dài thời gian, đáng để trải nghiệm, giao hàng cực nhanh",5,2025-11-21 23:08:05,4,True,9389530410,345248715,0,0,0,0,0,333,73
82e04ccdc504a74f19fbbdd8af03ce287e7f1600271f888f88f5f0af15b1ea33,"Hàng Mall nên khá tin tưởng, quà tặng kèm cũng rất có ích. Khi nào dùng thử nếu tốt lần sau sẽ ủng hộ shop dài dài. Nên mua nha mọi người, hộp nguyên seal.",5,2021-10-29 21:11:51,2,True,9389530410,345248715,0,0,0,0,0,155,35
7be7d4bc91a1dadb24614fea2c0b8304a716614dd6072385b990b581e6f55d9c,Giao hàng khá nhanh shop tư vấn nhiệt tình sp đúng số lượng mà chưa dùng nên k biết ra sao nhưng cho shop 5sao thân thiện,5,2023-12-17 13:35:27,1,True,9389530410,345248715,0,0,0,0,0,121,27
412237add54260efd93a89427dbe052a12f40f42db717324f4fa82d448585ed7,"Sản phẩm đóng gói chắc chắn giá thành hợp lý, chất lượng siêu mỏng dùng rất thích.Mùi vani thơm",5,2022-08-23 12:59:57,3,True,9389530410,345248715,0,0,0,0,0,95,19
0395a9597d3dcd5940a95720904cf1b2a194b482e4729d1b0401c77fa135f71b,"Độ mỏng:tốt Giao hàng hoa tốc , sp dc che tên rất tinh tế , thể hiện sự xịn , chất lượng của ng bán cũng như sản phẩm . Rất yêu thích sp này và sẽ mua ủng hộ thêm",5,2026-02-12 13:53:15,1,True,9389530410,345248715,0,0,0,0,0,162,41
89b615eb1b44745522976022e28948dbd7f32cb08ca5290d203f927561047b6d,"Sản phẩm tốt,dùng thích.Đóng gói lúc nào cũng chỉnh chu,mê cái cách shop viết thư tay cảm ơn lắm.Chúc shop đắt hàng nhé 😁 Mua ở đây xong k thích mua shop nào nữa ưng từ cái cách đóng hàng",5,2023-11-16 20:00:50,1,True,9389530410,345248715,0,0,0,0,0,187,40
57e71cfdd8f3cb8f2b7e88ea552e3d20fd2536f6e6874eb0254856684f5a1cda,"Công dụng:Tránh thai Shop gửi hàng nhanh, đổi tên sản phẩm, có thư cảm ơn rất dễ thương. Cho shop 5 sao, dùng tốt sẽ ủng hộ tiếp ạ!",5,2025-05-22 21:23:37,2,True,9389530410,345248715,0,0,0,0,0,131,29
e61dae973acd0950a21c1c39e8b4e9036e99b7b5083db795b7237a2ec7cebe18,"Giao hàng nhanh , đóng gói cẩn thận , đủ dung tích , bóc ra thì mùi khá thơm , còn công dụng trắng da thì xài lâu ms cảm nhận dx , ns chung lân này mua dx giá hời nhưng chất lượng khá ổn sẽ mua lần sau",5,2024-03-05 08:17:41,1,True,9389530410,345248715,0,0,0,0,0,201,50
12564b34fde258932f9927081fc7b202e5f7bbb2def324659ac0866ea221c8cd,Công dụng:bọc thằng em +1 điểm cho lá thư +1 nữa cho đóng gói Chưa dùng nhưng thấy ưng cái bụng rồi á. Dùng tốt sẽ ủng hộ shop dài dài.,5,2023-07-27 20:38:10,2,True,9389530410,345248715,0,0,0,0,0,135,31
1eac65ae3c45c72dd9fa088ba9647c68061f9fd64710847d9bf400a2e0c9d306,"Sản phẩm dễ sử dụng, có ghi chú hướng dẫn rõ ràng. Tôi vô cùng hài lòng với lần mua sắm này. Giao hàng nhanh, đóng gói kỹ lưỡng. Sản phẩm chất lượng cao, giá khá tốt.",5,2025-09-22 09:34:03,1,True,9389530410,345248715,0,0,0,0,0,166,37
855296fd437fc7589c0d9afe88f2ef894aae51787ef90fb582746e711a0e72d4,"Công dụng:ngừa thai Thành khách quen của shop luôn rồi cơ Loại này dùng thì thấy mỏng nè , hơm hơm mùi dâu Shop có che tên sản phẩm nè 10đ Còn tặng cho bí kiếp 18+ nữa cơ Gói hàng chắc chắn Giao hàng nhanh nè",5,2023-07-31 12:25:06,1,True,9389530410,345248715,0,0,0,0,0,208,47
16d45212ce2e2dd2b8c63c88359e53bcd50103a5204b08c51ea3aca4aef1e7e7,Công dụng:tranh thai Cho shop 10 điểm vì lần đầu trong đời mua hàng unbox đc 1 chiếc thư cảm ơn viết tay 🥰 mọi thứ oki quá nên sẽ quay lại với shop lâu dài,5,2023-12-04 09:59:46,1,True,9389530410,345248715,0,0,0,0,0,155,36
dc5e001d87186723088ea509177535e69107f1cf2b5644e42404a3ccbc3a0dc1,"sản phẩm tuyệt vời, đúng với mô tả. Giao hàng nhanh chóng, shipper thân thiện dễ mến Đóng gói cẩn thận, có thể thấy tâm huyết của người bán. Hộp không bị móp méo, vận chuyển rất tốt. Thời gian giao hàng nhanh chóng, tôi không phải chờ đợi quá lâu để nhận sản phẩm",5,2025-09-17 16:14:12,0,True,9389530410,345248715,0,1,0,0,1,263,55
c62fb4f4f69d2d7015711393ba21ef85c6c7af754f26d68e2d90ff2054cf8bf7,"Shop giao nhanh, đóng gói cẩn thận, giao đúng sản phẩm, giá cả hợp lý, sản phẩm dùng ok, hết sẽ mua tiếp vì sản phẩm dùng ổn",5,2025-05-19 13:08:46,1,True,9389530410,345248715,0,0,0,0,0,124,28
56fcb202a2e8c13b5a5b929a29ea48a2cb98b28ddf7587525eb53c030ecb2d5a,"Công dụng:ngừa thai Đã mua nhiều lần của shop , giao hàng nhanh , che tên sp , loại này dùng Ok hơn cả Dr nhé , mỏng ko dày",5,2025-04-20 09:10:39,2,True,9389530410,345248715,0,0,0,0,0,123,30
c29b2ebb3e158a6aa19a28a8eda3affd91363528f2582842351fe20f025ce9d1,Hàng giao siuuu nhanh luôn shop cute cực đóng gói cẩn thận mở hộp ra có giấy thơm nữa Vô cùng hài lòng và đây là lần 4 mk mua ở shop rồi 😘😘,5,2022-05-16 11:26:41,1,True,9389530410,345248715,0,0,0,0,0,139,34
59a6af16f0e9e95c4a596ad4ffd22e322901f381bc61fa2a84c9e69cebc606f7,"Giao hàng nhanh, đóng gói cẩn thận, ghi thông tin tế nhị, có lời cảm ơn kèm theo. Đã mua lần 2, sử dụng rất ok, sẽ tiếp tục ủng hộ.",5,2023-12-02 15:32:39,1,True,9389530410,345248715,0,0,0,0,0,131,31
3de53236267cbe97b3465e3f8e5902c1935b3972280b1294cbc7c722712a74b8,"Sản phẩm tuyệt vời, đúng với mô tả. Giao hàng nhanh chóng, shipper thân thiện dễ mến Đóng gói cẩn thận, có thể thấy tâm huyết của người bán. Hộp không bị móp méo, vận chuyển rất tốt. Thời gian giao hàng nhanh chóng, tôi không phải chờ đợi quá lâu để nhận sản phẩm. Chất lượng sản phẩm vượt mong đợi. Tôi rất hài lòng với trải nghiệm mua hàng này.",5,2025-09-22 20:50:51,0,True,9389530410,345248715,0,1,0,0,1,346,72
036593a2d298d919943986ee36ebc2d211d9399117917899edd5cbf89466ba63,"Công dụng:bcs Shop rất nhiệt tình và quan tâm khách nhanh, 1 hành động nhỏ nhưng ý nghĩa, lần đầu dùng nhưng qua cách phục vụ thì t nghĩ sản phẩm sẽ rất ok, thanks shop!",5,2023-04-20 11:43:09,1,True,9389530410,345248715,0,0,0,0,0,169,36
eac8fa16f3707df7e300cf0c40be597f6fc54220e81e2c161017f1bd6bcdf8e9,"Giao hàng nhanh , đóng gói cẩn thận . Shop chu đáo có cả thư tay . Sản phẩm nếu dùng thích mình sẽ ủng hộ tiếp .",5,2024-10-08 20:43:35,1,True,9389530410,345248715,0,0,0,0,0,112,28
81c8dfe969fbaec323256e0ae1297319f5dd1d7c8ca645dbfe214aa9079e8806,"Công dụng:abc Shop đóng gói rất có tâm,còn để cả giấy thơm và thư viết tay,,bọc hàng cẩn thận và gửi hàng nhanh,mình đã mua nhiều ở shop rồi",5,2025-02-22 21:19:10,1,True,9389530410,345248715,0,0,0,0,0,140,29
55965c0660cf51585a0905afe67b510a2a0ebb849f9648dc560c653629bc0e43,"⸻ Sản phẩm đúng mô tả, bao bì kín đáo, chất lượng tốt, siêu mỏng và mang lại cảm giác chân thật. Giúp kéo dài thời gian hiệu quả, không gây kích ứng. Shop giao hàng nhanh, đóng gói cẩn thận. Mình rất hài lòng và sẽ ủng hộ thêm lần sau. Rất đáng để trải nghiệm.",5,2025-07-18 20:44:38,0,True,9389530410,345248715,0,0,0,0,0,260,57
12945bd38be6d7f7eb0252b45c4d98ad2b2ecc395d97ac0809b844c328e08221,"Công dụng:tranh thai Lúc đầu đọc bình luận thì cũng hơi sợ, nhưng đế lúc mk mua về thì đóng gói bao bì đẹp, kĩ càng, nhiều gel, dùng thích.",5,2023-12-12 11:24:48,1,True,9389530410,345248715,0,0,0,0,0,139,30
3d34a18358e21ddbaa5c6efe278f74f2f446f99d1673f297f368cba24f627a1a,"Công dụng:tránh thai, bảo vệ Giao hàng nhanh shop rất tâm lí che tên sp để mình nhận cho đỡ ngại chưa dùng nên cx chưa biết chất lượng như nào có thư viết tay chữ rất đẹp",5,2025-08-27 15:30:22,2,True,9389530410,345248715,0,0,0,0,0,170,38
58dd2302065fd9fa53ba57662424e03514f013e3f88598446389de139ce7e860,"Độ mỏng:tot Gel bôi trơn:mong Sản phẩm cầm rất chắc tay, chất liệu xịn hơn mong đợi. Mình đã dùng thử và thấy tính năng đúng như quảng cáo. Shop tư vấn nhiệt tình, giao hàng từ đơn vị vận chuyển cũng rất nhẹ nhàng. Cho shop 5 sao luôn nhé!""",5,2026-06-02 23:30:48,0,True,9389530410,345248715,0,0,0,0,0,240,51
300717d87f0b430c14ea0060d4cfbb84bcf74659d75ad0605694d142e9baed5e,"Công dụng:ngừa thai Shop đóng gói kĩ, có che tên SP nên đỡ ngại khi nhận hàng, mở ra thơm mùi bạc hà, nhưng mà chưa sử dụng nên k bík ntn, nếu ok sẽ ủng hộ dài lâu",5,2022-07-30 11:03:23,2,True,9389530410,345248715,0,0,0,0,0,163,39
3e12ffa2119eaa378b668beb510935fcdeb07c1b4d5980a804c78b9cbfcc6d5a,"Công dụng:b Sản phẩm nhận được đúng như mô tả của shop. Chất liệu tốt, đường may chắc chắn, màu sắc giống hình đăng, cầm lên cảm giác rất bền. Đóng gói gọn gàng, có túi chống sốc nên không bị hư hại khi vận chuyển. Thời gian giao hàng nhanh, nhân viên giao hàng nhiệt tình. Hoàn toàn hài lòng và sẽ tiếp tục ủng hộ shop trong những lần tới.”",5,2025-09-01 16:06:25,3,True,9389530410,345248715,0,1,0,0,1,341,72
a9014499bdc1a21c0aeadcb320e6f1d9b2542493ae1094d38d41b67d53b14e32,"Sản phẩm đúng như quảng cáo, giá mềm, shop chu đáo cẩn thận, có viết cả thư tay kì công thật sự, mình dùng thử nếu tốt sẽ mua ủng hộ tiếp. Xin cảm ơn",5,2023-04-19 21:12:25,1,True,9389530410,345248715,0,0,0,0,0,149,35
68042a8c6b859d245c19770c972b531d1228779a0897e50042c7034012a6fac5,"[Cảnh báo] Để hạn chế thấp nhất nguy cơ xảy ra cháy trong cao điểm mùa khô năm 2024, Công an tỉnh Đồng Nai khuyến cáo: Các tổ chức, cá nhân thực hiện nghiêm túc các quy định của pháp luật về PCCC; quản lý chặt chẽ việc sử dụng nguồn lửa, nguồn nhiệt; tuyệt đối không đốt cỏ, rác bừa bãi; khi đốt cỏ rác phải bố trí người trông coi, chuẩn bị sẵn phương tiện chữa cháy tại chỗ; tổ chức phát quang, dọn sạch cỏ rác xung quanh nơi ở, trụ sở làm việc để đề phòng cháy; phát quang cỏ tại các khu vực tiếp giáp rừng, dọn sạch cỏ rác tạo khoảng cách ngăn lửa để chống cháy lan sang rừng. Khi có sự cố cháy nổ, gọi ngay số điện thoại 114.",5,2024-04-05 13:39:59,1,True,9389530410,345248715,0,0,0,0,0,629,138
15dcf8ed30342f94a8c551b102aadc99efe56229eda69c3d5d76a9424f298348,"Sản phẩm đóng gói cẩn thận, giao hàng nhanh. Chất lượng ổn áp so với giá tiền. Màu sắc đúng mô tả, dùng thử thấy rất hài lòng. Shop tư vấn nhiệt tình, sẽ ủng hộ lần sau. Ai đang phân vân thì nên mua thử nhé, đáng đồng tiền bát gạo luôn!",5,2025-07-18 10:30:50,1,True,9389530410,345248715,0,0,0,0,0,236,53
e432d05c1f956099980b4b3314a36ea61bbf42415fcaf8667a83036383e7708d,"Giao hàng nhanh, shop rất cẩn thận đã che tên sản phẩm, có cả giấy hướng dẫn gì đó, e chưa bóc ra nhưng thấy mùi khá thơm ạ. Sau e sẽ mua tiếp ạ",5,2022-03-17 18:33:16,1,True,9389530410,345248715,0,0,0,0,0,144,35
37cdeac9ec43e16d1df3ab9400cf12dc0bc6dffbc066058dc70cd8b9d5336784,Mình mua ngay đợt 10/10 nên được giá khá tốt so với mua ở cửa hàng. Được tặng hẳn lọ nước hoa vùng kín xịn xò. Dùng rất ok. Sẽ ủng hộ shop lần sau.,5,2023-10-26 14:16:16,2,True,9389530410,345248715,0,0,0,0,0,147,35
2e168d6bde7d56f0ca0d09feef76bc3a5e2b326769f171437547f2fac003d3a5,Lần đầu mua sp của shop. Thấy shop chu đáo- Có thư cảm ơn. Hàng Date xa. Mk dùng thử. Oki mk ủng hộ tiếp Cho shop 5 sao,5,2025-05-09 17:16:33,3,True,9389530410,345248715,0,0,0,0,0,119,29
a44d76aed0b3432861019b1b81ed1cd02e6bb8d87bd2767557406d3bf40637ba,Công dụng:trong qh Đầu tiên là thấy ưng là shop giao có che tên sp xog rồi đóng gói cẩn thận hộp rất đẹp còn có cả thiệp chưa sd nma vẫn cho shop 5sao,5,2023-02-25 12:41:04,1,True,9389530410,345248715,0,0,0,0,0,150,35
b5d254688f3a0b7bf8e616b22ff850b026ad09eb2e162c222879c8f866056aff,"Công dụng:tránh thai Sản phẩm đúng mô tả,giao hàng nhanh,sản phẩm có che tên,đặc biệt shop cho rất quà,đã mua 2 lần của shop đều rất ưng sẽ ủng hộ shop tiếp",5,2024-05-18 09:16:39,3,True,9389530410,345248715,0,0,0,0,0,156,32
f7d0b4abd10d5d43f56e064571d9bf9d4a41f55e9835f67ef9f361a1bfc46168,"Công dụng:kế hoạch hóa gia đình Chưa sử dụng nhưng đóng gói đẹp, thư cảm ơn viết tay chữ đẹp, 100% điểm uy tín đánh giá 5* luôn .có gì liên hệ sau .thank shop",5,2023-01-16 19:29:33,1,True,9389530410,345248715,0,0,0,0,0,158,35
c0a4e9936f5e77f696bac0b5e62361595f002376ccd091ccd3c29555495151a0,"Shop uy tín, giao hàng nhanh, đúng hàng, mùi vani rất dễ chịu, cực ưng cách giấu tên sp, nay shipper giao lúc k có nhà, vẫn tự tin nhờ ng khác nhận hộ!",5,2025-06-04 13:10:47,2,True,9389530410,345248715,0,0,0,0,0,151,34
85ef42a7bf2ce4ef38e055bce740c939c0b9250dc7d6b0b219c6f78d7e53a15a,"Hàng giao nhanh, đúng sản phẩm. Rất chu đáo Lần đầu mua loại này nên chưa biết dùng sao nhưng hình thức ổn",5,2022-09-11 10:47:47,5,True,9389530410,345248715,0,0,0,0,0,106,23
d66f12eac2e15753584855290911caf8269183f29eb09429b54f865d7ae715c7,Dùng khá tốt hơn nhiều loại khác. Mỏng. Gen nhiều. Cảm giác kung tốt hơn loại khác. Tiếp tục mua nhiều. Mong dk giảm giá nhiều hơn,5,2024-03-25 22:15:38,1,True,9389530410,345248715,0,0,0,0,0,130,27
d51fce5f10e865f4a2c81240a7ef80b0744e2f8eb481b556c2ade45a021b668e,Công dụng:tuyệt vời :))) đã dùng sp rất nhiều lần . shop rất tận tâm chu đáo lại còn gửi thư tay . quan trọng là đồ n hịn nha ace 🤪🤪 nên mua nha,5,2022-07-26 21:24:43,1,True,9389530410,345248715,0,0,0,0,0,144,35
9f50781902fb32ceed705dd5bfbc9622ff45138011ed0265d4ce725d0eab8687,Ưng gì đâu che thông tin mẹ nhận ko biết lần đầu mua mà cảm giác an toàn nhận hàng với có thư tình và cả sổ tay nhỏ 4 trang thích nha lại còn có quà tặng,5,2022-12-01 15:43:48,1,True,9389530410,345248715,0,0,0,0,0,153,38
aa84e0373056da4cdc206904b01502f61bd4216ad363f94581f33957543fc5ac,Công dụng:tranh thai Shop giao hang nhanh che tên sản phẩm Shop cẩn thận viết thư cảm ơn Mặc dù chưa sử dụng nhưng vẫn cho shop 5⭐️ vì sự chu đáo của shop như,5,2024-10-08 13:03:02,1,True,9389530410,345248715,0,0,0,0,0,158,35
b93d6258b414977a232c24eca5d7a6debae348c0a5678bd6b82e52911c310d29,"Công dụng:ok Đã nhận được hàng ❤️ shop tv nhanh , dễ thương xỉu luôn chưa thử ,với cách phục vụ này 10 điểm k có nhưng tặng shop 5* chúc shop buôn may bán đắt",5,2023-10-04 23:11:32,1,True,9389530410,345248715,0,0,0,0,0,158,36
fa310739a0cb06be5375d459bb55b0dddd12adecdf52b3d3ac2e4c0d851c562f,"Công dụng:tránh thai an toàn Đã mua 2 lần và quay lại ủng hộ shop tiếp Shop có tâm nha mng Sản phẩm tốt, sẽ ủng hộ dài dài",5,2024-03-29 12:09:13,1,True,9389530410,345248715,0,0,0,0,0,122,29
5d5d6396d12f24c17656577f229e33a8891a45e6c1848d8e1f2549ce2025c02a,"Hi vong dung tot, shop co che ten san pham, dong goi can than, thu cam on viet tay rat chu dao va lich sự, cho shop 10 diem",5,2025-01-24 09:07:00,5,True,9389530410,345248715,0,0,0,0,0,123,29
f166cdae6bca0289be50fee7a5e773106791c36371329ddbf4b92f86663a0bdd,Độ mỏng:mỏng hơn so với lọi khác mình từng dùng Gel bôi trơn:nhiều gel Mình đã mua lần 2 rồi thì thấy loại này dùng ổn. Đc tặng thêm 1 chiếc super thin. Mà kết cái thư cảm ơn viết tay của shop nha. Chời ơi đáng yêu chữ gì đâu đẹp dữ thần,5,2026-02-07 21:59:02,2,True,9389530410,345248715,0,0,0,0,0,237,54
ba136e21371fd868f13ec72857d6b871bf62fd6841d4841265df000430332e81,Đã nhận đủ hàng có thư cảm ơn rất là đẹp và trông rất lịch sự hy vọng dùng sẽ rất ổn lần sau sẽ ủng hộ shop tạm thời vẫn đánh giá năm sao,5,2023-11-15 12:37:12,3,True,9389530410,345248715,0,0,0,0,0,137,35
59a9a42b13e39ab95812ee7616f6670699e61291a89c64e3ccd1c0bc3fe65e6d,Chủ shop có tâm thiệt.viết tay thư cảm ơn.chưa biết sp tnao nhưg thấy thư cảm ơn với quà tặng như này là 10đ cho shop r.dùng ổn sẽ quay lại ủng hộ,5,2024-06-06 21:46:24,3,True,9389530410,345248715,0,0,0,0,0,146,33
92376fb8bc49737a0af987da4bc203457fc427cf0d36b481e9810036333056ed,"Công dụng:biện pháp an toàn hình ảnh vd chủ mang tính chất nhận xu hàng giao nhanh, đóng gói kĩ, giá cả hợp lý. Chưa sử dụng nhưng shop rất tinh tế, che tên sp cẩn thận. không biết chất lượng ra sao nhưng 10đ tinh tế, cẩn thận",5,2023-04-18 10:38:29,0,True,9389530410,345248715,0,0,0,1,1,226,49
f860f55db5913cccc3311ce945c90d23330da39e6481f680c42dfe6d59a17602,"Thật sự mà nói thì không có 1 chút lỗi sai sót nào từ shop cả. Mua của shop hơn chục hộp rồi mà chất lượng và uy tín vẫn như ngày nào. ❤️che tên, gói hàng, giao hàng nhanh",5,2024-01-17 14:45:21,1,True,9389530410,345248715,0,0,0,0,0,171,40
9adec4a98c61cd3055e47bfc371d005d2b763d2427a35afe0f6cec6d3e576099,"Công dụng:rất tốt Rất đáng mua. Chưa từng nghĩ mua 1 sp dưới 100 mà có bức thư viết tay đẹp thế này, đủ hiểu tâm huyết và sự cẩn thận của shop. Đóng gói chăm chút, cảm giác dùng không khác gì durex trong khi dịch vụ sau sp là tuyệt vời. Nếu shop có đọc được dòng đánh giá này thì câU trả lời của mình ""rất HÀI LÒNG""",5,2022-09-06 00:01:34,1,True,9389530410,345248715,0,0,0,0,0,315,71
7b18d2d46946cf769e28b1bb5d9eb70c2992bef8bb2ca8f3355b1ba144db6442,"Công dụng:tránh mưa Shop đóng gói sản phẩm rất okie, có thư cảm ơn, có hướng dẫn, có cả 1 miếng thơm nữa, mình chưa dùng nhưng mà đã cảm thấy hài lòng về sản phẩm, giá cả sinh viên hợp lý, sẽ ủng hộ shop thêm",5,2023-05-25 20:22:53,2,True,9389530410,345248715,0,0,0,0,0,208,47
dc397c41a84dfc75ea927b90077e4a2282beb85e47d66699c14f1b7d06c5950c,"Công dụng:ok Sản phẩm tuyệt vời, đúng với mô tả. Giao hàng nhanh chóng, shipper thân thiện dễ mến Đóng gói cẩn thận, có thể thấy tâm huyết của người bán. Hộp không bị móp méo, vận chuyển rất tốt. Thời gian giao hàng nhanh chóng, tôi không phải chờ đợi quá lâu để nhận sản phẩm. Chất lượng sản phẩm vượt mong đợi. Tôi rất hài lòng với trải nghiệm mua hàng này. Sản phẩm chất lượng tốt, đóng gói cẩn thận, giao hàng nhanh.",5,2024-12-16 21:51:45,0,True,9389530410,345248715,0,1,0,0,1,420,86
ba1fb3b154b8fb251cf24a29b019dbd5d8e83de9b243f39e98ee46b3a6b47997,"Hàng giao nhanh, bọc hàng cẩn thận, ship nhiệt tình thân thiện, chưa dùng thử nên không rõ sản phẩm như thế nào, sẽ đánh giá lại sau nếu có gì thay đổi",5,2025-03-20 12:04:53,1,True,9389530410,345248715,0,0,0,0,0,151,33
55bc1af11ba7fa1ee397c04f5eff2c3fc0676b6f448cc2543b299222b0195ef8,"Sản phẩm nhận được đúng như mô tả, chất lượng tốt, dùng rất ổn định và vượt ngoài mong đợi. Shop đóng gói cẩn thận, giao hàng nhanh chóng, chăm sóc khách hàng nhiệt tình. Mình rất hài lòng và sẽ ủng hộ tiếp trong những lần sau!",5,2025-11-16 12:37:31,0,True,9389530410,345248715,0,0,0,0,0,227,48
40312e6d2305bdc90b40a21eea515edb6aa0a2c4ad7f4f7933917cb64c726222,"Xem qua live nên mua được giá rẻ hơn. Chất lượng BCS cần phải trải nghiệm thêm nhưng sơ qua thì đeo thoải mái, mỏng lắm, nhiều gel bôi trơn.",5,2023-10-24 00:54:12,1,True,9389530410,345248715,0,0,0,0,0,140,30
d53429329f8d854a3f7d1812e73e9d94ad84ba55f2b15182ebef1e3d816a6643,"Công dụng:như mô tả , invisible Giao hàng nhanh,shop rất dễ thương khi kèm theo 1 lá thư cảm ơn xinh xinh. Mình chưa xài qua thương hiệu này bao giờ nhưng với sự đáng yêu từ shop thì mình sẽ cân nhắc sử dụng các sản phẩm khác từ shop nếu hợp vào thời gian tới ^^",5,2024-12-14 20:57:06,1,True,9389530410,345248715,0,1,0,0,1,262,58
2d6eababc9910ac1fd49c95104bb757b692ebc5a4021d0796ef901737a7a0008,"Công dụng:Phòng the Shop giao hàng nhanh, đóng gói che tên xịn xò đỡ ngại haha, Nchung quá là oki 10đ cho shop ạ. Durex loai này chưa xài loại này nên đợi xài có cảm nhận sẽ đánh giá nếu ok sẽ ủng hộ shop lâu dài ạ.",5,2022-10-14 12:10:00,2,True,9389530410,345248715,0,0,0,0,0,215,49
498c25fcb7216053257ebad3fa5108c21ea88bd71daf9b5dcbe4509ad464d3bf,"Công dụng:tránh thai Nhận hàng ưng ý lắm ạ. Shop gói hàng kĩ, có che tên sản phẩm. Viết thư tay dễ thương vô cùng lun ạaa. Sẽ ủng hộ shop thêm",5,2024-09-09 12:10:32,1,True,9389530410,345248715,0,0,0,0,0,142,32
04f624e38120f8057383a8a8813c5d3477ecc11d0663782aea683ada293a11f7,Shop có đóng gói và có xử lý tên sản phẩm rất kỹ nên mng yên tâm nhé. Sản phẩm tuy chưa dùng nhưng khâu đóng gói cũng như phục vụ thì mình rất yên tâm.,5,2023-11-16 15:41:55,2,True,9389530410,345248715,0,0,0,0,0,151,36
d347a2ba88f9813949117c607bde719d7ab6e3a3e592f8a194d4985acc8ffa1b,Công dụng:quan he Giá thành bình dân tốc độ giao hàng rất nhanh shop nhiệt tình tư vấn chất lượng ổn áp và tuyệt vời mua loại nhiều gel siêu nhiều gel dùng rất thích luôn Mn nên mua dùng,5,2024-04-28 07:52:22,1,True,9389530410,345248715,0,0,0,0,0,186,40
6849d908522224b4ba5358bfd9ae7769f08563d92ffe10c3e12733aca9a466a2,"Công dụng:bcs Giao hàng nhanh , đủ số lượng , đúng mẫu mã , chất lượng tốt , giá cả hợp lý , đã mua rất nhiều lần , k bị mùi caosu như durex",5,2026-01-08 20:55:09,1,True,9389530410,345248715,0,0,0,0,0,140,35
2e48c66c1a3f88cca2ec9f309cdb99f57d43e071c9e948166482c39c6a5b296f,Độ mỏng:mong Gel bôi trơn:dang nuoc Hàng đúng quảng cáo trên mạng mỏng nhẹ nhiều gel kéo dài thời gian có gân gai siêu đỉnh nha,5,2026-04-06 19:00:57,5,True,9389530410,345248715,0,0,0,0,0,127,26
05270d964e87ab394447a5931a9ab74a8dbdb948fade635d3e3d84d64e85428e,Công dụng:bao cao su Hàng đóng rất chắc chắn .. chưa sử dụng nên k biết tốt không ... nhưng đọc những lời ở thư cam ơn ở shop thì rất hài lòng ạ,5,2023-03-27 13:12:09,1,True,9389530410,345248715,0,0,0,0,0,144,34
82d1d09c6b3a56c795bf4b696d4756daf3796e1850cf1bda07de0ec15760f12e,"Công dụng:để làm gì đấy 🌝 Giao hàng nhanh, chưa sử dụng nên kbt như nào Nhưng mà shop dễ thương vãii, viết thư tay cảm ơn hihi",5,2023-05-06 21:52:36,1,True,9389530410,345248715,0,0,0,0,0,126,28
21d735365993d59eedeb4ec82e2e83c048e48faada261794c1312b3f8745366b,"Sản phẩm như mô tả Chưa sử dụng nên chưa rõ độ bền bcs Bọt vệ sinh cảm giác hơi mát, mùi thì bt Lọ bôi trơn khá to các bác nhé, dùng chắc lâu mới hết đc :))",5,2023-10-02 11:57:48,3,True,9389530410,345248715,0,0,0,0,0,156,39
1d359d6fb3fff1525cf6bfb896df43d2ebf8840508940954635d84010ab570e8,Giao hàng nhanh. Đóng gói cẩn thận. Có thư cảm ơn. Có quà kèm theo. Giao đúng hàng đã đặt. Shop rất chu đáo còn che tên sp. 👍,5,2024-01-13 11:32:25,1,True,9389530410,345248715,0,0,0,0,0,125,29
ff89bdfe1e8288a3f9147a71b351aa66943d046b10e7d940592ceb0f74292f94,Công dụng:bảo vệ sức khỏe Đóng gói hàng cẩn thận mà còn che tên sp rất tâm lý ạ. Giao hàng nhanh và rất nhiệt tình. Thấy thư cảm ơn là chất lượng 10đ lun ak. Sẽ ủng hộ shop lần sau nha,5,2023-03-20 18:41:13,2,True,9389530410,345248715,0,0,0,0,0,211,43
8072e863e1d064620c54899fc2d4e3b4935deaab682c63e507590f472300fb44,"Giao hàng nhanh, đóng gói che tên cẩn thận. Chưa sử dụng chưa biết có oke không nhưng nhìn thấy tấm thiếp là thấy shop rất cẩn thận chu đáo. 10đ cho shop",5,2024-05-15 07:49:45,1,True,9389530410,345248715,0,0,0,0,0,153,33
36ce76b09d9d674e66b8128a1775b787546cb1c27cb55b8c83f45cf0916c7627,"Hàng chuẩn luôn. Tem, mã vạch check thông tin đầy đủ. Ưng nhất là che tên sản phẩm khéo léo thế này mặc dù mình ko dặn. Loại đen mình dùng r. Rất ok. Loại xanh thì mình mua dùng thử xem thế nào",5,2021-09-18 13:05:44,2,True,9389530410,345248715,0,0,0,0,0,193,44
13e46ab30f6071f196d1182f8f2ec29dc8b12e6edf7e3e24da5521d5a52566bf,Công dụng:tuyệt vời Sp sài rất tốt..khá là hài lòng..ủng hộ shop dài dài,5,2022-07-31 12:11:06,2,True,9389530410,345248715,0,0,0,0,0,72,14
d149e061571e0df96fe16ec8a370b01a6685331d209bc9025b3c9771f9b4ef58,"Đã nhận được hàng, giao hàng nhanh chóng, sản phẩm khá là ổn trong tầm giá, sẽ quay lại ủng hộ nếu có nhu cầu",5,2023-10-15 12:40:36,1,True,9389530410,345248715,0,0,0,0,0,109,25
a19a1987ef4efdf90aa6bb9f467f7ee83b113631d3497c632b69bbd1da63340f,Công dụng:tot giao hàng nhanh chóng đóng gói kĩ càng cẩn thận shop tư vấn nhiệt tình chu đáo nhân viên giao hàng thân thiện mk rất hài lòng về sản phâmt sản phẩm đúng mẫu mã và chất lượng đúng với giá thành mk sẽ quay lại ủng hộ shop nhiều lần sau,5,2025-12-10 14:53:14,2,True,9389530410,345248715,0,0,0,0,0,247,54
418ff59fc744781611fcc49b5ef6b246335660301409bf91aabfcad564640433,"Sản phẩm chất lượng cực kỳ tốt, đúng như mô tả. Chất liệu bền đẹp, sử dụng rất thoải mái. Mình rất hài lòng!"" ""Mình rất ưng ý với sản phẩm, nhìn rất chắc chắn và tinh tế. Dùng thử thấy rất hiệu quả, sẽ tiếp tục ủng hộ.",5,2025-02-21 01:10:04,0,True,9389530410,345248715,0,0,0,0,0,218,49
32c5f9a9ab7bf51986bc859e9a81e9d728dfc28fe758833dc457074f1e28c866,"Đóng gói cẩn thận, giao hàng nhanh ,shop tư vấn nhiệt tình thân thiện ok nhé sản phẩm chất lượng rất hài lòng phục vụ rất tốt rất đáng tiền",5,2022-02-28 16:53:16,1,True,9389530410,345248715,0,0,0,0,0,139,30
15f1402a00b5277e0049dbec6d3dcf3a118aedc18fa396568afb0daf40b04ed2,Công dụng:dÙng ok Mua của shop lần này lần thứ 4 rồi ạ!!! Dùng thích shop giao hàng nhanh và còn che tên giúp khách nữa😌😌,5,2022-05-27 21:51:10,1,True,9389530410,345248715,0,0,0,0,0,121,26
56bd460540378fd8ff9ae0ee99d5e92e13cc569656920a0f867e3f8472fdf43f,Sản phẩm dg tốt nh gel mà k có mùi cao su và dùng rất sướng. Cái vỏ đựng bao vẫn còn gel nên có thể sử dụng như chất bôi trơn,5,2022-10-06 00:13:42,5,True,9389530410,345248715,0,0,0,0,0,125,32
9a34e232c21d3bfcad49bea8aa1d6d6b70ccc4e4ead88771a22536505469d5f3,Shop giao hàng siêu nhanh hôm qua vừa đặt hôm nay Hằng đã gửi về tới nhà đóng gói sản phẩm chắc chắn che tên rất kỹ nhé cảm ơn shop ạ,5,2024-10-11 10:37:26,1,True,9389530410,345248715,0,0,0,0,0,133,32
a87ca7fab8fbefe9ac727d1f1b22401bd2e7deabcb75411c9906bae150fd6ebe,Công dụng:ok Giao hàng nhanh đúng loại shop thân thiện nhiệt tình có che tên sản phẩm nên mọi người không phải lo shop còn viết thư cảm ơn rất tâm lí,5,2025-09-04 19:20:47,2,True,9389530410,345248715,0,0,0,0,0,149,32
8b1cad940ba65f6e73882e76068a65d2b52e2a9aae06266dd5977cc71596f9e6,"Công dụng:bcs Mới mua lên chưa biết thế nào. Dùng xong đánh giá tiếp. Shop giao hàng nhanh, đóng gói cẩn thận. Đánh giá 5*. Dùng tốt xẽ ủng hộ shop dài dài",5,2023-02-23 11:23:00,0,True,9389530410,345248715,0,0,0,0,0,155,33
30e65668ab662ab78ef2cb41f2e0a3b08d3f79515c9b846848f31be1796c2eb0,Công dụng:bảo vệ sức khỏe Bao nhìn đẹp giao hàng nhanh lần đầu mua sp shop mua chai gel được tặng hàng. Mình chưa sử dụng nên chưa biết đánh giá giao sẽ ủng hộ.,5,2025-11-27 21:34:43,4,True,9389530410,345248715,0,0,0,0,0,160,35
3f5fa88ea0aac9ecddf5a0c31938bbb4b24ad7df879d41ab635b751e73124a4f,Gia ca hop li mình mua kien nhieu hop dung dan vi live gap dc gia rẻ nên mua dung cam giac rat thoai mai nhieu gel dung ok nen mua,5,2024-05-17 16:12:35,1,True,9389530410,345248715,0,0,0,0,0,130,31
545a27ab9ba514f9b169dde8b88504d2e458218cd2c17109a22671261ea72f7f,"Nhận được hàng rất ưng ý. Sản phẩm đúng loại đúng mẫu đúng số lượng. Shop còn có thư tay cảm ơn,rất chu đáo. Sẽ ủng hộ lần sau",5,2024-04-24 19:11:23,5,True,9389530410,345248715,0,0,0,0,0,126,29
26387a03f2067f4a91f9ffc0ac2212a07db66fdebf8d0652802fc36613818bda,"Công dụng:tránh thai Hàng giao đầy đủ. Trc toàn mua durex đắt quá nên chuyển sang shop này giá ok hơn, trc mình toàn mua loại hộp 30cái, bữa nay mua thử 2 loại này.",5,2024-11-14 05:57:08,2,True,9389530410,345248715,0,0,0,0,0,164,35
a0be68be3c0f4a9eabfa8b6aa08396bf0d6422f489d380ccf6f49bcbadb3b005,"Sản phẩm rất chất lượng, đúng mô tả và giao hàng nhanh chóng. Vật liệu chắc chắn, dễ sử dụng, và có thiết kế đẹp mắt. Mình đã thử và rất hài lòng với hiệu quả sử dụng. Dịch vụ khách hàng tốt, sẽ mua lại nếu cần. Rất đáng mua!",5,2025-03-20 23:19:56,0,True,9389530410,345248715,0,0,0,0,0,225,51
5ddd265d1f39546bbad106d9386fc607ec2ec8af34f0b99b28f65af388187f9e,"Công dụng:an toàn Shop có tâm vô cùng, đóng gói cần thận, hộp riêng từng cái rất lịch sự và tránh ảnh hưởng đến chất lượng, có quà tặng kèm, hơn nữa là viết thư tay cảm ơn vô cùng chân thành, thích cách CSKH của shop vô cùng, sẽ ủng hộ và giới thiệu thêm ạ!",5,2024-09-03 13:28:06,1,True,9389530410,345248715,0,0,0,0,0,257,57
64e049d2e93e5bd5cf1c2d1885160a48cabda24fb1afd3e87b34442b5bea1d0c,"Công dụng:… Đóng gói hàng cẩn thận, có che tên, dùng rất thích, sp chất lượng, giá rẻ :)))))",5,2023-02-05 09:48:25,3,True,9389530410,345248715,0,0,0,0,0,92,19
8cfd5983039b66b1798621e2211e723b60e483980e3e69baa52e65d94c664adf,Giá cả thì rẻ hơn nhưng chất lượng thì mình k biết thế nào. Mua lần đầu. Trông bên ngoài thì đẹp. Dùng ok sẽ ủng hộ tiếp,5,2023-07-19 16:03:31,1,True,9389530410,345248715,0,0,0,0,0,120,28
d53429329f8d854a3f7d1812e73e9d94ad84ba55f2b15182ebef1e3d816a6643,"Công dụng:an toàn Giao hàng nhanh, tư vấn lẹ, trộm vía kho của shop gần nhà mình nên ship thường hay hoả tốc đều rẻ",5,2025-02-21 22:10:35,2,True,9389530410,345248715,0,0,0,0,0,115,25
6bd262aae773a1887865573fdd008e939ed17e50afd49e2edd561e5710f7730c,"Độ mỏng:sieeu morng Gel bôi trơn:to toost Sản phẩm ok, đóng gói cẩn thận, giao hàng nhanh, shop chu đáo có cả thư cảm ơn",5,2025-12-02 10:03:41,1,True,9389530410,345248715,0,0,0,0,0,120,25
a44df38bb51584b65c3d3f747d74e18005b2a42fb8e7eb38cc32ae0e353b23c1,"giao hàng nhanh. chuẩn, đúng mô tả. shop phục vụ tốt có kèm lời cảm ơn và che tên sp mở hộp ra rất thơm",5,2022-12-03 15:22:54,1,True,9389530410,345248715,0,0,0,0,0,103,25
f725fbe4d28b59a3bd218d4ce534c0593f86f1ae4a742649203c7ff1eb02b1af,"Độ mỏng:bcs siêu mỏng,cảm giác rất chân thật Gel bôi trơn:gel bôi trơn dạng nước rất dễ rửa Dùng siêu thích siêu mỏng cảm giác chân thật lần thứ 2 mua của shop sẽ ủng hộ shop dài dài",5,2026-05-07 22:02:41,1,True,9389530410,345248715,0,0,0,0,0,182,39
7460642879e9af1a3fc631858d478b77da4bcf4fd4bac52babde3e7277f6cf31,"Công dụng:Random Đóng gói oki, che tên hàng kỹ lưỡng nên nhờ người khác nhận cũng ko ngại lắm, hình thức bên ngoài khá đẹp nhen",5,2023-03-09 13:01:31,1,True,9389530410,345248715,0,0,0,0,0,127,26
decd36e2e6f73a66834f60e205f76620c2f1e779c6f3cdd0986ace8d93562566,"Công dụng:good Mua rất rất nhiều lần, mỗi lần 1 giá nhưng sản phẩm thì luôn tốt. Mùi k bị hương liệu quá và dễ dàng bóc",5,2022-09-10 21:36:45,1,True,9389530410,345248715,0,0,0,0,0,119,27
0354ba04902b2d896a07d2d9cd09ca6e965b2be081f239780914feb5723c0f56,"Dịch vụ giao hàng nhanh như chớp, sản phẩm chất lượng tốt, giá thành hợp lý so với thị trường. Giá cả ổn áp, chất lượng sản phẩm quá ấn tượng. Ước biết đến sốp này sớm hơn! Mua hàng được nhân viên shop hỗ trợ tới tận chân răng luôn, giao hàng thì đúng hẹn. Cực ưng ý!",5,2025-10-21 12:10:22,0,True,9389530410,345248715,0,0,0,0,0,267,59
1ca5489a28b584a50f88c720dbdff5d81d3700218b5a41c6110b7dbb487eb791,"Sản phẩm đóng gói tuyệt vời, nhìn vào là thấy ưng rồi, giá rẻ mà chất lượng. Chưa sử dụng nên chưa biết kết quả.okkkkkklaaaa",5,2021-12-22 11:29:16,1,True,9389530410,345248715,0,0,0,0,0,124,25
85ca4c52efafdb354203a96c322428a4469c3e03404cd816ef8e099d8c21e04a,"Shop có kênh chăm sóc khách hàng rất tốt, lắng nghe ý kiến khách. Giao hàng nhanh, có che tên sản phẩm như shop đã nêu.",5,2023-02-12 10:38:45,1,True,9389530410,345248715,0,0,0,0,0,119,26
c73b34495fd039376cc11b2db7ba8f31114fa4a649995edf25b04a15a0a0a77a,Độ mỏng:cung ko day ko mong mức vừa Gel bôi trơn:gel ko nhieu lam Đóng gói có che tên sản phẩm vận chuyển nhanh mua su dụng thử,5,2026-04-16 11:45:30,1,True,9389530410,345248715,0,0,0,0,0,127,28
da562d5ccf83c8481c613bf35ddeee96b0027dcfda414e0bff3aabfa3cfceee9,"Công dụng:cHưa dùng Anh shiper dễ thương Shop cũng dễ thương, sản phẩm kèm 1 quyển sách chỉ tiệt chiêu, kèm lời cảm ơn,…. Rất hữu ích Sản phẩm Ok sẽ quay lại ủng hộ",5,2022-08-14 10:31:18,2,True,9389530410,345248715,0,0,0,0,0,164,35
72788d69e31475c356de2bca0a50bd73339b776975774d871170f402d3be5c68,"Sản phẩm giao rất đúng hạn và có thư tay viết cảm ơn rất hay ạ,rất cảm ơn tấm lòng của shop đã thay đổi tên sản phẩm cho mình, mãi tin tưởng shop",5,2023-04-26 19:45:02,2,True,9389530410,345248715,0,0,0,0,0,145,34
75f49a04f737fe919607a31fd1d499c07fb5bd39bd7ad5438635184b354400b5,Công dụng:bảo vệ Shop chuẩn bị và giao hàng khá nhanh. 2 hôm là nhận được hàng rồi. Shop có che tên nên không lo ngại.. Dùng thử sẽ đánh giá sau ạ.,5,2022-08-11 18:16:25,2,True,9389530410,345248715,0,0,0,0,0,147,33
a3534ace111a4d28a49980138cf35b1aec558c9ee196807a06aa08ac3e0c812e,"Công dụng:gel boi tron Giao hàng nhanh, có quà tặng. Chưa dùng nên chưa biết chất lượng ra sao. Sẽ ủng hộ nếu kết quả tốt",5,2023-12-28 18:23:58,1,True,9389530410,345248715,0,0,0,0,0,121,26
6e908ccb308bdcca71f3a58370bccb18a11f741556e811c2dca6775a4c44eff6,Công dụng:tránh thai hiệu quả Mình hay mua của shop. Cũng khá lâu rồi. Độ tin tưởng thì luôn luôn nhé. Sản phẩm dùng luôn thấy ổn. Với cá nhân mình là vậy.,5,2023-10-18 09:14:43,2,True,9389530410,345248715,0,0,0,0,0,155,33
81ca939f6055a8758b292b0dc6f125dcc66cc6da00b70eaa00ab6ad243baf0e1,"Đóng gói cẩn thận, mỏng nhiều gel dùng khá tốt, săn được với giá hời, chất lượng tốt thơm mùi vani, quay lại ủng hộ vào lần sau",5,2025-08-21 12:16:10,1,True,9389530410,345248715,0,0,0,0,0,127,28
01f6bcb1b3ad2a5cdf9776505786bb099442b5f4fa3ee5387c7bbe380761529b,Công dụng:ok Hàng ok chất lượng đánh giá 5 sao Sẽ còn mua lại Hàng ok chất lượng đánh giá 5 sao Sẽ còn mua lại,5,2023-09-06 13:54:54,1,True,9389530410,345248715,0,0,0,0,0,110,26
db673b2b181ce43bcc0c064c5853e6c7e6cb894ee73fddff3d831dd12dde4ba5,Shop nhiệt tình nha.hộp xinh mình ko chụp hết.Cả cơ quan cười bò vì có cẩm nang 18+ đi kèm.dễ thương.kkk.sẽ ủng hộ tiếp vì mỏng ko mùi đâu.cả hai vk ck đều thích,5,2022-08-20 09:23:55,1,True,9389530410,345248715,0,0,0,0,0,161,34
ff3ec2d50794ccd336e79e11fe9d14f656de0ef7a619076704c788aa7280632a,Đã mua nhiều lần và đều hài lòng về chất lượng phục vụ của shop. Giao hàng nhanh chóng. Sản phẩm dùng thích đúng với mô tả. Mong shop tiếp tục có nhiều sản phẩm mới hơn để mình trải nghiệm ạ,5,2023-10-16 23:11:32,3,True,9389530410,345248715,0,0,0,0,0,190,42
412afa09b7478a99958c0778bf7d06243515fcb8f0f5c29f3fc5dcd1d4d104df,"“Sản phẩm rất tuyệt vời! Chất lượng vượt mong đợi so với tầm giá. Giao hàng nhanh chóng, đóng gói kỹ càng nên không bị hư hại khi vận chuyển. Chất liệu sản phẩm chắc chắn, màu sắc và kiểu dáng giống y hình. Mình đã sử dụng vài ngày và thấy rất hài lòng, đặc biệt là khi so sánh với các sản phẩm cùng loại trên thị trường. Sẽ ủng hộ shop lần sau và giới thiệu cho bạn bè. Cảm ơn shop vì dịch vụ và sản phẩm rất tốt!”",5,2024-11-10 16:06:53,0,True,9389530410,345248715,0,0,0,0,0,415,93
882423320fef0235e1ac087eca8a48f3cf5fe62b566823d3cb5d36c4bc6436fa,"Sản phẩm tốt, tôi phát hiện nó quá muộn. Chất lượng sản phẩm tuyệt vời, giá rẻ nữa. Mua với giá ưu đãi, sản phẩm đúng như mong đợi. Shop tuyệt vời, tôi sẽ ủng hộ lâu dài. Sản phẩm đẹp và chất lượng, tôi rất hài lòng. Mua hàng với giá rẻ và chất lượng tốt. Sản phẩm tuyệt vời, bạn bè đều khen ngợi. Shop bán sản phẩm chất lượng với giá hợp lý.",5,2024-04-19 13:24:38,1,True,9389530410,345248715,0,0,0,0,0,342,76
e700a8d64d47bae37384e723aef33257067c7646879553d6a2e720c70053b1cc,"Công dụng:phòng tránh thai, bệnh lây qua đường tình dục Shop đóng gói đủ cẩn thận có che tên sản phẩm, hướng dẫn cụ thể có thư cảm ơn (thư có mùi thơm đấy :v) ... Chưa sử dụng để test chất lượng nhưng về cách giới thiệu cũng như cách bán hàng tận tâm.",5,2023-12-14 18:08:27,1,True,9389530410,345248715,0,0,0,0,0,251,55
e93ffa4491206648a84c0a0822e177c859b1470436c1ebb17fefbbbb09c898f9,"Giao hàng nhanh, che tên sp tốt. Hộp hàng k cấn móp, k bị bẹp hay gì. Mở hộp ngoài ra là thấy thơm vì có tờ giấy nước hoa. Nói chung shop bán hàng rất oke 5*",5,2022-02-21 11:28:58,2,True,9389530410,345248715,0,0,0,0,0,157,38
2895337deb4553327835fce452539ff181cd09588c74fb46a4c1ae436f521f8a,"Công dụng:kế hoạch hoá GĐ, phòng chống các bệnh lây qua đường TD Chưa sd nên chưa biết chất lượng thế nào Hộp đẹp, quy cách đóng gói đẹp, shop có gửi kèm thư tay cảm ơn. Sử dụng nếu hợp sẽ ủng hộ tiếp",5,2024-05-06 19:26:57,3,True,9389530410,345248715,0,0,0,0,0,200,45
1aa15ce08eed0f063710f5aeb633d95083f881fe032086524f11d5c6a34d9037,"Mới nhận hàng chưa biết sản phẩm tốt xấu thế nào nhưng phải vote ngay 5 sao vì dịch vụ tốt , có cả gift voucher và thư ngỏ rất xịn xò . Sp tốt sẽ đặt hàng thường xuyên",5,2022-05-25 08:41:59,1,True,9389530410,345248715,0,0,0,0,0,167,40
c34e39f6dfb9d92b9497b5c5c1ddd6f6a72fb914530c7e79abd70a113be32227,"Hàng mình chưa dùng nên chưa biết tn. Lần đầu tiên mua mua luôn 2 hộp, 2 dạng khác nhau. Shop rất tinh tế và chu đáo có cả thư cảm ơn.Rất hài lòng nếu hàng chất lượng nữa thì mình sẽ ủng hộ dài dài.thanks",5,2023-01-11 19:23:04,4,True,9389530410,345248715,0,0,0,0,0,204,46
13e46ab30f6071f196d1182f8f2ec29dc8b12e6edf7e3e24da5521d5a52566bf,"Độ mỏng:loại mỏng Gel bôi trơn:nhiều gel Lần đầu mua sử dụng nhãn hàng này, đóng gói bao bì đẹp, kĩ lưỡng, có thay thế tên sản phẩm. Để sử dụng rồi sẽ review lại cảm nhận sau thực tế sau",5,2026-01-05 13:31:19,1,True,9389530410,345248715,0,0,0,0,0,186,41
7361fd82b783d7c4cbff12efe0f0d5456361e78c675f34f52082083a3074f884,Công dụng:thực phẩm chức năng tăng cường sinh lý nhận thấy hàng chính hãng hộp làm rất tốt kỷ lưởng mới mua uống nên chưa biết công hiệu để đánh giá sao nhưng shop tư vấn nhiệt tình tạm cho 5 sao,5,2025-09-08 16:20:28,5,True,9389530410,345248715,0,0,0,0,0,195,42
f9b234920c5763f4ed02f96b54b26ececbbc85a90173f0d45a24b1c9d74c8eb0,"Lần đầu tiên mua hàng mà gặp được sh chăm sóc khách hàng đến vậy, quá chiều khách luôn. Sản phẩm tốt, kéo dài hiệu quả, rất chi là bền, dùng hết hộp rồi thấy tốt nên mua thêm mấy hộp dùng, cảm thấy rất ổn, không bị mùi cao su, dùng gân gai bạn nữ khá thích.1* vì thái độ shipper. Sr shop nha",1,2022-06-05 22:10:31,1,True,9389530410,345248715,0,0,0,0,0,291,65
8665521add1d6087a668d6311321aae3f41b3c440afc9ce6a465761d0c9e6f8f,"Độ mỏng:Bao cao su sieu mong, dung thoai mai Gel bôi trơn:gel boi tron nhieu Mua tới hộp thứ 3 rồi nên yên tâm của nhà feelex, đống gói chất lượng",5,2026-02-26 14:57:11,1,True,9389530410,345248715,0,0,0,0,0,146,31
f5e77a00f48049d1de74ac6d1a502dcc975b96579abaca02e31312076499265c,"Giao hàng nhanh chóng. Vitamin B2 đảm bảo sự khỏe mạnh của tế bào máu, hỗ trợ quá trình tăng cường năng lượng, kích thích quá trình trao đổi chất lành mạnh và bảo vệ cơ thể khỏi tác động có hại của gốc tự do. Vitamin B2 được bổ sung qua chế độ ăn uống hàng ngày và được tìm thấy nhiều trong thịt, sữa và trứng.",5,2024-09-11 08:45:19,1,True,9389530410,345248715,0,0,0,0,0,310,68
7bb39951863d39f76b0551ffddf497f8c72a980070b7497bf14097f7fe85c764,Shop đóng gói che tên cẩm thận. Sản phẩm có cả tem chống hàng giả và mã qr. Lần đầu mua hàng cảm thấy yên tâm thật sự. Sẽ vào tìm hiểu và mua thêm đồ của shop,5,2022-03-17 10:20:05,1,True,9389530410,345248715,0,0,0,0,0,158,38
739261de5fb42b0c4998147de9125564374894e577e539dd2ad233c3dfbe053e,"Shop có che tên sản phẩm, đóng gói kĩ, hạn sử dụng dài, mua dùng thử 3 cái, nếu ổn sẽ tiếp tục ủng hộ shop",5,2025-10-11 13:13:04,1,True,9389530410,345248715,0,0,0,0,0,106,26
055e07a3315a541e4eb0092cd174f5bae7af7b789e0e01174380a79acffe6a95,Công dụng:sản phẩm tránh thai bảo vệ sức khỏe Chưa sử dụng nên chưa đánh giá được chất lượng sản. Bao bì hình thức đẹp ! Đánh giá cao dịch vụ và chăm sóc khách hàng của shop !,5,2023-04-27 12:55:44,1,True,9389530410,345248715,0,0,0,0,0,175,39
bdbc3cac5c3b9c1c8b2ec3221104653adeb5d0974586d6d6a887abe02e272d94,"Công dụng:oK Shop che tên sản phẩm là 1 điểm cộng rất lớn, sản phẩm tuy chưa sử dụng nhưng cách shop chăm sóc khách rất tốt nên rất ưng ý",5,2022-06-09 12:17:17,1,True,9389530410,345248715,0,0,0,0,0,137,31
76ecc8cfa00bafbc284832de9ac4e02a5691630849ee97999b45ad85c7852fb3,"Công dụng:tránh thai Mua lần 2 của shop rồi. Bao chất lượng tốt, có tặng kèm gell bôi trơn. Shop có chê tên sản phẩm khá chu đáo. Đóng gói đẹp chắc chắn.",5,2024-04-04 13:17:55,1,True,9389530410,345248715,0,0,0,0,0,153,33
b8beec1c18c45d88123f4bc16b2271ef8bcc92637ef8349f408bb7eab91a0da4,"Công dụng:dụng cụ phòng thân Chưa có cơ hội sài nhưng shop giao hàng chuẩn nhanh, và tờ xin đánh giá cũng viết rất đẹp và thơm :)))",5,2024-03-27 16:06:46,1,True,9389530410,345248715,0,0,0,0,0,131,28
8f85945be4b9bc6e9bba84f8d6c605aa1740c15cb631c10ddd77cb33c20ca68b,"Cho shop 5 sao vì sự tinh tế đã che đi tên sản phẩm, giao hàng khá nhanh, nội thành cách ngày là nhận hàng rồi",5,2025-05-07 15:24:14,1,True,9389530410,345248715,0,0,0,0,0,110,26
ee97d108af25fc5b2fec872dc9b517493fe1c7da23d7f3ae9147fa08e834b3be,"Công dụng:nhiều gel bôi trơn Đóng hàng cẩn thận, giao hàng nhanh, shop che tên sản phẩm cong có thuw cảm ơn viết tay nữa. Mua lần đầu dùng thử",5,2023-08-16 05:34:57,3,True,9389530410,345248715,0,0,0,0,0,142,30
02f60c3c63d333373c5273f241ab7a5bd1afd5cb22d0ea489d88a912471fd8e0,"Công dụng:make love Giao hàng cũng okela, sản phẩm ok lắm nha, mỏng :))) gel mát lạnh, cảm ơn ạ, sẽ ủng hộ về sau 🥰🥰🥰🥰✅✅✅✅",5,2023-08-06 16:24:08,3,True,9389530410,345248715,0,0,0,0,0,122,26
82641ec6a2fc017efa14a2783bd1f8308f2665aa4c553524c333cab3c40ad448,"Chất liệu cao cấp: Bền chắc, an toàn cho sức khỏe, thân thiện với môi trường. • Thiết kế thông minh: Tối ưu công năng, dễ dàng sử dụng và bảo quản. • Hiệu quả vượt trội: Giúp bạn giải quyết [vấn đề hoặc nhu cầu] nhanh chóng, tiết kiệm thời gian và công sức. • Đa dạng tính năng: Phù hợp với nhiều đối tượng và nhiều mục đích sử dụng khác nhau. • Dịch vụ hậu mãi tận tâm: Hỗ trợ kỹ thuật 24/7, bảo hành chính hãng.",5,2025-06-06 02:09:32,1,True,9389530410,345248715,0,0,0,0,0,413,90
699b96cc73e5b2291000094bffc2ce0eb562e2b882f229b7643c57416ce37836,Đã nhận được sản phẩm của shop và sử dụng được hai ngày. Hàng đúng như mô tả. Gói buộc đẹp và chắc. Thời gian giao hàng nhanh. Sẽ tiếp tục ủng hộ shop những lần sau,5,2026-04-25 14:43:02,1,True,9389530410,345248715,0,0,0,0,0,164,37
f6552b70379379e4197af3e84efb630ea1facb85c28e46fc4bc4af709712a732,"Đã từng dùng sản phẩm giờ mua lại của shop vì bao nhiều gel bôi trơn , dùng an toàn chất lượng shop gửi che tên sản phẩm gói hàng đẹp",5,2024-01-24 20:54:03,1,True,9389530410,345248715,0,0,0,0,0,133,31
054f9553c427484eda767d9a112a8b0bd50400ce6c8c254c6fe5af32029953af,"Công dụng:ok Nước giặt Comfort len lỏi vào sợi vải, loại bỏ vết bẩn hiệu quả với hương thơm sang trọng. Giải pháp giặt giũ tối ưu, tiện lợi với đa công dụng: sạch, thơm, dưỡng trong 1 nắ",5,2023-07-25 19:35:13,1,True,9389530410,345248715,0,0,0,0,0,186,39
8742186e9f1c131b9b20f61485ae4e19f6e159e3e08ced80ac003a1f765c82ca,"Công dụng:tốt Sản phẩm dùng ổn,giá rẻ hơn các shop khác.sẽ tiếp tục ủng hộ shop lâu dài cho đến khi lành hẳn....hình ảnh mang tính chất minh hoạ để lấy xu để được giảm giá lần tới... shipper thân thiện,vui vẻ,đẹp trai...kkkk",5,2023-03-31 21:54:42,0,True,9389530410,345248715,0,0,0,1,1,224,43
9874ce4f41497dcc3f3e83650fa09e030e30412a986dee608c225b4402275447,Công dụng:bcs Uầy xịn xò thực sự Ship nhanh đóng gói cẩn thận Rất chu đáo có thư viết tay đủ biết trân trọng khách hàng ntn. Chưa dùng chưa biết sao nhưng các chăm sóc kh của shop đáng 10*,5,2023-04-09 11:46:21,4,True,9389530410,345248715,0,0,0,0,0,188,41
b66b09eb3bd2f0b11122bc15c39f56ee7df0feb9f6d61ef05cc2c096c957d37d,"Chất lượng tốt, giá cả hợp lý, đóng gói cẩn thận che tên sản phẩm, giao hàng nhanh, shop còn cẩn thận viết thư dặn dò khách nếu muốn đổi trả thì sẽ báo shop sẽ free nữa. Tạm thời sử dụng ổn chưa có vấn đề gì xảy ra.",5,2024-12-13 08:04:54,1,True,9389530410,345248715,0,0,0,0,0,215,50
480132109c6d1e1b17671503b402cba8caf3fad3203bf86629493694873919ac,"Wow shop dễ thưn lắm lun mua có 1 hộp thôi mà shop tặng quà nhiều nè , thư cảm ơn siêu dễ thương .. 5 sao cho shop nhen",5,2024-07-04 13:18:13,1,True,9389530410,345248715,0,0,0,0,0,119,30
5e76377de564142beaf4f9d01f0861422cf6f210ac9ca109e27d13c7c5588edd,"Độ mỏng:chân thật và mềm mỏng Gel bôi trơn:nhiều gel, ko kích ứng, dễ rửa, ko có mùi khó chịu Shop che tên lịch sự, chu đáo, đóng gói chỉn chu. Sản phẩm tốt, giá hợp lý. Mình đã mua nhiều lần.",5,2026-05-29 22:28:57,1,True,9389530410,345248715,0,0,0,0,0,192,42
215f0a1b0874908237b59fe1f9279352e68d846c80c260628391e5d859b4113c,Lần thứ 2 mua lại sp bên shop mình chưa dùng thử lần này nhưng mình nghĩ sẽ oce thoi vì lần đầu dùng rất thich. Ấn tượng đầu tiên là hộp rất đẹp mở ra rất thơmm lần này dùng ok mình sẽ ủng hộ shop dài dài,5,2022-03-05 11:16:00,1,True,9389530410,345248715,0,0,0,0,0,204,49
367297f7f3fe3ae031036832ab41ac16db88afd0fb8c3c046561d8060def1091,Công dụng:ngừa thai Mới mua sp lần đầu .nhưng thấy shop rất nhiệt tình chu đáo.mong là sp chất lượng để ủng hộ shop nhiều lần sau nữa.đóng gói che tên rất ok,5,2023-08-26 12:33:53,1,True,9389530410,345248715,0,0,0,0,0,157,33
313fc883746069d37b2ba530c0dc3c636a357554d854a5609d57c065fd46da26,"Sản phẩm tuyệt vời, đúng với mô tả. Giao hàng nhanh chóng, shipper thân thiện dễ mến Đóng gói cẩn thận, có thể thấy tâm huyết của người bán. Hộp không bị móp méo, vận chuyển rất tốt. Thời gian giao hàng nhanh chóng, tôi không phải chờ đợi quá lâu để nhận sản phẩm.",5,2026-05-09 09:34:59,0,True,9389530410,345248715,0,1,0,0,1,264,55
be1c3fc3aa0b6c95ae37eb06b50df03d301f15d609817a7ec4cc7ca2bee8eb7c,Công dụng:tốt Hàng tốt. Chất lượng tốt. Phục vụ tốt. Thái độ tư vấn khách hàng rất tốt. Giao hàng nhanh. Gặp vấn đề đổi trả rất tốt,5,2023-03-02 22:13:39,4,True,9389530410,345248715,0,0,0,0,0,131,28
1acc62e52f9eed110a3e268ca320fc748d989a3e0b8557eea3273a498b44d371,Đóng gói siuu cẩn thận mở ra thơm lắm luôn ý ch dùng nên kh biết công dụng có ok kh nma thấy mn đánh giá bảo ok lắm với shop đóng hàng thế này date xa là xứng đáng 10s roiiii,5,2023-02-19 14:50:57,2,True,9389530410,345248715,0,0,0,0,0,174,42
4e548244bf22e3846304a88834697fd3bc8e2c26f72004b99fd2fe71326c8745,Giao hàng khá nhanh. Chưa xài nên hem biết chất lượg mà shoppe mall nên an tâm rồi. Shop có che tên sản phẩm cho shop mười điểm tinh tế.,5,2022-04-06 00:58:15,0,True,9389530410,345248715,0,0,0,0,0,136,30
32e6d4bf191612e19764454f2abc363fee962e1ba028035bc40e827e9f9ac902,"Mua lại đến lần thứ 3 rồi, hàng dùng rất thích, tin tưởng vào sản phẩm này. Lần này có khuyến mãi 1 bao rời",5,2025-11-27 21:54:18,3,True,9389530410,345248715,0,0,0,0,0,107,25
b408974e9d425e4bb022df204e0b0b41ea31159b8561b31574e052c797bfa34f,"Trước mình cx dùng r hàng quá ok sp khi nhận hàng đc che tên và cs thư cảm ơn cs giấy thơm rất cuốn 😍, đeo vừa khít kkk",4,2023-07-19 12:11:59,1,True,9389530410,345248715,0,0,0,0,0,119,30
3e7cb4c7f691cb54514296367cd87d1c4fef4a7e767bb5e03b9db5228f76944e,Công dụng:bao ve suc khoe Mình dùng loại màu đen rồi siêu mỏng và không hề bị thủng nha rất đáng tiền để sử dụng. Mua trên sàn S cũng rẻ hơn nữa,5,2024-10-19 11:03:53,1,True,9389530410,345248715,0,0,0,0,0,144,33
efa876f054db5faf35916ed0f69112dd9a88b4da1583e019dd0334e4183ef182,"Độ mỏng:ok Gel bôi trơn:ok Sản phẩm thật sự tuyệt vời! Chất lượng vượt ngoài mong đợi, thiết kế tinh tế, sử dụng rất tiện lợi. Mình đã thử và cảm thấy cực kỳ hài lòng. Giá cả hợp lý, đóng gói cẩn thận, giao hàng nhanh. Sẽ ủng hộ thêm và giới thiệu cho bạn bè cùng trải nghiệm sản phẩm này.",5,2025-11-07 11:44:36,0,True,9389530410,345248715,0,0,0,0,0,289,63
806ca935dc1bdf4a88dd8e3af6ff5ee5562bfbf3319909e1b8c7ebd8d0307330,Sản phẩm chất lượng tốt đóng gói cẩn thận sạch sẽ giá cả phải chăng giao hàng nhanh thân thiện shop tư vấn đầy đủ nhanh sẽ ủng hộ lâu dài Hình ảnh chỉ mang tính chất nhận xu xin thông cảm,5,2025-01-12 20:52:27,2,True,9389530410,345248715,0,0,0,1,1,187,42
232df804748f05d60a5b373bdb773683dc6ff8bc43c22d0fe26b406c13f95788,"Công dụng:bcs Chưa thử cũng kb nhận xét sao Giao hàng nhanh Giao đúng mẫu đã chọn Shop siêu tâm lý, có giấy thơm trong hộp, che tên sản phẩm cần thận, viết thư tay cảm ơn",5,2023-06-05 12:17:55,1,True,9389530410,345248715,0,0,0,0,0,170,37
56b4e82cd46533816c622af82b0ccefa72164a4060d65c9031cf0849a13b0ab6,"Gel bôi trơn:Đây là một trong những lần mua hàng khiến mình hài lòng nhất trên Shopee. Từ khâu tư vấn, xác nhận đơn đến giao hàng đều rất chuyên nghiệp. Sản phẩm nhận được giống mô tả, chất lượng vượt mong đợi trong tầm giá. Đóng gói kỹ càng, giao hàng nhanh hơn dự kiến. Mình đã kiểm tra và sử dụng thử, mọi thứ đều ổn, không phát hiện lỗi gì. Cảm ơn shop đã mang đến sản phẩm chất lượng và dịch vụ tốt. Mọi người đang phân vân có thể yên tâm đặt mua nhé. Chúc shop luôn giữ vững chất lượng sản phẩm và dịch vụ để ngày càng phát triển hơn nữa. ⭐⭐⭐⭐",5,2026-06-05 19:39:56,0,True,9389530410,345248715,0,0,0,0,0,549,119
a4de67e1d8b2b9a1c537e544239bba3ff076a3e100fae3bd3b0ca5c413bf310d,"Sản phẩm tuyệt vời, đúng với mô tả. Giao hàng nhanh chóng, shipper thân thiện dễ mến Đóng gói cẩn thận, có thể thấy tâm huyết của người bán. Hộp không bị móp méo, vận chuyển rất tốt. Thời gian giao hàng nhanh chóng, tôi không phải chờ đợi quá lâu để nhận sản phẩm.",5,2025-06-03 01:16:50,0,True,9389530410,345248715,0,1,0,0,1,264,55
5f2f4f1a96598eb5d672c6d355df66841c1bff064037cfcbf7bc343cf14abe49,"Rất chi là xịn xò, ưng cái bụng mình mua shop này 1 lần r và rất ưng, shop vx giữ phong độ, lần trước mình mua giao hàng rất chậm nhưng giờ shop đã khắc phục, giao siêu nhanh mới đặt hôm qua mà hnay đã có r 10/10 lun",5,2022-03-16 09:55:07,1,True,9389530410,345248715,0,0,0,0,0,216,51
ff083d7ea86c6f99dfad80fbeb1af433a7915d7222ebb5252be02819b1d22ff2,Công dụng:ok Giao hàng khá nhanh. Đúng đủ số lượng hàng. Hy vọng dùng sẽ phù hợp và ưng. Nếu ok đặt tiếp. Đóng gói ok. Che tên sp.,5,2025-07-25 20:46:50,5,True,9389530410,345248715,0,0,0,0,0,130,29
430073a6a1b1941e0c1b6b33c8bb54f8b6de41bf81c8d0f819f37939a20f1cc8,"Hàng ỗn chuẩn, chất lượng cao giá trị, đáng mua, giá cả hợp lý trong tầm giá trong đợt khuyến mãi Giảm giá tý nữa là bán hàng chạy hơn",5,2023-09-10 10:04:15,1,True,9389530410,345248715,0,0,0,0,0,134,30
81ca939f6055a8758b292b0dc6f125dcc66cc6da00b70eaa00ab6ad243baf0e1,"Dịch vụ giao hàng nhanh như chớp, sản phẩm chất lượng tốt, giá thành hợp lý so với thị trường. Giá cả ổn áp, chất lượng sản phẩm quá ấn tượng. Ước biết đến sốp này sớm hơn!",5,2025-01-10 10:45:32,1,True,9389530410,345248715,0,1,0,0,1,172,38
f0278cf19edfea26a95a4ada513bfa77d0b2295a6c661483e3ec457914bc8755,Sản phẩm rất tuyệt vời đóng gói kỹ và mình rất ưng giao hàng nhanh có thư cảm ơn và mở ra rất thơm chưa dùng nên chưa đánh giá chất lượng sản phẩm được Hài lòng,5,2022-06-27 17:46:26,1,True,9389530410,345248715,0,0,0,0,0,160,37
02f357f3120eaad3b8c8e4266253d35646845641c4f9982dd3aff1748e7fe29e,"Công dụng:bcs Đóng hàng, che tên rất uy tín nha 🤩🤩 cho cảm giác chất lượng, còn thư viết tay kì công nữa 10 điểm",5,2023-04-20 23:23:22,1,True,9389530410,345248715,0,0,0,0,0,112,25
49f45f434deb8ac753f0e979f24dddc07f419f3e6a9e894d645eb7e02e4f0f7a,"Công dụng:để quan hệ td giao hàng cũng bình thường, 2 ngày nhận được hàng. hàng đã dùng qua nên anh em nên thử dùng xem. tôi thấy được",5,2025-05-16 10:48:26,5,True,9389530410,345248715,0,0,0,0,0,134,29
5b93f30e1debfd9b049161d423f73ed1a89d0acf6edc7a1b5fb78d1dd18f5631,Công dụng:tốt Chưa xài nhưng thấy đóng gói kĩ ! Thư viết tay nhìn khá đẹp và dễ thww ! Sẽ ủng hộ shop dài dài ! Có che tên sản phẩm khá hay :3,5,2023-11-10 16:09:51,1,True,9389530410,345248715,0,0,0,0,0,142,35
76b574bdef8c46a3622af99584c924637f842ef84ecb069d8593ca2d208435b9,"Sản phẩm tốt thế này mà tới bây giờ tôi mới phát hiện được nó thì thật là uổng quá đi mà Thật không thể tin được chất lượng của sản phẩm này quá tốt mà lại còn được giảm giá nữa chứ Mua được với giá ưu đãi thích lắm, còn mua đúng sản phẩm mình thích bấy lâu nay nữa Shop làm ăn rất chất lượng từ sản phẩm đến dịch vụ, hứa ủng hộ shop lâu dài nè Không còn lời nào để diễn ra được chất lượng của shop nữa, quá ư là đẹp và dễ thương đi mà Mình mua đúng đợt giảm giá, sản phẩm được mình bỏ vào giỏ hàng bấy lâu nay giờ cũng cầm được trên tay rồi",5,2023-05-05 22:31:05,1,True,9389530410,345248715,0,0,0,0,0,541,127
5e18b676222acd626824a44307e399d0faa61c75adc5df816eb5ce5e2b47117d,"- Sản phẩm y hình, chưa dùng thử chưa biết nhưng thái độ phục vụ của shop là đủ 5 sao rồi. Rep khách nhanh, có che tên sản phẩm rất lịch sự, có nguyên cuốn hướng dẫn nhận thêm quà cho khách quá là ưngg",5,2022-03-18 00:15:08,1,True,9389530410,345248715,0,0,0,0,0,201,46
55bc1af11ba7fa1ee397c04f5eff2c3fc0676b6f448cc2543b299222b0195ef8,"Giao hàng nhanh Đóng gói cẩn thận, chắc chắn Giá thành tốt Có chê tên sản phẩm lịch sự Bao bì xịn sò Chưa sd nma thấy nhiều phản hồi tốt Sẽ ủng hộ tiếp",5,2023-05-12 10:30:14,1,True,9389530410,345248715,0,0,0,0,0,151,35
dc5e001d87186723088ea509177535e69107f1cf2b5644e42404a3ccbc3a0dc1,Chưa dùng nên chưa biết chất lượng như nào Shop đóng gói rất tốt ship nhanh tư vấn nhiệt tình được tặng kèm 2 gói gel,5,2022-02-08 10:45:02,1,True,9389530410,345248715,0,0,0,0,0,117,26
208ae63024151df3083c6eb9cb0fe3170311b74deff38095621de03228f5db6f,"Công dụng:ok Chưa dùng nên chưa biết chất lượng, nhưng ng bán cực kì có tâm í. còn bỏ 1 miếng giấy thơm vô mở hộp ra thơm nức.",5,2023-04-25 13:05:03,1,True,9389530410,345248715,0,0,0,0,0,126,29
299140d24cbeeabfcf85e3b0f30ae5f78e1d3c646a6d98444fca5f1247a3dc8c,"Sản phẩm này thật sự vượt mong đợi, thiết kế tinh tế và chắc chắn, chất lượng sử dụng bền bỉ. Giá thành hợp lý so với giá trị mang lại. Trải nghiệm dùng thoải mái, tiện lợi, phù hợp nhiều nhu cầu. Dịch vụ chăm sóc khách hàng chu đáo, giao hàng nhanh. Rất đáng để tin tưởng và lựa chọn.",5,2025-09-17 09:17:47,0,True,9389530410,345248715,0,0,0,0,0,285,62
a50d6da3eacccd06376c8f5307966382b1f701c5fee79c9a12842571ff58ef48,Công dụng:tránh thai Dùng quá là okee luôn cho shop 5 sao. Còn có thư cảm ơn đóng gói cẩn thận có mẩu giấy thơm lắm được tanqgj cả bí kíp,5,2022-12-25 14:28:30,1,True,9389530410,345248715,0,0,0,0,0,137,31
ef6b6154a984f5ae5f6ef4e96e4c7f5f421190919d0aa27d29aed6b782dc3daa,Công dụng:ụ Trơn tru mùi dễ chịu ko bị kích ứng khi dùng xong .lúc trước hay dùng đũa thần của hãng này cũng thích cực . Nay dùng thử đồ khác xem ổn ko mà ổn lòi lìa nha mấy má . Mua đi về cất tủ 2 vợ chồng dùng dần🤣,5,2024-07-16 13:17:31,1,True,9389530410,345248715,0,0,0,0,0,216,53
c02f95c85a403dfbf601fa7fa3394b75e9c1c9047c73f835353a515d2c631658,"packaging tốt, sd cũng okela, giá ổn áp, mấy bạn sv kphai lăn tăn nữa ha, mn cùng có ý thức sd biện pháp an toàn",5,2023-11-27 22:15:09,1,True,9389530410,345248715,0,0,0,0,0,112,26
31920ebd6de109127958bd8a059d5cd1e6095816e744433d4638b34bbbd5d2f0,"Lần đầu mua mình thấy khá ấn tượng ở đóng gói rất chỉnh chu và đẹ mắt, thư tay viết đẹp ghê í nếu oke thì sẽ gặp mình đánh giá trải nghiệm ở lượt mua tiếp theo",5,2024-05-24 20:56:35,1,True,9389530410,345248715,0,0,0,0,0,159,38
2c3865db3b3271fe9191a3e49167a2038c2bc499121c848fbcc7af1555462230,"Công dụng:tránh dính thái Gói hàng đóng chắc chắn, có thư cảm ơn viết tay tận tâm, 5 sao",5,2023-09-13 12:20:16,5,True,9389530410,345248715,0,0,0,0,0,88,19
facacf953607f8988302f31e4e377bf725adeabebc8c5b928b204d3b22913561,"Chất lượng quần áo thật sự ấn tượng, vải mềm mại, đường may chắc chắn và form mặc lên rất tôn dáng. Màu sắc lên đẹp, đúng như mô tả. Giá cũng hợp lý so với chất lượng nhận được. Mặc cả ngày vẫn thoải mái, đáng để mua lại lần nữa.",5,2025-11-20 11:30:58,0,True,9389530410,345248715,0,0,0,0,0,229,52
2007bcbc09e5dfcded0dfdab71cca2b1ef9acd80c8ea10fbbd58f4ae092f27e3,Công dụng:chưa sử dụng nên chưa nên chưa rõ Giao hàng nhanh sản phẩm đúng mô tả Có cả lời viết tay là thấy ok rồi 😃,5,2023-08-15 16:12:18,1,True,9389530410,345248715,0,0,0,0,0,115,27
ce52c45f61c009964122e2c191b03579d8ea1721b49bf0e8f232deb8adde8f29,"Mình rất hài lòng về shop, hàng gói cẩn thận đẹp đẽ, có cả thư viết tay khiến ng mua cảm thấy tin tưởng, chất lượng sản phẩm tuyệt vời",5,2022-08-06 11:44:42,1,True,9389530410,345248715,0,0,0,0,0,134,30
1ca5489a28b584a50f88c720dbdff5d81d3700218b5a41c6110b7dbb487eb791,Shop giao hàng nhanh l í hôm qua đặt mà nay đã có rùi ạ sản phẩm đóng gói cẩn thận có che tên sp,5,2022-04-05 10:23:04,1,True,9389530410,345248715,0,0,0,0,0,96,25
5def3e3781b7aa98f352a421171cfa8325f43ed31f1d545aa66e13b13ca0a332,"Đánh giá cho thấy sản phẩm có chất lượng ổn định, thiết kế đẹp, dễ sử dụng, đáp ứng tốt nhu cầu học tập và làm việc, giá hợp lý, dịch vụ hỗ trợ thân thiện, đồng thời cần cải thiện tốc độ phản hồi, tăng hướng dẫn chi tiết",5,2026-02-22 23:04:35,0,True,9389530410,345248715,0,0,0,0,0,220,50
490e44fcc06a940113513098c9d049f943bbf83204e0d21a835cf13c60d7fc20,"Giao hàng rất nhanh, mua hàng được shop tặng cho cái túi xịn sò, chất lượng chưa sử dụng nên ko biết, nhìn cảm quan bên ngoài hàng chính hãng. Cho shop 5 sao.",5,2024-11-13 09:42:18,1,True,9389530410,345248715,0,0,0,0,0,158,34
a2ede55d224e7a3766a45594b5bf9fe2f29fa0593253edd1e8eeb07a2bc44e89,"Tôi rất hài lòng với đơn hàng lần này. Sản phẩm được đóng gói cẩn thận, giao hàng đúng hẹn và chất lượng vượt mong đợi. Màu sắc, kích thước đúng như mô tả, sử dụng rất tiện lợi. Dịch vụ chăm sóc khách hàng cũng phản hồi nhanh chóng và hỗ trợ tận tình. Sẽ tiếp tục ủng hộ trong tương lai!",5,2025-07-14 10:45:42,0,True,9389530410,345248715,0,0,0,0,0,287,63
c1c2b44e78f0a0c698040e4d37de4b89796b988e49ed77a650eac41b9a1ae89e,Chưa có cơ hội test nhưng qua check thì hàng cực chuẩn và shop support rất nhiệt tình Vote 5 sao cho độ uy tín,5,2021-09-16 08:54:47,0,True,9389530410,345248715,0,0,0,0,0,110,25
51bc2758ba5b722e353afbf57ae2fa9ee7147a739d6da17e801015abd7755121,"Công dụng:everybody knows… Mình lười chụp hình ấy. Nchung rất hài lòng, shop gói hàng cẩn thận, che tên sp 100%, và còn có thư tay vô cùng dễ thương, tinh tế. Sp dùng thử thấy cũng ổn áp. Sẽ tiếp tục ủng hộ shop ạ",5,2023-06-25 22:04:45,1,True,9389530410,345248715,0,0,0,0,0,213,46
13e46ab30f6071f196d1182f8f2ec29dc8b12e6edf7e3e24da5521d5a52566bf,Shop có che tên sản phẩm giao hàng cũng khá nhanh chưa sử dụng nên chưa biết nói chung cho shop 10đ shop còn viết thư tay cảm ơn nữa,5,2023-09-14 07:54:15,2,True,9389530410,345248715,0,0,0,0,0,132,30
8cfd5983039b66b1798621e2211e723b60e483980e3e69baa52e65d94c664adf,Công dụng:ok Chưa dùng k biết ntn nhưng ship rất nhanh mới đặt hôm 11 mà 13 đã có hàng. shop tặng free 2 cái nữa. Mua sale giá cũng rẻ,5,2023-04-13 10:11:37,1,True,9389530410,345248715,0,0,0,0,0,134,31
3b8f3fb24411fffc432f6cc8a4b8868fece907a2f3a7f642cec727b21018c9d4,Giao hàng nhanh.shop tư vấn nhiệt tình và có che tên sp. Được tặng kèm quyển bí kíp yêu.rất hài lòng với cách phục vụ của shop.sẽ quay lại ủng hộ nếu sp dùng tốt,5,2022-03-23 12:08:29,2,True,9389530410,345248715,0,0,0,0,0,161,35
ec3e5428f551c55fd8d384dd47a19abe6992ca1251a4cf5ce083a21ae4709834,"Công dụng:bảo vệ Shop giao hàng nhanh, thật ra lần này là mua lần 2 của shop nói chung dùng thích và “phê”. Sẽ tiếp tục ủng hộ shop nhiệt tình",5,2023-07-11 08:53:41,1,True,9389530410,345248715,0,0,0,0,0,142,31
b673f829ce868e46f312c508af442c27c577049da3828ffa205296ca97d9b45c,"Thời gian giao hàng nhanh chóng, tôi không phải chờ đợi quá lâu để nhận sản phẩm. Chất lượng sản phẩm vượt mong đợi. Tôi rất hài lòng với trải nghiệm mua hàng này. Sản phẩm chất lượng tốt, đóng gói cẩn thận, giao hàng nhanh.",5,2025-09-29 12:48:00,1,True,9389530410,345248715,0,0,0,0,0,224,46
755a1bb0791f5c63f7ebfcd77c3a4b187b4dbcccee479968bd6e95d1bafa3d6a,"Shop giao hàng nhanh, đóng gói cẩn thận, sản phẩm đúng mô tả. Chất lượng tốt, dùng ổn, màu sắc đẹp như hình. Giá cả hợp lý, đáng tiền. Shop phản hồi nhiệt tình, hỗ trợ chu đáo. Mình rất hài lòng, sẽ ủng hộ lần sau và giới thiệu cho bạn bè. Cảm ơn shop nhiều!",5,2025-11-10 08:06:56,0,True,9389530410,345248715,0,0,0,0,0,258,57
9ae3f28b1d14e23febc2458c140f840e8ba7ca3e821d72a1d3fa422a7579ffcf,Hàng đóng gói kỹ. Giấu tên sản phẩm. Giao hàng nhanh. Hàng sử dụng ok lắm nhe mọi người. Tăng thời gian quan hệ thiệt. Mỏng tạo dc cảm giác nhu thật,5,2021-12-26 12:47:17,1,True,9389530410,345248715,0,0,0,0,0,148,32
32c5f9a9ab7bf51986bc859e9a81e9d728dfc28fe758833dc457074f1e28c866,Công dụng:tốt Tốt. Đóng gói cẩn thận. Có che tên sản phẩm. Sản phẩm mới. Mẫu mã giống trên shop. Giao hàng nhanh. Chất lượng tốt.,5,2025-02-27 21:06:55,1,True,9389530410,345248715,0,0,0,0,0,129,26
10e88972b678bed9c3fa107ab518618f102c573783cb2051cc1b7769faf4d554,"Công dụng:xxx Dc tặng quà gel btr, shop thân thiện nhiệt tình vô cùng khi mình có vde xảy ra. Rcm nên mua ủng hộ🙋‍♀️ trả lời tnhan rất nhanh",5,2024-09-13 12:56:16,1,True,9389530410,345248715,0,0,0,0,0,140,30
202fa2403446652ef918929cae860c3e05f36bd41b569efefc8ce6392029e22d,"Cảm ơn shop mình đã nhận được hàng shop rất tinh tế vì đã che tất cả những thông tin nhạy cảm lại, và shop cũng thật dễ thương với những dòng tin rất đáng yêu, như vầy thì nỡ nào mình đổi trả.cảm ơn shop sau này chắc chắn mình sẽ quay lại.",5,2023-03-17 12:33:17,2,True,9389530410,345248715,0,0,0,0,0,239,54
e685d3ec0773ba4842e863d0cd6bc7adcd2ab451ae7499091018d0e028d5e22b,Công dụng:dùng quan hệ trách thai Shop bán uy tín bảo mật thông tin ❤️ bao bì mẫu mã quá trời ưng bụng 😙 shop còn tặng kèm quát,5,2023-11-15 20:25:58,1,True,9389530410,345248715,0,0,0,0,0,127,29
ce45b62689eaa8c4654b45ea6a0618346fd9ff2e8e0ad4c64ce8fdd85a98c75a,Nói chung là vợ mình thích mình xài cái này. Mình cũng thấy rất là ok. Mn nên mua dùng. An toàn. Mỏng. Nhưng cái thử cảm ơn đc viết bằng tay như này mình chấm 10đ không có nhưng. Shop chu đáo tận tâm. Good. Cảm ơn shop ạ,5,2024-10-31 17:34:42,1,True,9389530410,345248715,0,0,0,0,0,220,50
883f103ab73fe4f3686cf19e4d2a440d72ca116e1cead40c8f2a8ec7cc7733df,"Công dụng:để tránh có thai , các bệnh về tình dục Xài khá thích đã mua rất nhiều lần , giao hàng nhanh , có che kĩ tên sản phẩm",5,2022-08-11 11:46:45,1,True,9389530410,345248715,0,0,0,0,0,127,30
20ac5604bd97dd4349e7d26b31b05fa17debfbf32de715a249e4dd66c246fd35,Đóng gói sản phẩm đẹp chắc chắn. Thời gian giao hàng nhanh. Tư vấn nhiệt tình.,5,2022-02-24 21:33:21,2,True,9389530410,345248715,0,0,0,0,0,78,16
01845fdc5f16c3ad4254952a9c5155befc7388a05b5f5fa938df58452be925b5,Công dụng:bipj ddaauf trong xịn xòa con boà mua 10 lần r thấy c-cũng ưng ưng túm lại là được. dịch vụ ok sản phẩm thơm sịn k mỏng k dày,5,2023-09-20 17:56:29,1,True,9389530410,345248715,0,0,0,0,0,135,31
bc990cdf4e6ec39d09e8353dcc9e3aa70e0efceeb10866015b2bad2ed9fc1752,"Công dụng:tranh thai mình dùng nhiều roi chất lượng tốt dùng thích lắm , đóng gói cẩn thận giao hàng nhanh nhưng hàng tặng là gel bôi trơn chứ kp 1c bcs",5,2024-08-06 07:49:01,0,True,9389530410,345248715,0,0,0,0,0,152,32
b251dc34a3f15a9dd410301b879ea2fadb6856ce4c68c5ca5a1ca9f8de7c95f5,"Sản phẩm tốt, mẫu độc lạ . Shop giao hàng lịch sử che thông tin ng mua. Sẽ ủng hộ shop nhiều lần khác !",5,2025-12-29 22:05:44,3,True,9389530410,345248715,0,0,0,0,0,103,25
9cabd8a8146d572c46b4a6723f956eeb25877cef2650cf872c62b0c8f4877b18,"Công dụng:bcs Giao hàng nhanh , tinh tế , dùng tốt ạ nen mua nhé mọi người , loại này dùng lâu rồi mà thấy vẫn ok",5,2024-12-19 11:58:34,1,True,9389530410,345248715,0,0,0,0,0,113,27
123511b9912cfad881e69301b9da0600d7bba26af944067a82e0bef8a858de0d,"Công dụng:tránh thai😄 Chưa dùng nhưng vì sự tinh tế của shop nên vào cho đánh giá luôn ....bọc kín đáo đã che tên sp , và kèm 1 thư ngỏ viết tay rất chu đáo .nếu dùng ok sẽ ủng hộ shop dài",5,2024-09-18 22:13:12,4,True,9389530410,345248715,0,0,0,0,0,188,44
fc10e81edd61a9632d3526693c9d38afda9e40833287a08c1c6e6f8e78b822f3,"Công dụng:Chất lượng sp tốt Sản phẩm làm mình rất hài lòng, cả về chất lượng và giá tiền, thật sự sp tốt lắm luôn ấy, rất bền. Shop dễ thương, tư vấn rất tốt, có cả thư tay, sản phẩm mở ra thì thơm cực, bí kíp 18+ so với đợt trc đc nâng cấp thêm haha. Shipper ko gọi điện tới vứt thẳng vào nhà nên cho 1*",1,2022-06-05 22:34:56,2,True,9389530410,345248715,0,0,0,0,0,304,70
9c1a57f4c5cd097cb63ae73cb9a951984272f197a0893fa0e5410b9e607e91ae,Công dụng:bảo vệ Shop chu đáo quá hàng về tay lúc nào cx đc che đầy đủ từng sử dụng và ưng hàng của hãng,5,2022-09-16 11:16:31,1,True,9389530410,345248715,0,0,0,0,0,104,25
0cf871b95e70f9d5c8e8f0bd7a4ef422cda112a59b409d74560de1f6edb2b860,"Công dụng:ok Shop chu đáo, viết cả thư quan tâm khách hàng. Hộp nhìn khá là đẹp, lạ dễ dùng. Chất lượng bcs mới dùng 1c nên ko nhớ lắm kk nma chắc là ổn",5,2023-02-01 15:05:44,1,True,9389530410,345248715,0,0,0,0,0,152,35
be8c7bf5026165c3f56d5d683be0331cc487420195658c93184d0162472344b1,"Đóng gói hàng rất đẹp và cẩn thận, mùi thơm thơm còn được tặng kèm sách nữa :// Mình sd rồi đây là lần 2 mua lại Rất chi nà ưng nhé, mng nên dùng nha",5,2021-09-10 10:55:39,3,True,9389530410,345248715,0,0,0,0,0,149,36
8bca8ac2ad4d89ac0515533cef749e6b444139c609cc11ba9c45909d07470251,"Công dụng:tránh thai Mk mới mua lần đầu tiên mà chưa dùng, đóng góp cẩn thận còn có thư nữa . Shop đã che tên sp nên lúc nhận hàng k bị ngại, còn được tặng quà nữa .",5,2025-05-06 19:59:43,1,True,9389530410,345248715,0,0,0,0,0,165,39
6f1a586a484c4070856bd46633fccaf6f0eb46cdb52b3ae015c358d58fdbfe21,"Hàng giao nhanh, chuẩn, mỏng, sản xuất tại Thái Lan chất lượng đảm bảo. Shop tư vấn thân thiện nhiệt tình, che tên sản phẩm. Nói chung vote 5 sao nhé.",5,2022-10-04 10:59:56,1,True,9389530410,345248715,0,0,0,0,0,150,31
e0652940a9ecdd353746b31c707a246ab664b781d1294b4497939387f755948e,"Công dụng:Bảo vệ cuộc yêu Shop mình rất tận tâm bằng cách viết thư tay nhắn gửi. Mình chưa sử dụng nhưng cảm thấy đây là sản phẩm đáng tin rồi. Nếu mình dùng tốt, sau này mình sẽ tiếp tục ủng hộ shop nhé.",5,2025-07-04 12:01:05,1,True,9389530410,345248715,0,0,0,0,0,204,45
e3f5ed37c93bd9ba842ce753fb381627fea59176422cf3a1a7b691946d3263b3,"Công dụng:quan he Shop đóng gói rất cẩn thận, giao hàng nhanh, đặc biệt là shop rất quan tâm, lắng nghe và support khách hàng trong quá trình đổi trả và hoàn hàng. Shop rất nhiệt tình và chu đáo. Sản phẩm mình đánh giá khá tốt, chất lượng thì loại này mỏng nhưng cảm giác hơi dễ r*ach nên cân nhắc . Nên trải nghiệm",5,2023-09-08 15:57:50,2,True,9389530410,345248715,0,0,0,0,0,315,66
1170daaa0a16d7bdb9fc815d3f6ce72a4434dac6ffd769adf06ab8d0f4a6b896,Công dụng:tránh thai Shop rất chu đáo ạ có che tên sản phẩm nên nhờ nhận hàng hộ cũng không thấy ngại shop rất nhiệt tình chắc chắn sẽ quay lại shop ủng hộ tiếp,5,2024-07-09 17:38:56,1,True,9389530410,345248715,0,0,0,0,0,160,35
a866f2baaa0f669a7a06ff3824e9c2b4f6fcc579fba35e2b9faf62b659455aef,Giao hàng đầy đủ. Mình chưa dùng nên chưa biết chất lượng thế nào! Nhưng vẫn cho shop 5 sao vì thư tay đáng yêu này! :),5,2022-11-29 19:49:51,2,True,9389530410,345248715,0,0,0,0,0,119,27
9cf2234a3fe92881c3cd3144f992466ddda03ad988f16a6041b44238794b3de9,"sp tốt gói hàng kĩ còn có thư cảm ơn, lần đầu mua mà thấy giá cũng phải chăng và không lỗi, rất đáng tiền nên mua ạ, sp nhạy cảm nên mình k tiện chụp",5,2024-01-08 20:22:45,1,True,9389530410,345248715,0,0,0,0,0,149,36
55bc1af11ba7fa1ee397c04f5eff2c3fc0676b6f448cc2543b299222b0195ef8,2 zk Ck xài 1 shopee mua kiểu này hiểu lầm chết 😵 kk. Chưa dùng chưa biết nhưng đóng gói và giao hàng nhanh rất OK,5,2024-10-26 14:07:58,1,True,9389530410,345248715,0,0,0,0,0,114,27
8a62b0df056c313d35a2f58dc73cd444b4426c29e65cb8525039396a9181e43a,"Trùi ui mở hộp ra cái mùi nó thơm gì đâu, thư viết tay luôn nè, rất chu đáo và cẩn thận. Mình chưa có dịp trải nghiệm nhưng thấy service đã 💯 điểm lun. Sẽ tiếp tục ủng hộ shopp 💕",5,2022-06-17 14:56:40,1,True,9389530410,345248715,0,0,0,0,0,178,42
2914653dee5186d2e49b8f75809dfa19d4f2f4993ea5cb91445764ab2573265f,Công dụng:ok ok Mua cuzng là fan ruột k cần nói nhiều làm gì sản phẩm ok săn đc deal ngon lấy hẳn 2 hộp tuy k đc như k đeo nhưng bà xã rất ưng,5,2022-11-17 08:57:14,1,True,9389530410,345248715,0,0,0,0,0,142,36
9a347a89f808427ce16f3c1a5fbb5f249e86d4458a15040f588fc158fb255db0,Ship nhanh gọn lẹ đóng gói cẩn thận chuẩn hàng chuẩn hình rất tốt,5,2025-05-25 12:19:10,5,True,9389530410,345248715,0,0,0,0,0,65,14
1aee8d0854feaabb2960a74b90d5e4d1f6043560b48714e809b1376d29800c8b,"Công dụng:đúng Sản phẩm chất lượng, có đóng gói kĩ càng và che tên sản phẩm. Đã ủng hộ lần thứ hai. Phát huy công dụng tốt",5,2024-05-11 23:19:38,1,True,9389530410,345248715,0,0,0,0,0,122,27
85e6bc57583b318027374d2946b58edfbabc3a792afedf9c1830286b8d43ee2e,"Công dụng:quan hệ an toàn Bcs mỏng, cảm giác thật hơn loại thông thường, test bơm nước vào bcs mà nửa ngày rồi chưa thấy bị dò nước, nghịch đủ kiểu vẫn chưa bị rách. Bọc hàng kín đáo, lần sau sẽ quay lại tiếp",5,2022-07-15 07:10:37,2,True,9389530410,345248715,0,0,0,0,0,208,45
5d2149082c099d86d2b1b3658f47993d4c6a8003e919c3c0de9e14dc8e9dafc9,"Công dụng:tăng hot Hàng giống hình ảnh giống mô tả, nhìn như mấy hộp cho vô máy cà phê ấy xinh lắm chứ k phải gói, tinh tế che tên spham nhaaaa săn sale đc giá hời :3333",5,2022-09-19 12:12:32,1,True,9389530410,345248715,0,0,0,0,0,169,38
0f99c27f8ac4b366e4d8e4e964ec2b703712d9f46de6c0cd51dbce0c189db923,Công dụng:hmmmm công dụng thì....bảo vệ bản thân :))) Đây là lần t2 mình mua shop này mấy lần trc ny mình cũg mua tại shop và chất lượng thì khỏi bàn 10000/10 Vừa có giá sv và chất lượng khách nào ko ưng đặc biệt shop còn tận tay viết thư chữ siêu đẹp Loại giấy viết lại siêu thơm Mn nên mua shop này nha chính hảng vs lại chất lượng để bảo vệ mình vs ny hoặc 1 ai đó :))),5,2023-12-22 20:19:10,1,True,9389530410,345248715,0,0,0,0,0,372,84
24b3b93c17397db1f7fd0c6f8fe0d2145643c8c514c50f7692f9246112e50e32,"Công dụng:bảo vệ thằng em Chưa bóc sản phẩm ra thử nhưng vỏ hộp đẹp, shop có che tên sản phẩm và có thư cảm ơn 😃. Rất tinh tế, dùng oke sẽ ủng hộ lâu dài",5,2025-03-04 13:17:09,1,True,9389530410,345248715,0,0,0,0,0,153,37
82d1d09c6b3a56c795bf4b696d4756daf3796e1850cf1bda07de0ec15760f12e,"Condoms thơm vani ngọt, hôp xịn xò, shop tl tin nhắn nhanh tận tình, sp đóng gói cẩn thận che tên sản phẩm nên nhận đỡ ngại. Chưa dùng nên chưa biết hợp không.",5,2025-01-18 18:31:57,1,True,9389530410,345248715,0,0,0,0,0,159,34
7c5616b8f21511183a4a5e7771f4c45687eaf64ddb440cdcdd117da8b61bd5be,"Chất lượng sản phẩm rất tốt, đóng gói cẩn thận, nhận hàng nhanh chóng. Chất lượng sản phẩm không làm thất vọng, giá cả hợp lý. Đánh giá 5 sao. Chất lượng sản phẩm ổn định, giá cả phải chăng. Tôi rất hài lòng. Chất lượng sản phẩm tuyệt vời, giá thành hợp lý. Đã giới thiệu cho bạn bè. Chất lượng sản phẩm vượt xa giá trị của nó. Sẽ mua lại ở Shopee. Dịch vụ giao hàng nhanh, sản phẩm chất lượng. Hài lòng 100%. Giày đẹp và chất lượng, thoáng khí, giữ chân khô ráo ngay cả trong những ngày nóng. Gói hàng chắc chắn, không lo lắng về vấn đề giao hàng.",5,2024-08-08 21:56:40,1,True,9389530410,345248715,0,0,0,0,0,548,116
b8c08370d3674fa965e562623fd5c8aecbe18b51c817ca0c615dfbde161a4d68,"Chất lượng sản phẩm rất tốt, đóng gói cẩn thận, nhận hàng nhanh chóng. Chất lượng sản phẩm không làm thất vọng, giá cả hợp lý. Đánh giá 5 sao. Chất lượng sản phẩm ổn định, giá cả phải chăng. Tôi rất hài lòng. Chất lượng sản phẩm tuyệt vời, giá thành hợp lý. Đã giới thiệu cho bạn bè. Chất lượng sản phẩm vượt xa giá trị của nó. Sẽ mua lại ở Shopee. Dịch vụ giao hàng nhanh, sản phẩm chất lượng. Hài lòng 100%.",5,2025-02-26 22:18:43,0,True,9389530410,345248715,0,0,0,0,0,409,87
548b7523bdcdcff5f5392e214423ea8d48eb7326b34288020762c0187c2d7a98,Shop viết thư tay cảm ơn lun nè. Mình chưa xài nm shop cute lắm. Giao hàng nhanh với vỏ cũng chắc chắn. Giao diện hịn xò phết. Ok nha Mà giao hàng cũm che tên sp nữa🤭🤭,5,2023-03-24 13:19:09,2,True,9389530410,345248715,0,0,0,0,0,167,38
8449d994a96d83d639da6e86278b66215ec4982de3529ffcbd5b85947db28342,Dao hàng nhanh kinh khủng đặt chiều qua mà sáng nay mình nhận được hàng luôn shop làm việc siêu đỉnh luôn thấy mọi người bảo ok lên mua thử,5,2023-03-04 11:48:11,1,True,9389530410,345248715,0,0,0,0,0,139,30
077925411742a0fbafa938f592bd9e80071448ecc8b474d6748c8b4fd28cb9ca,"Công dụng:bảo vệ sức khỏe Giao hàng nhanh, shop tâm lý khi che tên sản phẩm thư cảm ơn còn viết tay rất tâm lý, sẽ ủng hộ shop",5,2023-07-19 12:22:09,2,True,9389530410,345248715,0,0,0,0,0,126,29
bddb8701d25b58be24ed06a1af7d06c17925e3768677e0b0c948ea1f6fa5ecbc,"Đóng gói và ghi thiệp viết tay rất nhiệt tình, chưa nói đến sản phẩm nhưng cách hương dẫn sd của shop rất chu đáo, sẽ quay lại mua rất nhiều lần! Chưa bh mua shop nào trên shoppe lại nhận đc gói hàng nhiệt tình như vậy! Nên đã viết ngay đánh giá cho shop. Đây là lần đầu tiên mìnhviết đánh giáchoshop",5,2022-08-19 14:40:07,0,True,9389530410,345248715,0,0,0,0,0,300,64
ce5beb4155c1cba69fda97cf282bbaa2b728328178dbd59d3f8ed44d54a24ae9,Giao hàng nhanh. Đã đặt lại lần 2 của shop. Sp diêu mỏng. Dùng thích hơn của durex nên đã quay lại sử dụng tiếp,5,2023-05-19 14:35:32,1,True,9389530410,345248715,0,0,0,0,0,111,25
671fee4eb0dbddbd5af527cf8918b09e1d54c662c562d7f4a4a48c20d1d179ec,Giao hàng nhanh. đóng gói cẩn thân. có che tên sản phẩm. Chất lượng ổn. kiểu bao bì đóng gói nhìn xịn xò,5,2022-09-18 15:18:07,5,True,9389530410,345248715,0,0,0,0,0,104,23
a8e866d99a9a41146c0e986b7468c835400379ade9c1028ebbf6e1cf9e069bf6,"Giao hàng nhanh chóng, đóng gói cẩn thận và chu đáo. Còn chất lượng thì chưa biết, để sử dụng thử nếu ok thì xẽz mới a tiếp",5,2025-02-14 20:35:28,3,True,9389530410,345248715,0,0,0,0,0,123,28
55bc1af11ba7fa1ee397c04f5eff2c3fc0676b6f448cc2543b299222b0195ef8,"Mua lần 2 rồi mới thấy chưa đánh giá lần 1, giá rẻ mà chất lượng ok ạ, thơm mùi vani không cao su quá",5,2022-03-05 13:06:03,1,True,9389530410,345248715,0,0,0,0,0,101,25
b2d3b8a8fc3797d864adfa5cc08ad45d5f7b56fb71e84e755c376b0a7c456940,"Sản phẩm rất đáng tiền, chất lượng tốt, thiết kế đẹp mắt và dễ sử dụng. Giao hàng nhanh, đóng gói cẩn thận. Mình đã dùng thử và hoàn toàn hài lòng. Sẽ tiếp tục ủng hộ shop trong những lần sau. Rất đáng để mọi người trải nghiệm và mua dùng thử!",5,2025-06-04 10:36:50,0,True,9389530410,345248715,0,0,0,0,0,243,53
d8d1bd9973853b601c5a2e2d8835109838f82a64e92b7cce8fe269632a56af10,"Công dụng:bcs Mùi khá là dễ chịu, thơm vani thật. Mỏng nhẹ, dễ dùng nha, giá hơi cao xíu nhưng tạm được. Bao bì khá đẹp, sử dụng tiện lắm, thiết kế tế nhị khi cầm. Giao hàng khá nhanh và cẩn thận, shiper giao hàng cẩn thận và chu đáo. Nên mua lại nhiều lần nha.",5,2024-07-06 22:15:23,1,True,9389530410,345248715,0,0,0,0,0,261,57
7b5f312faf51255384f1ecd293e8304080265fd2d6d81fd7633e80265e4728db,Độ mỏng:mongr Gel bôi trơn:tốt Giao hàng nhanh Shop tư vấn hỗ trợ nhiệt tình ạ Đóng gói cẩn thận Hình ảnh và video chỉ mang tính chất nhận xu,5,2026-03-04 23:35:03,1,True,9389530410,345248715,0,0,0,1,1,141,30
bae4545a0c457fb8f52d5b2145d6d367cc005ffd0357a0ebaae5ccc281880086,Công dụng:Sex An Toàn Không Hậu Quả! Omg Shop nhiệt tình và rất tinh tế luôn á mọi người❤ Chất lượng sản phẩm tốt rất bền đã test qua nhiều lần nhưng vẫn rất chắc chắn mỏng nhiều gel truyền nhiệt nhanh cảm giác như không dùng bao sẽ ủng hộ lâu dài🥰❤,5,2022-09-29 10:45:48,0,True,9389530410,345248715,0,0,0,0,0,249,53
6e4dd7c27e3b970cbdb99fce8711d5e5df5d3d8011fbfe86025aa7c9f8fc4e7a,"Chưa có dùng nhưng mà về khoản đóng gói thì thấy rất ưng, shop rất tinh tế khi che tên sản phẩm, lại còn có cả thư tay, giấy thơm nữa",5,2023-03-24 12:36:21,1,True,9389530410,345248715,0,0,0,0,0,133,31
38b025196c36e3fa571bde34c4763d6ef710ddfb3f93207998f1ce81951d8494,Shop giao hàng nhanh .dong gói cẩn thận .che tên sản phẩm .shop chu đáo nhiệt tình . nếu sản phẩm tốt lần sau lại ủng hộ shop,5,2023-11-05 16:30:00,1,True,9389530410,345248715,0,0,0,0,0,125,28
5d8d671ffac611d926422e2cb347b4261de79901370cae3341deab7b1d94f132,Độ mỏng:vừa phải Gel bôi trơn:vừa đủ dùng Đã sử dụng nhiều năm loại này r mỏng nhưng dai rất chắc chắn nên phòng ngừa sẽ an toàn nha mn ơi,5,2026-06-21 08:46:42,1,True,9389530410,345248715,0,0,0,0,0,138,31
866d8bef2974678cb9d23056d08deb19a5ca747160f6b6c2af49105e84745ed8,Công dụng:mới chưa sử dụng nên chưa thể đánh giá được Shop giao hàng nhanh sản phẩm đóng gói rất cẩn thận ủng hộ shop 5 sao,5,2024-01-15 16:07:34,1,True,9389530410,345248715,0,0,0,0,0,123,27
07d215a540eff688c72d4a6aae45be019e767aa767854eaa623af8fe6385d436,"Sản phẩm tuyệt vời, đúng với mô tả. Giao hàng nhanh chóng, shipper thân thiện dễ mến Đóng gói cẩn thận, có thể thấy tâm huyết của người bán. Hộp không bị móp méo, vận chuyển rất tốt",5,2025-02-18 09:21:55,0,True,9389530410,345248715,0,1,0,0,1,181,38
a87ca7fab8fbefe9ac727d1f1b22401bd2e7deabcb75411c9906bae150fd6ebe,"Công dụng:bảo vệ sức khỏe tình dục Sản phẩm như mô tả, đã sử dụng một thời gian mới đánh giá, về giao hàng cũng khá nhanh chóng",5,2024-03-14 11:46:26,1,True,9389530410,345248715,0,0,0,0,0,127,28
37892fb82d487be9ea7eb7ab89d2b7388922cc441f23a42448666d6395d2307c,"Bao cao su dùng tốt, mỏng và dai. Trong 3 loại của hãng thì mình thích loại Cooling này nhất, cho cảm giác mát mát Kích thước của Bcs vừa với đại đa số size Việt Nam, vòng đeo mỏng không bị cảm giác cộm khó chịu khi đeo Đặc biệt phần đầu bao được làm theo hình nón ôm cậu nhỏ rất hợp lý, mình không thích kiểu có 1 nốt như giọt nước trên hãng khác Giá cả rất hợp lý, mình mua hộp 10 bao giá 50k, các bạn tham khảo giá để mua xem đắt rẻ nhé",5,2023-10-17 16:56:32,1,True,9389530410,345248715,0,0,0,0,0,439,101
c8d269b4f5c99cbffb2bbb63ad73e77ac13af593058b53853b18f55d45215461,Ủng hộ sjop này vẫn là lần thứ 4 rồi xài ok k bị đau cho bạn tìn k gây khô quá shop tư vấn nhiệt tìn nay có thêm cat giấy thơm nữa giao hàng rất nhanh 10đ shop,5,2023-09-15 17:11:25,4,True,9389530410,345248715,0,0,0,0,0,159,40
fdf1e023f1ce39f24847769cea1b851403314bc51b6c22a86a46582608fb3ab7,"Sản phẩm tuyệt vời, đúng với mô tả. Giao hàng nhanh chóng, shipper thân thiện dễ mến Đóng gói cẩn thận, có thể thấy tâm huyết của người bán. Hộp không bị móp méo, vận chuyển rất tốt.",5,2026-03-03 17:11:11,0,True,9389530410,345248715,0,1,0,0,1,182,38
dc5e001d87186723088ea509177535e69107f1cf2b5644e42404a3ccbc3a0dc1,"Giao hàng nhanh, thư cảm ơn rất hài lòng. Mua sản phẩm của shop vài lần, lần nào cũng ưng, sản phẩm thì không bàn cãi. Che tên sản phẳm rất kĩ. Anh giao hàng cũng dễ thương. Lần mua hàng này đáng giá 5 sao nha.",5,2022-05-22 10:58:37,1,True,9389530410,345248715,0,0,0,0,0,210,47
81ec20d8c799ce348cca7ef8f2fdf702fa95dd9f19921e46deb6bc46da516c08,"Hàng đóng gói rất đẹp. Quả nhiên người bán đã gửi gắm rất nhiều tâm tư và tình cảm trong lúc gói hàng. Hộp không có dấu hiệu bị móp, chứng tỏ bộ phận vận chuyển đã nâng như nâng trứng, hứng như hứng hoa. Xin nghiêng mình cảm ơn vì tất cả. 😄Thời gian vận chuyển rất hợp lí. Tôi đã đặt hàng với tâm thế hào hứng chờ đợi để được trải nghiệm sản phẩm và tôi không hề bị chờ mỏi cổ. Có thể thấy bên vận chuyển không quản ngại thời tiết và đường xá xa xôi để đưa sản phẩm cho tôi trong thời gian ngắn nhất. cre: Harvey Dang",5,2023-08-12 12:49:28,2,True,9389530410,345248715,0,0,0,0,0,517,115
ec5c2f27bff0b804afc11da406cf62d2798f4a0a06b890b3e202e8acd5c04891,Độ mỏng:loai bao nay mong hơn nhieu nhug loai tôi đã từng dùng Gel bôi trơn:gel boi trơn dạng nước dễ rửa không gây kích ứng Shop đóng gói cần thận đúng sản phẩm đã đặt,5,2026-04-06 20:35:33,0,True,9389530410,345248715,0,0,0,0,0,168,36
3e8110ac3093487f1f6acc73d722bcfac0537a73139d1d96a9cbd7ab6ba84b9e,"Mua của shop 4-5 hộp rồi nhưng bây giờ mới đánh giá. Bao mỏng, nhiều gel. Shop đóng gói cẩn thận, có che tên sp rất tế nhị. Giao hàng nhanh. Sẽ tiếp tục ủng hộ",5,2022-07-27 13:02:03,1,True,9389530410,345248715,0,0,0,0,0,159,36
c0f318e33c9959fb475b56b09c761dd9ffff81e91898f2f604a2ab9f1c33f507,Giá quá ổn áp. Mỏng và nhiều gel hơn so vs hãng D thiệt nhen ❤️ sẽ típ tục mua của shop nè. Ship nhanh kín đáo 🤣,5,2024-09-17 00:51:31,1,True,9389530410,345248715,0,0,0,0,0,112,28
1dcd43221af82bd77f2a1b504e317cab3d36f21cc9bcb5dab8b6d50caecba870,"Công dụng:Bao cao su Sản phẩm xài tốt, nhiều gen bôi trơn , có mùi thơm , độ mỏng xài tốt , sẽ ủng hộ shop thêm , trải nghiệm nhiều hương khác , giao hàng đúng ngày .",5,2023-06-18 07:22:50,3,True,9389530410,345248715,0,0,0,0,0,166,39
1dcb1fafc35bb115d79ca118a1782b8df29ad3174a357863e79e7c1c1b7e54b9,"Công dụng:qh Đóng gói chắc chắn, giao hàng nhanh, shop có che tên sp đỡ ngại với shipper chưa dùng nên sẽ đánh gía lại sau",5,2022-08-30 12:50:53,1,True,9389530410,345248715,0,0,0,0,0,122,26
e1a29cd5bbbe06eef18f222a830dab7d2f8918511a133b2aaa08ac98d787d336,"Cám ơn shop đã che tên rất tâm lý nhé, đóng gói chắc chắn, hàng thật, tem mác đủ, còn được tặng thêm quà nữa.",5,2024-04-22 13:05:21,2,True,9389530410,345248715,0,0,0,0,0,109,25
d453a2454902d0aaf14fd1e8ac34f6acd62f199d0cd3aac1ee0805c7b158c8a0,"Ship nhanh, che tên kín đáo, shop tư vấn và phục vụ tuyệt vời. 5*",5,2021-11-14 13:19:37,1,True,9389530410,345248715,0,0,0,0,0,65,15
fa59c5086ae0494a44ae2777af0cc5acd0e44e9442526c395b421015a3800b78,"Công dụng:bao cao su đóng gói xinh và cẩn thận, lời nhắn dễ thương, chưa dùng hãng này bao giờ nên mua thử xem thế nào",5,2025-09-09 18:20:03,1,True,9389530410,345248715,0,0,0,0,0,118,26
1ac288925f97b2c3ba5168994cd305f184b98ee6136219bf2fb2009479b849eb,"Giáo hàng nhanh, bọc cẩn thận, sản phẩm dùng tốt, cskh chu đáo",5,2021-11-15 21:53:11,5,True,9389530410,345248715,0,0,0,0,0,62,13
d054ca467312cf3bb00ed1be4bc88cc68b58cd5c16915ca6fc5f3b66e9d7848b,"Công dụng:baảo vệ sức khoẻ Mình rất ít khi viết review mới nhận được hàng khi mở hộp thật sự shop rất tinh tế vừa thơm lại ghi có tâm , mình chưa sử dụng nhưng vẫn rất thích.",5,2022-11-26 09:38:01,1,True,9389530410,345248715,0,0,0,0,0,174,39
fef74fd32c90d01f38ce4cd3a87013a240c347aa4358b154f175b70083eccd26,"Shop giao hàng nhanh đã mua nhiều lần, chất lượng tốt, dùng rất thật Sẽ mua tiếp",5,2022-08-07 09:13:22,5,True,9389530410,345248715,0,0,0,0,0,80,17
883f103ab73fe4f3686cf19e4d2a440d72ca116e1cead40c8f2a8ec7cc7733df,Giao hàng cực nhanh. Chưa đến 2 ngày là có. Đóng gói tốt. Có giấy thơm nên mở ra dễ chịu cực. Chưa dùng nên chưa biết chất lượng,5,2022-02-18 10:43:11,2,True,9389530410,345248715,0,0,0,0,0,128,29
b98dafae3f6ab130a5874ae8a702ea88bc3a294b5be1ddac3cec410e456339ca,Váy xuông tay hến cổ V kèm dây buộc bông hoa new 2023 Dây hoa ce buộc ở cổ hay eo đều xinh lắm nha 2 màu trắng - nâu màu nào cũng iu Chất lụa Nhật mặc mát lịm lun 260k - Sz S - M,5,2023-06-09 18:37:34,1,True,9389530410,345248715,0,0,0,0,0,178,47
73a3c230a0fc215a7ce5a8ea608d4ce7c5fdd9a4cde3207f82d42a253bb2ee00,Hcm 2 ngày nhận dc. Shop che tên sp và có thư cảm ơn. Đc tặng kèm bịch gel. Đóng hộp cẩn thận. Giao đúng và đủ số lượng. Thanks shop. Để dùng thử xem thế nào,5,2025-03-26 16:23:27,2,True,9389530410,345248715,0,0,0,0,0,157,37
2538359593425cd1c7b12eb00f962ec69388992331d8841974378a57339e09e6,"Hộp không có móp méo, giao hàng cũng nhanh, đủ hàng, có thư cảm ơn viết bằng tay dễ thương . Nên mua nhe mọi người ❤️",5,2025-11-17 11:00:25,1,True,9389530410,345248715,0,0,0,0,0,117,27
bd78d7dee3dbd948a8cb8c72b88a941da7c4f5ddc152c82c7d3bbbde76cb21d0,"Sản phẩm thật sự vượt ngoài mong đợi! Chất liệu rất tốt, mềm mại và màu sắc y hệt như hình, rất đẹp và sang trọng. Đường may chắc chắn, không có chỉ thừa hay lỗi gì. Mình còn rất ấn tượng với cách đóng gói, cẩn thận và lịch sự. Giao hàng nhanh hơn dự kiến, chỉ mất 2 ngày là nhận được. Shop còn gửi kèm hướng dẫn sử dụng chi tiết và rất dễ thương. Mình chắc chắn sẽ quay lại và giới thiệu shop cho bạn bè. Cảm ơn shop rất nhiều",5,2024-11-15 00:24:05,0,True,9389530410,345248715,0,0,0,0,0,427,96
f1b24b84bde85ec6991449f56e2ef8840159867ddd65243d621dfd791d8c8c51,Công dụng:tránh thai Đã nhận được đơn hàng của shop. Giao hàng Nhanh đóng gói sản phẩm cẩn thận. Chất lượng sản phẩm phải sử dụng mới biết được. Sẽ ủng hộ shop tiếp nếu tốt,5,2025-04-02 10:54:39,2,True,9389530410,345248715,0,0,0,0,0,172,36
a19a1987ef4efdf90aa6bb9f467f7ee83b113631d3497c632b69bbd1da63340f,"Công dụng:Bao cao su giúp phòng tránh thai và các bệnh truyền nhiễm qua đường tình dục. Sản phẩm đúng như mô tả, đóng gói chắc chắn, giao hàng nhanh. Shop tự che tên sản phẩm rất tế nhị.",5,2023-10-27 10:40:53,2,True,9389530410,345248715,0,0,0,0,0,186,39
c1e60b0a82e943241568de1b25d2b50a756868dccdb88ab92e521c1687851968,"Bao mát, dùng thích lắm ah Shop chăm sóc khách hàng rất nhiệt tình, và bao rất rẻ nhưng rất chất lượng nha",5,2023-09-14 17:37:12,1,True,9389530410,345248715,0,0,0,0,0,106,23
e15ae34101239df829768e148523812e6e27d5dc8321994797f71ba976e45d76,"Shop có tâm,viết thiệp bằng tay rất tâm huyết, chữ đẹp luôn, bao dùng mỏng, ok, kéo dài thời gian tương đối, vk khen dùng ok hơn durex",5,2025-09-22 22:13:26,2,True,9389530410,345248715,0,0,0,0,0,134,28
bd3a7e35d1cfe7e929e3ce19fc888ae705a40d3e11f67dcfa5ea16cabe71ca9b,"Sản phẩm rất thơm khi mở ra , giao hàng nhanh còn chất lượng thì chưa dùng nên chưa biết , shop dễ thương mn nên mua thử",5,2022-04-22 11:37:06,1,True,9389530410,345248715,0,0,0,0,0,120,28
e93ffa4491206648a84c0a0822e177c859b1470436c1ebb17fefbbbb09c898f9,Công dụng:good giao hàng nhanh chóng đúng hàng cảm ơn shop! Sp khi giao đc che tên nên đặt rất yên tâm! Hy vọng chất lượng tốt,5,2022-11-30 18:27:09,1,True,9389530410,345248715,0,0,0,0,0,126,27
967b4f2dcce9e21c5783fdf0a4b4613807518b7bd2d61e83f4fac3e62ffba6cf,"Công dụng:ok Chất lượng ổn nhé. Chả biết comment ra sao. Shop giao hàng nhanh lắm mọi người ạ. Hàng chính hãng, date dài",5,2025-10-23 21:38:28,3,True,9389530410,345248715,0,0,0,0,0,120,24
95b306ede796036169e4c6ad60a458e6d3e77da511b87ee5d7b7f978c4b35a32,"Công dụng:tranhthai uwu Pơ Phệch luôn. Sản phẩm tốt, shop tư vấn nhiệt tình, chu đáo. che tên sản phẩm rồi xog lại dc anh ship guột ship. Dùng rồi mới quay lại đánh giá mn yên tâm mua nha",5,2024-10-14 15:23:13,1,True,9389530410,345248715,0,0,0,0,0,187,40
a2fb845289045b65570219b4ee056cf7235e531ff2ed25d8c72623017bc349ed,Giao hàng nhanh. Có tẹo giấy thơm nên mở hộp ra rất thơm. Hình ảnh chỉ mang tính chất nhận xu nên ko nhận xét nhiều về sản phẩm tại mua quá nhiều lần😂😂😂. Yên tâm về chất lượng sản phẩm.,5,2024-12-23 16:39:26,5,True,9389530410,345248715,0,0,0,1,1,185,41
2efcc9072e847f5df92a8deb3967a34ee26f7e6d3ccfd6e3f5443a79183d7b6f,"Shop nhiệt tình, rất thích cách phục vụ của shop, hàng giao nhanh, sản phẩm khá rẻ nên chất lượng kh quá xuất sắc nhưng nói chung là sài ổn, chúc shop mua may bán đắt ạ",5,2021-11-26 16:44:43,1,True,9389530410,345248715,0,0,0,0,0,168,37
1dcd43221af82bd77f2a1b504e317cab3d36f21cc9bcb5dab8b6d50caecba870,"Công dụng:Giúp không tăng dân số 1 cách không mong muốn Giao hàng đúng hẹn, tôi đã dùng loại này nhiều rồi cảm giác sử dụng tốt nha , giá cả cũng phải chăng.",5,2024-06-25 18:55:33,3,True,9389530410,345248715,0,0,0,0,0,157,34
7f21d68c1149df8320c5fb9693739a39de88d49ab521264f2e546eb901187129,"Công dụng:tranhs thai Đóng gói đầy đủ có cả thư đi kèm. Rất là dễ thương luôn, mong shop luôn giữ vững phong độ nhé",5,2024-06-29 18:23:30,3,True,9389530410,345248715,0,0,0,0,0,115,25
2e416a589e3aa39fb90214960fb4bafe7344fe45dcd33979daaacfe6b01bc8f7,"Shop gói hàng cẩn thận, che tên sản phẩm, hàng nhận nguyên vẹn, có thư ngỏ, có cả giấy thơm bên trong hộp, sản phẩm date 2026, chưa sử dụng chưa đánh giá được chất lượng, phù hợp sẽ tt sử dụng.",5,2023-10-11 19:48:03,1,True,9389530410,345248715,0,0,0,0,0,193,42
a290d8c43cd8fcb229d9788eebfdfcd6f78b3869cae3786420ae405fe5c61654,"Shop bán hàng có tâm quá, viết cả thư tay và quà tặng kèm nữa. Mình chưa sử dụng sản phẩm nhưng tặng shop 5 sao vì bán hàng có tâm. Chúc shop buôn may bán đắt nhé.",5,2024-01-02 22:52:44,1,True,9389530410,345248715,0,0,0,0,0,163,38
b47e4bf9921e72e573491db301aaee7a5557d2a2d2d18b99493cc232388b9447,"Công dụng:ho tro tot Sản phẩm tốt thế này mà tới bây giờ tôi mới phát hiện được nó thì thật là uổng quá đi mà Thật không thể tin được chất lượng của sản phẩm này quá tốt mà lại còn được giảm giá nữa chứ Mua được với giá ưu đãi thích lắm, còn mua đúng sản phẩm mình thích bấy lâu nay nữa Shop làm ăn rất chất lượng từ sản phẩm đến dịch vụ, hứa ủng hộ shop lâu dài nè Không còn lời nào để diễn ra được chất lượng của shop nữa, quá ư là đẹp và dễ thương đi mà",5,2023-09-04 20:25:12,1,True,9389530410,345248715,0,0,0,0,0,456,107
a998d8bb4e8e083fda220e4374b31e74ab836ef77e8751b1fa9869778cd97959,"Công dụng:trái thanh, kéo dài thời gian =))) Mua shop nhiều lần rồi nên không biết nói gì nữa, chất lượng luôn tốt, sẽ ủng hộ lâu dài nha",5,2025-09-12 18:04:14,1,True,9389530410,345248715,0,0,0,0,0,137,29
f3f9d56c5ce3ee138c858f9603d385e53c259a9e4ab2f74715107fe515ebb983,"- Giao hàng nhanh, bọc kín đáo riêng tư khá ok - Có thiệp cảm ơn viết tay chỉn chu, hài lòng - về sản phẩm: loại feelex hộp đỏ này tác dụng làm ấm nóng, mình dùng ko quen thấy nóng đầu ciu quá, hơi khó chịu:)))))))))))",5,2024-09-02 21:07:52,2,True,9389530410,345248715,0,0,0,0,0,218,48
a01dfc4ae98d5998eb7d2525c638b74fb84443b13473700ee3a41cfbb1c12e7b,"Dịch vụ giao hàng nhanh, hàng ko bt móp méo và đóng gói kỹ. Tài xế lịch sự, giao đúng giờ. Nhìn chung hài lòng, sẽ tiếp tục sử dụng.",5,2026-04-09 20:18:55,1,True,9389530410,345248715,0,0,0,0,0,132,30
375b230e028217fa6f032c277c8a244c2646f3e3191b5e1e709010d3418744fc,"Công dụng:biện pháp bảo vệ tốt nhất cho các bạn nam ❤️ mê cái cách shop gửi ""thư tay"" và che tên sản phẩm lần đầu tiên thấy có shop đầu tư thư tay khiến mình rất hài lòng 🙈",5,2024-07-24 09:31:01,3,True,9389530410,345248715,0,0,0,0,0,172,40
92ba9ba6d49e79d3359028f6d9e734b6a497dbc64b0c9d60ae4f7c1988deaa44,"Đóng gói đẹp, ship hàng nhanh, chất lượng chưa sử dụng nhưng chắc ổn. Tặng kèm nhiều quà có giá trị cao 😅😅 là",5,2022-02-07 09:20:46,5,True,9389530410,345248715,0,0,0,0,0,109,24
f7c8502da1e6858338e88d5645aeca509bb5ac77cc8d6216e9eb860b0a388fd6,Shop tư vấn nhiệt tình. Sản phẩm hộp rất đẹp. Còn đc tặng kèm 2 gói gel bôi trơn. Mình chuẩn bị dùng. Cảm thấy chất lượng rất ok. Mn nên mua nhé,5,2022-02-08 21:17:01,1,True,9389530410,345248715,0,0,0,0,0,144,33
633310d778542ce13d73bd08dedf3964f3d432467554c95cc6ec00ade4037640,"Hàng đẹp, giá hợp lý, sản phẩm y hình, đóng gói cẩn thận. Mình sẽ ủng hộ shop thêm nhiều lần nữa. Nên mua nha mọi người !!!!!! (Hình ảnh mang tính chất nhận xu)",5,2023-08-02 23:08:00,1,True,9389530410,345248715,0,0,0,1,1,160,35
ef3451a1ecc9ad0e9204e9cd29a9ec197b7f7450a54487afbfc2affd030f2051,"Công dụng:tt Shop đáng yêu thật sự. Mh order Shopee khá nhiều,đa số sẽ ko dành thời gian để đánh giá. Nhưng vì sự tận tình chu đáo của shop mà mh đã vào phần này. Càm ơn vì chất lượng dịch vụ bên shop nhé. Nước hoa khá thơm dễ chịu,còn lại thì tốt nhé",5,2024-07-26 13:07:49,5,True,9389530410,345248715,0,0,0,0,0,251,56
232df804748f05d60a5b373bdb773683dc6ff8bc43c22d0fe26b406c13f95788,"Sản phẩm sử dụng tốt hơn mong đợi, shop tư vấn rất nhiệt tình và có tâm, còn gói kèm tặng cả bí kíp đi kèm nữa. Rất ưng ý, sẽ ủng hộ shop dài dài",5,2021-08-27 13:01:20,5,True,9389530410,345248715,0,0,0,0,0,145,36
11b54bdbcc56b992ee24affc940108b21f47ea9ee53f30b21d9a527c2b333d82,Công dụng:ok Shop quá dễ thương. Quá cẩn thận..ko có 10 sao. K mình để 11 sao luôn ấy. Chưa biết dùng sao nhưng cung cách phục vụ này là đáng 10 sao nha.,5,2023-12-22 13:19:57,1,True,9389530410,345248715,0,0,0,0,0,153,34
aada7459bcb3872156d8b804dee270668239379cb56fa3f62478cb823ea1683a,"Công dụng:tránh thai Bao mỏng , nhiều gel bôi trơn, có gai phía đầu bao , cảm giác kích thích hơn cho nữ , nam mặc cũng êm. Nên mua",5,2023-06-30 12:48:23,1,True,9389530410,345248715,0,0,0,0,0,131,30
40b2784e52239f6a39c7e0219b4d883a371b70032c979e87fce8f7ec0c71ea0a,"Công dụng:bôi trơn Mình mua nhà feelex lần này đc 2 lần, so rất ưng giá cả hợp lý, có đc tặng kèm áo mưa nữa hihi. Và kèm thư cảm ơn Giao đúng mã và giao nhanh 10đ",5,2025-12-09 13:55:29,1,True,9389530410,345248715,0,0,0,0,0,163,39
d6f3c5375f25aceb7e372e78a43f29f87cb7b23d55e2141c38888aeec4a1d39b,"Công dụng:bảo vệ Giao hàng nhanh chóng đóng gói sản phẩm ok shipper dễ thương ủng hộ thêm... Hiệu quả chưa biết chưa sử dụng,,,,sẽ đánh giá lại sao.cho shop 5 sao trước.",5,2023-10-28 14:03:09,1,True,9389530410,345248715,0,0,0,0,0,169,33
ce89876f56c9439eaf09949e2c06ef301ef616d0d82debf3587a4d21ad7380ac,"Công dụng:Tránh thai Hàng giao nhanh,đúng mẫu mã,số lượng.chưa dùng nên chưa biết chất lượng thế nào ạ.mở hàng ra có mùi thơm.shop còn gửi thư dễ thương lắm nha.cẩn thận che tên sp nữa ạ..nên mua nha mn",5,2022-07-28 02:01:58,1,True,9389530410,345248715,0,0,0,0,0,202,39
848514d914cecf19177d83cc58ce4ba9a977c008bae0ff2d86f05965a96c617e,"Đến cái hộp cũng thấy yêu, giao che tên hẳn hoi. Ghi thiết bị điện thông minh làm mình phải nhìn lại tên vì đặt nhiều thứ cũng không nhớ ra kk. Săn sale tính ra 7k/c cũng quá rẻ",5,2023-06-09 13:08:39,1,True,9389530410,345248715,0,0,0,0,0,177,40
69af81200bedcf32cd184a96a5794dc66fab6d6e3c8b34ab4c5b3c73786ba3f3,"Công dụng:chẳng nhẽ nói ra thật Hàng dùng tốt xịn xò , mỗi bao đựng trong 1 gói xịn . Sẽ quay lại mua tiếp khi hết",5,2022-11-06 21:19:52,1,True,9389530410,345248715,0,0,0,0,0,114,27
0d36c4fad4a4059918a7442f37b4493be7f0b218fec55f77ae673ba56f5250e9,"Đã nhận được hàng, đẹp, chưa dùng thử. Dùng ổn sẽ tiếp tục mua. Shop viết thư tay, cảm thấy vui vui. Cảm ơn shop. Shop nhiệt tình quá :D",5,2023-08-13 17:39:03,1,True,9389530410,345248715,0,0,0,0,0,136,30
4d08a37fee31643df29e3061ab09784a3acab447b4d01a7b9937a50b6ac2145a,Công dụng:Ngừa thai an toàn Đã mua rất nhiều lần bên shop cảm thấy rất hài lòng về dịch vụ bên shop sẽ ủng hộ tiếp lâu dài.,5,2024-01-14 11:25:05,1,True,9389530410,345248715,0,0,0,0,0,123,28
d404be2b8a0176aeee6187214f3792ac605d1a4a4ac6782149e848be482d9cd4,Thời gian vận chuyển rất hợp lí. Tôi đã đặt hàng với tâm thế hào hứng chờ đợi để được trải nghiệm sản phẩm và tôi không hề bị chờ mỏi cổ. Có thể thấy bên vận chuyển không quản ngại thời tiết và đường xá xa xôi để đưa sản phẩm cho tôi trong thời gian ngắn nhất.,5,2021-11-30 17:50:40,1,True,9389530410,345248715,0,1,0,0,1,260,59
f4cd2ef0e42b894a83a6f06a53a9c0f87cef330a5c8fa17187caaf0c1ed66d55,"Công dụng:tránh thai Ngon, bổ, tránh thai tốt. Lần đầu mua của shop nhưng mình đã dùng loại tương tự nên khá yên tâm khi mua",5,2023-03-28 13:17:53,2,True,9389530410,345248715,0,0,0,0,0,124,26
861d1dc87c32745fcead17f0da84914ce609fcf5b05ca05772f780023d6678d1,Xài oke mùi thơm giống nước xả vải :)) nói chung sai hãng này oke nhất giá thanh hợp lí mà con có quà tặng nữa,5,2025-09-04 23:42:35,1,True,9389530410,345248715,0,0,0,0,0,110,26
bee47cd8e584cde087e33d4e95f277f1d2852c78b97e05a15d0dddaffd2a4443,"Công dụng:tuyệt zờiiii chưa dùng nhưng cảm giác sẽ okeyyyy vì brand rất đc ưa chuộng, tặng thêm 3 gói gel là thấy dthh rồi mà cái dthh hơn là quả thư tay với chính sách như zay thì không 10 thì 10,1 :3",5,2024-07-31 14:31:08,4,True,9389530410,345248715,0,0,0,0,0,201,44
213561296986b9112846ced52901eb4f091e825e50b55e03020e50b1b6dd5568,"Công dụng:Bao cao su Mua lần 2, ưng ý với sản phẩm, nhận đue hàng, có điều hàng tặng kèm chỉ có 1 loại chứ không như quảng cáo",5,2024-04-03 23:26:03,1,True,9389530410,345248715,0,0,0,0,0,126,29
ceeedf52c34a0f603362c9d88507e876290d0307e2bad601c19e5d75fce1527c,"Shop chuẩn bị hàng và giao hàng nhanh, đóng gói cẩn thận có che tên sp, có bỏ giấy thơm nữa nên mở hộp ra thơm lừng, chưa sử dụng nên chưa biết như nào",5,2022-12-25 12:14:18,1,True,9389530410,345248715,0,0,0,0,0,151,35
7e4ca04448638fbac0c974ac993bcb440daedfd6da62e59f5ea15d48bee77576,"Tôi chưa sử dụng nhưng tôi chọn 5 sao vì hành động tôn trọng khách hàng của shop. Viết chữ thủ công bằng tay và in ra thay vì đánh máy. Và có nội dung "" ...shop có thể tư vấn hay đổi cho mình sản phẩm khác phù hợp hơn ( kể cả bạn dùng sản phẩm rồi ) - tất nhiên mọi thứ đều free"". Tôi đặt niềm tin vào shop và hy vọng niềm tin đó là đúng đắn . 😛",5,2023-11-25 10:28:18,2,True,9389530410,345248715,0,0,0,0,0,345,84
eb2c4cbf754734d3ca4c03e105fccbf3a345cb6f22f1422efba5a1a60c6ef857,Độ mỏng:ok Gel bôi trơn:ok Không biết giá cả như nào nhưng mà dùng rất là ok nha mình thấy giá mua ở trên shop trên Shopee thì rẻ hơn ở ngoài khá là nhiều Ý là ở ngoài thì mình hay mua những hãng khác nhưng mà nên mua hãng này thì cũng ok nha dùng ok độ bền bền rất tốt nhiều gel,5,2026-06-14 15:41:06,3,True,9389530410,345248715,0,0,0,0,0,279,65
1aa794f4791a3a8e706755473c847072e7657cc03f028b712b380c82c84616fe,"Bao dùng ổn áp, mỏng và có gai rất thích, bao có mùi cao su nhẹ. Sẽ mua ủng hộ shop vào lần tới ạ.",5,2023-02-23 20:53:29,1,True,9389530410,345248715,0,0,0,0,0,98,25
1bd4be8fc229ea69dcaf945cfcad8065c9a9316f41a7de4f02a3fd4ac24a8de5,"Giao hàng nhanh, shop rất tinh tế khi che tên sản phẩm. Chưa dùng nhưng rất ưng cách shop tinh tế, dùng sẽ quay lại rv đánh giá sau nhé",5,2023-11-13 19:57:51,3,True,9389530410,345248715,0,0,0,0,0,135,30
bf083bc216f0d3d950c3f682f1692a9e7fab510c548ebd6bb2ffa1ebe9dbb3c6,Shop tinh tế 10 điểm Giao nhanh 10 điểm Trả lời nhiệt tình 10 điểm Giá tuyệt vời,5,2022-08-03 23:27:53,1,True,9389530410,345248715,0,0,0,0,0,80,18
90df5f53b20d536aa7a08204533a83af8e5fa186781111f08608949ebd8ee21c,"Đóng gói kĩ, cẩn thận, đủ hàng, có viết 1 lá thư, chữ đẹp, lịch sự, tinh tế. Chúc sh ngày càng mua may bán đắc .",5,2023-10-21 13:54:34,2,True,9389530410,345248715,0,0,0,0,0,112,27
9bc1cca2207214df8aa7d3fbb5bc3f57f3c1e03e003141683c5a0368205c8631,"Công dụng:giải toả sờ troét Ưng mê ly , shop còn che tên sản phẩm 10đ , ship khá nhanh ,rất chi là ưng ủng hộ shop dài dài, mãi iu😘😘 , sét này là 40 cái tổng mua mấy hôm thành 70 cái òi , mãi iu😘😘😘",5,2024-07-26 16:41:54,2,True,9389530410,345248715,0,0,0,0,0,197,48
9cf2234a3fe92881c3cd3144f992466ddda03ad988f16a6041b44238794b3de9,"Đã mua nhiều lần, shop giao nhanh sp tot. loai keo dai thoi gian thi chua biet co tac dung khong van cho 5 sao nhe",5,2023-07-11 20:44:31,1,True,9389530410,345248715,0,0,0,0,0,114,26
b5d254688f3a0b7bf8e616b22ff850b026ad09eb2e162c222879c8f866056aff,"Sản phẩm rất xinh đẹp tuyệt vời, tôi không thể trông đợi gì hơn. Cảm ơn nhà cung cấp, nhà sản xuất, cảm ơn người bán hàng, cảm ơn sàn thương mại điện tử, cảm ơn người vận chuyển để tôi có cơ hội dùng sản phẩm tốt như thế này. Hàng đóng gói rất đẹp. Quả nhiên người bán đã gửi gắm rất nhiều tâm tư và tình cảm trong lúc gói hàng. Hộp không có dấu hiệu bị móp, chứng tỏ bộ phận vận chuyển đã nâng như nâng trứng, hứng như hứng hoa. Xin nghiêng mình cảm ơn vì tất cả. Thời gian vận chuyển rất hợp lí. Tôi đã đặt hàng với tâm thế hào hứng chờ đợi để được trải nghiệm sản phẩm và tôi không hề bị chờ mỏi cổ. Có thể thấy bên vận chuyển không quản ngại thời tiết và đường xá xa xôi để đưa sản phẩm cho tôi trong thời gian ngắn nhất.",5,2025-06-24 13:17:18,0,True,9389530410,345248715,0,1,0,0,1,725,163
1fe65dd06653bcb47f5028fed19c6498c5bdc26b61796ee73561a0f51cfa72aa,"Công dụng:tránh những tế bào giao tử gồm 23 nhiễm sắc thể nam tiếp cận 23 tế bào nhiễm sắc thể nữ Giao hàng nhanh, shop che tên rất ổn, với shop có thư cảm ơn cute xỉu 🤣🤣, mỗi tội để địa chỉ cơ quan chỉ giao giờ hành chính mà chủ nhật vẫn giao, làm mình phải lao lên cty để lấy",5,2024-12-15 11:01:04,1,True,9389530410,345248715,0,0,0,0,0,277,64
c2f33998d9916156590b3134d802cf9835eb720e72b006998012c3f0ea0fbc05,Giao đầy đủ đồ nhanh hơn mấy ngày mở ra thấy có 2 tờ giấy thơm shop đóng gói cẩn thận có che tên nên mn yên tâm mua nha,5,2022-01-11 17:48:55,1,True,9389530410,345248715,0,0,0,0,0,119,30
4d9f0917bff1855f8f31f1b387e7d890dcb63313696c78e3a7d4e75d4e7fe59d,Công dụng:tránh thai :))) Shop rất tâm lý khi che tên sản phẩm. Còn gửi thiệp cảm ơn nữa. Chưa dùng nhưng nhận được hàng là thấy vui rồi.,5,2023-09-14 21:12:56,1,True,9389530410,345248715,0,0,0,0,0,137,29
b17292ee98b70d22f4416cd51e606e20107e3f0bb688e0b197290a31910e9176,Công dụng:kéo dài thời gian Chất lượng sản phẩm chưa sử dụng lên không đánh giá được giao hàng nhanh chóng đóng gói sản phẩm đẹp,5,2023-12-14 20:16:18,1,True,9389530410,345248715,0,0,0,0,0,128,26
7b182a7a12dfb7a861fcc8580aed21881ad8cd2a42e874d373c30c0a24829b1d,Sp tốt mở ra khá thơm nhìn là thấy chất lượng rồi còn sử dụng sao thì chưa biet níu tốt sẽ ủng hộ shops tip,5,2025-02-13 14:29:37,1,True,9389530410,345248715,0,0,0,0,0,107,26
6bd262aae773a1887865573fdd008e939ed17e50afd49e2edd561e5710f7730c,"Công dụng:bcs Chất lượng tốt, giá cả hợp lý. Mong shop có thể giảm giá để mình ủng hộ nhiều hơn nữa!!! Cam on shop",4,2023-03-12 23:26:28,1,True,9389530410,345248715,0,0,0,0,0,114,25
04f624e38120f8057383a8a8813c5d3477ecc11d0663782aea683ada293a11f7,"Giao hàng rất nhanh, shop rất tế nhị khi giấu tên sản phẩm. Tiếc là lúc đặt hết loại Anal để ""doot did"" người yêu. Sản phẩm chất lượng tốt, xài xong đem giặt phơi khô rồi dùng tiếp vài lần vẫn ko rách. Cho shop 5 sao ạ",5,2025-06-09 11:16:06,3,True,9389530410,345248715,0,0,0,0,0,218,49
d1d008a33bd78a0cedb992202e16ae119bfff948307da20ba34c27d1d19dc528,"Giao hàng nhanh đóng gói kín đáo, che tên sản phẩm. Chưa sử dụng nhưng ủng hộ shop 5 sao. Hi vọng dùng tốt để mua tiếp.",5,2025-05-08 18:12:51,1,True,9389530410,345248715,0,0,0,0,0,119,27
ef41ca2117b508daa0adc972001a7d923dc6fc280d43e83eb62bc53e8350a89b,Săn sale 00:00 15/1 đến 19/1 đã nhận được hàng. Đóng gói đẹp che tên kĩ càng. Có bỏ cả giấy thơm vào hộp. Đặc biệt được tặng thêm bí kíp 18+🥴🥴Anh em nên mua đúng chuẩn ngon bổ rẻ,5,2022-01-19 16:13:00,1,True,9389530410,345248715,0,0,0,0,0,178,40
db9803ac21944bcf57f62ada7d09d7a436f495ecf86d176f930b470f19e00f41,"Đóng gói cẩn thận, hàng giao nhanh. Hộp thiết kế đẹp. Rất đáng ủng hộ",5,2022-10-27 01:34:22,5,True,9389530410,345248715,0,0,0,0,0,69,15
d872edbc8a3f352f7d0989468425b6c954bb4557d97f40a1fb9d1ced91214e9f,"Sản phẩm Ok giao hàng nhanh shiper thân thiện xứng đáng nhận 6 sao nếu 😎Hàng đóng gói rất đẹp. Quả nhiên người bán đã gửi gắm rất nhiều tâm tư và tình cảm trong lúc gói hàng. Hộp không có dấu hiệu bị móp, chứng tỏ bộ phận vận chuyển đã nâng như nâng trứng, hứng như hứng hoa. Xin nghiêng mình cảm ơn vì tất cả.",5,2023-04-17 22:58:34,0,True,9389530410,345248715,0,1,0,0,1,310,68
a7288d6090e6e19979b2954aacfdd4009e4a8fc790e7d6017bad4e691cb3ab66,Nhận được hàng ưng quá chời . Thích cái cách shop chăm sóc khách hàng. Chưa sử dụng bao giờ nay mua thử săn đk giá hời nên cho shop 5 sao nhap,5,2024-11-09 10:11:59,2,True,9389530410,345248715,0,0,0,0,0,142,33
d1fe380af86c2eb683df80f6fd2c3c7485e28b863809419f7cf4a748989fad1c,Mua nhiều lần rồi. Shop giao hàng nhanh. Giá thành ổn. Bao bì mới in trong vỏ hộp đẹp hơn bao bì cũ. Sẽ tiếp tục ủng hộ shop,5,2025-03-15 13:07:12,1,True,9389530410,345248715,0,0,0,0,0,124,29
b4c3992dfce9b22c0f58c4719b28bc742693b1962d52c900e61415bf1ddcdf27,"Mình đặt bánh trung thu ở shop này năm nào cũng có, chất lượng luôn ổn định, đóng gói kỹ càng, giao hàng nhanh. Vỏ hộp đẹp, thích hợp biếu tặng. Nhân bánh thơm, không quá ngọt, ăn không bị ngấy. Gia đình mình rất thích, đặc biệt là bánh nhân thập cẩm và đậu xanh. Giá cả hợp lý, mua nhiều còn được ưu đãi. Shop tư vấn nhiệt tình, lần nào đặt cũng hài lòng. Năm nay đặt tiếp và vẫn ưng như mọi năm. Sẽ tiếp tục ủng hộ trong những năm tới!",5,2025-07-20 14:00:06,1,True,9389530410,345248715,0,0,0,0,0,437,96
f1dfd012a1fd52348233788d56b04d26f8fde999f7b72259729510ee7cf954d2,"Chưa dùng thử nên chưa review cảm giác được. Hàng đóng gói kĩ càng, shop che tên có tâm. Có thư cảm ơn có tin nhắn báo trước khi giao.",5,2023-01-04 22:05:05,1,True,9389530410,345248715,0,0,0,0,0,134,30
ff9606cebd727c9144d87d22b6aef5ba54887f234a0830ffebd3927888aa74c0,"Áo đẹp và chất lượng lắm bà con ơi! Mình sẽ ủng hộ shop này dài dài Mua trúng đợt shop ưu đãi giảm giá, vải chất lượng đã vậy còn được giảm giá nữa chứ, thích quá thích Mình đã mua ở rất nhiều nơi rồi, shop này có thể là điểm đến cuối cùng của mình, bán toàn đồ chất lượng",5,2023-07-03 18:27:58,1,True,9389530410,345248715,0,0,0,0,0,272,63
2f80e52550ddcf84cb27baf25a5104e792180dc6a59133d76130a4aec08d1cb4,"Đã mua nhìu lần của shop, hàng chất lượng lắm nha, đóng gói vô cùng có tâm, ưng nhất cái thư cảm ơn viết tay chữ rất chi là đẹp nha",5,2025-10-25 13:42:51,1,True,9389530410,345248715,0,0,0,0,0,131,31
e3b5ab74e7769d2d0e89cc1048a30b31806af25ca7d3a4dd0dd872f9d37a6ff7,Công dụng:cHất lượng xịn Thơm lắm Giao hàng nhanh lun Chất lượng hơn giá tiền,5,2022-07-15 13:58:52,4,True,9389530410,345248715,0,0,0,0,0,77,15
948d3a7d7f3231ecfb984c7c4ff5e7c06716c24582fd0c7e10cdbdb98bf84034,Mua thử một lần ở đây ròii anh ngừi iu bảo nhiều gel hơn với mỏng hơn(loại đóng hộp nhựa nha) sài ok giá thành cũng oee loại này chưa dùng chửa biếtt Có chê tên có giấy thơm mêeeeeeeeee,5,2023-11-12 17:37:11,2,True,9389530410,345248715,0,0,0,0,0,185,40
81dae54c189447b1cd6eeb0e3d31af430e65e74d11220094bae42f09d3f688a0,Mua nhiều lần và lần nào cũng hài lòng cả . Có che tên spham nên lỡ có ng nhận dùm ko sao nhưng trên app shiper vẫn biết là hàng gì nha . Giá tốt hàng chất lượng .,5,2025-01-16 23:56:54,2,True,9389530410,345248715,0,0,0,0,0,163,40
716cec528baa22d13e19690b283bf058843358bd2f9a7a3c85c35a6ace44e098,"Shop rất tâm lý, giao hàng cực nhanh, phục vụ tận răng, rep nhanh chóng, giải đáp thắc mắc chỉnh chu. Chất lượng sản phẩm không có gì để chê.",5,2021-11-27 16:39:19,0,True,9389530410,345248715,0,0,0,0,0,141,30
24313761b0b2b5e9c856dbb1180d3544f9dcfb5291a11c0f52e8e5e4ec5ceba1,"Công dụng:QHAT giao hàng đúng, nhanh, đóng gói cẩn thânn, shipeer thân thiện, dùng sẽ quay lại đánh giá thêm 😃",5,2024-07-27 10:05:28,2,True,9389530410,345248715,0,0,0,0,0,110,21
decdf8f1c31258738b50ce8e914788ac6a2fd111c214ab080f7f24dc9f652720,"Lần đầu mua màu đen. Đặt trưa hôm qua mà trưa sau đã nhận dc rồi. Shop gói hàng đẹp, cẩn thận. Có hướng dẫn sd rất chu đáo",5,2025-01-07 15:24:17,1,True,9389530410,345248715,0,0,0,0,0,122,29
fe195374b6ac372e31b0018c48369b0ec038860fc55e15229ed88760fcde88f4,"Bcs thì rất tốt không gì để nói, đã mua hàng của shop rất nhiều lần, hài lòng về chất lượng sản phẩm, shop phục vụ nhiệt tình, còn về tuýp ozo thì chưa dùng nên chưa biết",5,2022-07-12 18:38:09,2,True,9389530410,345248715,0,0,0,0,0,170,38
418ff59fc744781611fcc49b5ef6b246335660301409bf91aabfcad564640433,Công dụng:tranh thai Giao hàng nhanh Có thư cảm ơn viết tay quá xịn luôn Chuâ dùng nên kb như nào 😀,5,2023-02-16 09:38:09,1,True,9389530410,345248715,0,0,0,0,0,99,22
3050c7d1c84ba68f1af8822efbd9ab00d87e9065c58a08fdf14e2ce20becdcfe,Vỏ có mùi thơm sản phẩm dùng rất thích cố gắng sẽ ủng hộ shop dài dài,5,2022-03-24 19:38:29,5,True,9389530410,345248715,0,0,0,0,0,69,17
3943597bfa367335679d0070b2d0fd4c7a33b62e983807f54830303975f99b41,"Chưa sử dụng nên chưa đánh giá chất lượng,tuy nhiên shop chăm sóc rất tốt,hài lòng về dịch vụ,chất lượng tốt nữa thì quá ok",5,2022-10-22 17:18:20,1,True,9389530410,345248715,0,0,0,0,0,123,25
ca0b33ea94dd9a097a333860512889bbdcf432a37b9dbbb533d43adabf7edbb1,"Công dụng:tránh thai E Nhận hàng siêu ưng ý luôn nha.giao hàng nhanh ,shop đóng gói đẹp và chắc chắn.shop tư vấn nhiệt tình,hàng đẹp,xịn xò lắm luôn ,nên mua nha mọi người .cho shop 5 sao luôn nha.sẽ ủng hộ shop nhiều lần tiếp nha",5,2023-10-12 20:50:24,0,True,9389530410,345248715,0,0,0,0,0,230,46
d387a580a34185eb675287c6a2f44aff81ce14fbb9460488a0b91cbfeb79ffa0,"Sản phẩm bao cao su thực sự là một lựa chọn tuyệt vời cho những ai đề cao sự an toàn và trải nghiệm trong quan hệ tình dục. Với chất liệu cao su tự nhiên mềm mại, độ co giãn tốt và thiết kế siêu mỏng, sản phẩm mang lại cảm giác chân thật và thoải mái gần như không có vật cản. Ngoài ra, lớp gel bôi trơn giúp giảm ma sát, tăng khoái cảm và kéo dài thời gian quan hệ. Đặc biệt, khả năng phòng tránh thai và ngăn ngừa các bệnh lây qua đường tình dục khiến bao cao su trở thành “người bạn đồng hành” không thể thiếu trong đời sống tình dục lành mạnh. Đây là một sản phẩm thiết thực, dễ sử dụng và phù hợp với hầu hết mọi đối tượng.",5,2025-07-11 11:51:29,1,True,9389530410,345248715,0,0,0,0,0,628,140
f6bc42b90422fe470687c2fefa7edf53bb0335f0dc56181ff31b74a6eb6207a6,"Giao hàng nhanh, đóng gói cẩn thận, shop che tên hàng nên yên tâm",5,2023-04-02 14:17:01,2,True,9389530410,345248715,0,0,0,0,0,65,14
e700a8d64d47bae37384e723aef33257067c7646879553d6a2e720c70053b1cc,Rất ưng Đóng gói hàng cẩn thận Shop rất nhiệt tình chu đáo Che tên rất oke,5,2024-06-22 15:12:59,1,True,9389530410,345248715,0,0,0,0,0,74,17
765718293acb37fae26fe9208a12405d22be491b1f4da26cf65b211ea9c0cef2,"Công dụng:ok Giao hàng nhanh, đóng gói cẩn thận Mình thấy từ khâu đóng gói, che tên, lẫn thư cảm ơn đã đủ để lại ấn tượng trong khâu chăm sóc KH rồi, chưa bên nào mình thấy ok như vậy, còn chất lượng thì khỏi bàn rồi vì nhìn lượt bán là biết ❤️",5,2025-08-09 12:45:40,1,True,9389530410,345248715,0,0,0,0,0,244,55
a87ca7fab8fbefe9ac727d1f1b22401bd2e7deabcb75411c9906bae150fd6ebe,"Công dụng:tránh vi khuẩn Nhìn cái thư do chính tay shop giết thế kia thấy mình ấm lòng thật, chưa sử dụng nhưng cho 5 sao vì dịch vụ",5,2023-07-22 12:09:51,2,True,9389530410,345248715,0,0,0,0,0,132,29
75d8aadb1400f593c66d108a1bf7b7344fb71896668a0a447bdcb214dbcfb470,"😎Hàng đóng gói rất đẹp. Quả nhiên người bán đã gửi gắm rất nhiều tâm tư và tình cảm trong lúc gói hàng. Hộp không có dấu hiệu bị móp, chứng tỏ bộ phận vận chuyển đã nâng như nâng trứng, hứng như hứng hoa. Xin nghiêng mình cảm ơn vì tất cả.",5,2025-11-12 16:44:41,1,True,9389530410,345248715,0,1,0,0,1,239,53
bd14d4012251f09835f34b82beafcb0f493387ac556125cc182733e4c102dec5,"Đóng gói hàng cẩn thận, shop thân thiện. Thắc mắc của người dùng trả lời rất nhanh. Chỉ có điều phần sản phẩm đc tặng có gây nhầm một xíu. Mà cũng đúng chứ mua 1 sp đc tặng 3 sp xịn nữa thì hời quá. Sử dụng hợp sẽ tiếp tục mua.",5,2021-12-14 09:23:50,2,True,9389530410,345248715,0,0,0,0,0,227,53
137c08de4022555fb5121d3cf95212fe79844612d0e88269470648265d23ec21,"Công dụng:Tránh thai,mình chưa dùng nên chưa biết Đóng gói đẹp còn có thư viết rất đẹp từ shop nữa mình mong là sẽ như shop quảng cáo khi nào có dịp lại mua tiếp ạ😆",5,2024-12-16 18:52:59,2,True,9389530410,345248715,0,0,0,0,0,164,36
bd3d30238e79d95b6ac62d9c8419e319b7122dba24cd5a43ed11b678901af5b3,"Sản phẩm rất tốt, đúng mô tả, đóng gói cẩn thận, giao hàng nhanh, chất lượng ổn định, giá cả hợp lý. Mình rất hài lòng với đơn hàng lần này. Shop tư vấn nhiệt tình hỗ trợ chu đáo, đáng để ủng hộ lâu dài. Sẽ tiếp tục mua hàng của shop.",5,2025-11-05 00:20:21,0,True,9389530410,345248715,0,0,0,0,0,234,53
c34e39f6dfb9d92b9497b5c5c1ddd6f6a72fb914530c7e79abd70a113be32227,Mình đã mua 1 lần và lần này lần thứ 2.mình thấy dùng hộp ngang này thích hơn dùng hộp dọc bé kia.cho shop 5 sao,5,2023-08-11 20:02:37,2,True,9389530410,345248715,0,0,0,0,0,112,26
bdb575d7e922cb83831577a9a96c1bb9c6a9d9bec3cb06d78d8ac7075213c0de,"Date mới toang, đóng gói cẩn thận, ko để tên sản phẩm. Cho shop 5 sao ạ!",5,2022-03-06 17:31:07,5,True,9389530410,345248715,0,0,0,0,0,72,17
9db7fd1e255c1203a99d874883a892e0277fe5b37156c274da1fb8888459ceeb,"Độ mỏng:mong Gel bôi trơn:cung on “Đóng gói kín đáo, giao hàng nhanh. Sản phẩm chính hãng, date xa, sử dụng ổn, không có vấn đề gì. Sẽ ủng hộ shop tiếp",5,2026-04-24 13:55:27,0,True,9389530410,345248715,0,0,0,0,0,151,32
45148ad5e311e62cb679f10e7bc918f76fe62beddc01ccf7c96edd1b242b8c6b,Công dụng:kế hoạch hoá gia đình Giao hàng che tên sản phẩm rất tế nhị. Sản phẩm được đóng gói cẩn thận. Hy vọng chất lượng tốt.,5,2023-03-23 14:09:50,1,True,9389530410,345248715,0,0,0,0,0,127,27
3f8f983ad01a16ec1429d6aaf08e85c8284dfa2b2cb5028ae00053f29f18436e,"Shop tư vấn nhiệt tình, che tên sp cẩn thận, giao hàng nhanh.",5,2022-05-15 09:38:05,1,True,9389530410,345248715,0,0,0,0,0,61,13
aada7459bcb3872156d8b804dee270668239379cb56fa3f62478cb823ea1683a,"Giao hàng nhanh, shipper thân thiện, shop bán hàng chính hãng, hàng tốt vì đã mua nhiều lần ở shop, giá cả lại hợp lí",5,2025-05-24 12:24:02,3,True,9389530410,345248715,0,0,0,0,0,117,25
93e0c6689c3bac94d353417166faf0eb10853d7295b0a0bbdc3158abf924fb44,"Giao hàng nhanh, đóng gói kỹ lưỡng. Sản phẩm chất lượng cao, giá khá tốt. Sản phẩm giống như hình ảnh trên Shopee. Rất hài lòng và sẽ quay lại lần sau nha! Sản phẩm chất lượng tốt, giá không đau ví. Giao hàng nhanh, thân thiện, lễ phép. Giao hàng nhanh, sản phẩm chất lượng tốt như quảng cáo. Sẽ quay lại tiếp! Dịch vụ chăm sóc khách hàng xuất sắc, giải đáp thắc mắc cực nhanh chóng, vừa nhắn hỏi đã thấy nhân viên rep rồi.",5,2025-11-15 10:00:47,0,True,9389530410,345248715,0,0,0,0,0,423,88
96a5015e98977b03f416d35e87a2f7b02e4b020f1f4c9b517563a1869d9cd4f2,"Sản phẩm chất lượng, đóng gói cẩn thận, mình đã mua rất nhiều lần sản phẩm này và rất tốt, nên mua nha mọi người ơi",5,2025-02-15 23:22:23,1,True,9389530410,345248715,0,0,0,0,0,115,26
8a0710937c2a23a99fb6625e3c0b2acc4bf1ab258ed8d5bad68afe3a3454fff4,"Công dụng:vệ sinh, phòng ngừa Shop giao rất nhanh, đóng gói ổn, shop rất tâm lý khi che tên sp, giá tiền k quá đắt, dùng ổn sẽ tiếp tục ủng hộ shop ❤️",5,2024-09-08 22:14:32,1,True,9389530410,345248715,0,0,0,0,0,150,34
9f50781902fb32ceed705dd5bfbc9622ff45138011ed0265d4ce725d0eab8687,"Mua nhiều lần rồi lần nào Shop cũng làm cho mình rất hài lòng đầu tiên là thư viết tay , sản phẩm thì đóng gói kĩ che tên sản phẩm nói chung tuyệt vời",5,2023-02-06 20:50:27,1,True,9389530410,345248715,0,0,0,0,0,150,35
633310d778542ce13d73bd08dedf3964f3d432467554c95cc6ec00ade4037640,"Công dụng:an toàn😁 Đóng gói tốt Bcs êm, nhiều gel, thơm mùi dâu Gel nóng thiệt🥲, trơn nhiều Đáng tiền Nên thử Tks xốp🥰",5,2023-12-08 12:25:07,5,True,9389530410,345248715,0,0,0,0,0,118,24
54a870d116ea79e9607039473ab15cf5c994c666dc9355779c227a2004e9ef2e,"Công dụng:ok Sản phẩm mình dùng hơn 50 cái rồi Lưu ý cho anh em : đeo vào rồi dạo đầu tầm 10p là thấm, lúc đó tăng thời gian 30p là bình thường Loại 6 bi lớn này quá tuyệt Anh em tin mình đi, mua trãi nghiệm là dính luôn Các chị em mà dính loại 6 bi lớn chỉ biết năng nỉ",5,2025-10-22 12:40:05,3,True,9389530410,345248715,0,0,0,0,0,270,65
01f9841566f1227a4b4b7eff50799e235985be7649a424f65b3cbe75cb055bc0,"Công dụng:tot Sản phẩm dùng rất tốt , đáp ứng được yêu cầu của mình, giao hành nhanh, shipper thân thiện , hàng mẫu đẹp , mình dùng rất thích, sẽ ủng hộ shop lần sau",5,2024-08-15 10:52:34,0,True,9389530410,345248715,0,0,0,0,0,165,36
d393d76534449614d4fdc84f29a7bbe0fa636fe0c75cbe26c02db1c00a9930d3,Công dụng:ok Shop chu đáo. Viết thư tay cảm ơn. Thái độ phục vụ 10 sao. Mong shop duy trì được cung cách bán hàng như vậy. Sẽ tiếp tục ủng hộ,5,2024-02-24 09:51:56,1,True,9389530410,345248715,0,0,0,0,0,141,32
8f5f4ba9da2c6d505d4b9e0cc771e6244a843f85afd3aacaef2c330718b2ba17,"Shop tư vấn chu đáo, tận tâm có cả thư tay cảm ơn, chất lượng sản phẩm cũng tốt, nhiều gel. Sẽ quay lại ủng hộ",5,2025-12-20 23:39:16,1,True,9389530410,345248715,0,0,0,0,0,110,26
7c6a7978d77ae90075a4bcc0088014bdf570bc1941666e564bdbd750a91de06f,"“E ơi lấy c thêm lọ Vitamin C Serum 561 đi, dùng ưng lắm, da đẹp hẳn, giá rẻ mà chất lượng, lại thấm luôn ko khó chịu trên da.” Chị khách nhà em feedback quá chất lượng lun ạ 🥰 E chưa thấy 1 loại SERUM nào hiệu quả rõ rệt mà vừa tiền ntn. 10 ng trải nghiệm thì cả 10ng đều thấy rõ tác dụng và mua tiếp. ĐẢM BẢO: sau 1 thời gian Serum C Esthemax sẽ làm làn da các chế trắng sáng, luôn căng bóng và se khít lỗ chân lông cực kì hiệu quả",5,2024-12-16 13:18:10,1,True,9389530410,345248715,0,0,0,0,0,433,101
15361e67162bd0a97c3195cb7b273b39e0ae02bc63fe9f627d4b4e5dee0b553a,Công dụng:Bảo vệ Shop giao hàng siêu nhanh che tên cẩn shop nhiệt tình lắm luôn. Chưa sử dụng nhưng thấy mọi người đánh giá tốt nên mua về dùng thử nếu ok sẽ ủng hộ lâu dài,5,2022-06-23 19:07:57,1,True,9389530410,345248715,0,0,0,0,0,172,38
54140662b5c24d602241d1c0aec13bf04bba74eb26ad48d5cc20a5c5dc06e5c5,"Công dụng:chưa sử dụng mình chưa sử dụng nhưng cách shop đóng gói, che tên sản phẩm, có thư viết tay kèm giấy thơm, thơm lắm nhan, cho shop 10 điểm tinh tế, khi nào sử dụng mình quay lại đánh giá sau",5,2023-07-06 11:47:13,1,True,9389530410,345248715,0,0,0,0,0,199,43
b4b48d7e12f4b186320ce1ae0da63df9b13db8b6ff10285181fb71c98ca7f051,"Xuất sắc. Shop giao nhanh, đóng gói chắc, che tên sp tế nhị. Nói chung mình rất ưng <3",5,2023-11-29 22:37:19,4,True,9389530410,345248715,0,0,0,0,0,86,19
e6a61ebaf20ce6d018498876ca774adc497ac1102eb2115dca1c1fc95704c838,"Shop che tên có tâm, dùng ổn mỏng hơn sagami, tư vấn rất nhiệt tình, giá còn rẻ hơn nữa.",5,2023-01-10 11:51:51,1,True,9389530410,345248715,0,0,0,0,0,88,20
bd3d30238e79d95b6ac62d9c8419e319b7122dba24cd5a43ed11b678901af5b3,Công dụng:ok Giao hàng nhanh chóng đóng gói cẩn thận shipper nhiệt tình Dễ dàng sử dụng phù hợp với giá tiền chất lượng ổn,5,2025-02-20 14:25:26,0,True,9389530410,345248715,0,0,0,0,0,122,25
48c22cf274f20610e2366f9015f1f38cf4b4061c9757d966c8221b27f1614df6,"Công dụng:tRánh thai Đóng gói che tên sp,giao hàng nhanh,chưa sử dụng nên k biết có ok hay k?có thư viết tay của shop ❤️",5,2022-07-29 17:27:26,1,True,9389530410,345248715,0,0,0,0,0,120,25
84aa37e1a2a1f9a00f38900b2d162574cb0de4fd14b11e7e576a45af22a97ed9,"Giao hàng nhanh chú đáo đóng cẩn thận, Sản phẩm phải dùng mới biết đk , về trc mắt thấy mọi thứ ổn hài lòng",4,2025-02-04 10:33:18,2,True,9389530410,345248715,0,0,0,0,0,107,25
32c5f9a9ab7bf51986bc859e9a81e9d728dfc28fe758833dc457074f1e28c866,"Sản phẩm này đáp ứng tốt nhu cầu cơ bản với chất lượng ổn định. Thiết kế hiện đại, dễ sử dụng, phù hợp với nhiều đối tượng. Tuy nhiên, cần cải thiện một số chi tiết nhỏ để hoàn thiện hơn. Giá cả hợp lý, đáng cân nhắc cho những ai đang tìm kiếm sự tiện lợi.",5,2024-12-24 00:25:08,1,True,9389530410,345248715,0,0,0,0,0,256,58
136d992fe0d006e1868d891a799f5b270a2dae3b2159b47413e21c8e459a81a7,"Chất vải mềm mại co giãn đa chiều thấm hút mồ hôi tốt tạo cảm giác cực kỳ thoải mái khi tập luyện Đây là mẫu áo được thiết kế dựa trên kiểu dáng đẹp hiện đại và được xem là bộ trang phục thể thao hoàn hảo mang lại cho bạn cảm giác thoải mái và dễ chịu khi tập các bài tập thể dục từ đơn giản đến phức tạp, mang đến cho bạn sự an toàn và linh hoạt hơn trong phòng tập. Sản phẩm có nhiều màu sắc để bạn có thể dễ dàng chọn lựa. size S: dưới 47kg Size M 47kg - 53kg Size L: 54kg - 62kg Áo from ôm body nhé Bảng cân nặng cũng còn tùy thuộc vào chiều cao nữa các bạn nhé Shop đảm bảo uy tín chất lượng",5,2023-08-24 01:52:33,0,True,9389530410,345248715,0,0,0,0,0,630,140
bacb77eb77fb386703afc7aae0d61a946840c0bebc5c754d7d69ddb7c279ced6,Shop đóng gói cẩn thận. Giao hàng nhanh chóng. cho shop 5 sao.,5,2024-05-07 18:00:16,1,True,9389530410,345248715,0,0,0,0,0,62,13
64cdeb7264fb733d63683fca321ac49af38ab8cbce559e52f4cb4c79a8ce401f,Công dụng:bao cao su phòng chống bụng bự Shop tư vấn Check tin nhắn và phản hồi nhanh. Giải đáp chỉ dẫn nhiệt tình . Sp ok thì tất nhiên sẽ ủng hộ dài dài .,5,2023-10-04 07:59:47,0,True,9389530410,345248715,0,0,0,0,0,156,36
ef9cea46d385a4cc6acdae8464734b58de49b8f9e35dc17f2e493c6f485448e8,"Shop rất nhiệt tình và chu đáo ạ, có thư cảm ơn luôn á, giao đủ số lượng, có thêm giấy thơm nữa, về chất lượng thì sẽ dùng và cảm nhận sau ạ😁😁. Nếu ok sẽ mua lần nữa ạ, cảm ơn shop👍👍",5,2023-10-17 19:32:43,1,True,9389530410,345248715,0,0,0,0,0,182,44
4613c800299974d86313fedaeda7ce760ccc1a29a7a795c3111d30ae9f4052ea,Shop rất tâm lý. Đóng gói rất cẩn thận Giao hàng nhanh ngoài sản phẩm còn kèo theo tâm thư rất tâm huyết! Chưa sử dụng nên chưa thể đánh giá chất lượng.,5,2022-12-08 22:26:20,2,True,9389530410,345248715,0,0,0,0,0,152,33
e5b4131351c5dd4fbe95e1ddbef601cfcb1856b69d7bdd8178d79069c1757558,Hàng như quảng cáo shop còn gửi thư cảm ơn nữa dễ thương nè sản phẩm của thương hiệu này tốt lắm nên mua nhé mọi người,5,2025-09-20 09:25:25,1,True,9389530410,345248715,0,0,0,0,0,118,27
b7051f9a21bbc261b5eb1aa46d4b37662abddf6d90cad984500dc7700319bf70,"Đây là lần đầu tiên mình thấy có 1 shop bán đồ 18+ có tâm đến như v, 5 sao cho chất lượng và cả sự có tâm của shop Có cả thư cảm ơn và giấy thơm luôn mn ơi",5,2022-08-28 12:27:45,1,True,9389530410,345248715,0,0,0,0,0,155,41
6a8ccd07c1909d97e81705d076908e369cf4a15b3d8d8e102264571c83bffdcf,"Shop rất nhiệt tình, đóng hàng rất kĩ và cẩn thận có cả giấy thơm. Rất thích kiểu phụ vụ củ shop",5,2022-02-12 13:16:54,1,True,9389530410,345248715,0,0,0,0,0,96,22
883eef569dd054143c375d44158afb10a2fea26984659f5a9ce25637ae7051f4,Công dụng:Tránh thai và bệnh lậu Sản phẩm mới nhận chưa sử dụng nên chưa biết như thế nào. Shop timh tế giấu tên sản phẩm. Nên cho 5sao. Nếu dùng ok. Sẽ quay lại ủng hộ tiếp.,5,2023-04-12 22:38:23,3,True,9389530410,345248715,0,0,0,0,0,174,38
e700a8d64d47bae37384e723aef33257067c7646879553d6a2e720c70053b1cc,"Chất liệu/cấu tạo cho cảm giác bền bỉ, chắc chắn, đồng thời rất tiện ích trong sử dụng hàng ngày. Sản phẩm đáp ứng tốt nhu cầu cơ bản và đem lại sự hài lòng mỗi lần sử dụng. Dịch vụ hỗ trợ và giao hàng cũng diễn ra nhanh chóng, gọn gàng. Đây là một lựa chọn đáng cân nhắc nếu bạn muốn sở hữu một sản phẩm đáng tin cậy và hiệu quả trong tầm giá",5,2026-01-15 08:38:44,1,True,9389530410,345248715,0,0,0,0,0,343,78
3365eead0ba1d6bb0fb552a33dc2c00816d665b64a062b095689ba77dca24d2e,"TtwWow wow, bảng mắt siêu xinh, nhìn mê cực luôn mà giá lại còn rẻ. Đánh thử màu nhũ vàng lên mắt lấp lánh, xinh xỉu. Recommend sản phẩm vô cùng ưng nên mua mọi người nha. 5 sao cho sản phẩm, thời gian giao hàng lại còn siêu nhanh. - Dùng hơn 1 tuần mới vào Shop đánh giá. Thật sự lúc đầu mình cũng nghĩ không nghĩ kem chấm mụn lại hiệu quả đến vậy. Hiệu quả nhanh, với những nốt mụn mới nổi chỉ bôi vài lần là xẹp. Kem không bết rít, nhanh khô. Nói chung rất hài lòng và sẽ mua tiếp!",5,2026-06-25 19:04:01,0,True,9389530410,345248715,0,1,0,0,1,484,107
08005d118635c34e276b1d54ccccf3ae314080bca01a11769a1b6f4a5c0fde06,"Công dụng:bảo vệ sức khoẻ an toàn qhtd Chất lượng tốt Giao hàng nhanh Giá cả phải chăng Dễ sử dụng, an toàn cho sk",5,2025-05-23 15:44:40,1,True,9389530410,345248715,0,0,0,0,0,114,25
2efcc9072e847f5df92a8deb3967a34ee26f7e6d3ccfd6e3f5443a79183d7b6f,"Công dụng:dùng trong qhtd, phòng tránh các bệnh lây qua qhtd. Giao hàng nhanh, còn tặng thêm cả gel bôi trơn nữa^^. Chưa dùng nhưng nhìn ok ạ.",5,2024-04-11 21:54:23,1,True,9389530410,345248715,0,0,0,0,0,142,28
a44df38bb51584b65c3d3f747d74e18005b2a42fb8e7eb38cc32ae0e353b23c1,"Công dụng:Thơm và xịn Sản phẩm rất oke, đóng gói kĩ lưỡng, thơm cực, mọi người nên mua nha",5,2022-06-25 19:33:51,1,True,9389530410,345248715,0,0,0,0,0,90,19
4fd26da6071b50b5567b54b7efa6cae4f33253e0d1d6576f73ef93f13a857e62,"Có thể nói vs giá thàn và chất lượng của bạn này thì quá là xứng đáng, mình đã mua lần thứ 4, bao lỗi hiện tại mình thấy không có. Mình không có nhận tiền book hay review gì đâu nhén. Nhưng đã xài rất nhiều loại thì thấy Feelex vừa ổn về chất mà còn về lượng nữa.",5,2025-04-28 12:31:16,0,True,9389530410,345248715,0,0,0,0,0,263,60
374b85e04c9104511d2f6353d0f50cb067d1b01f79eb715a34a16daa6d4176e9,Shop đóng gói cẩn thận giao hàng nhanh chóng che tên sản phẩm có thư gửi khách hàng nữa mình rất hài lòng 😍😍😍😍😍😍😍😍,5,2022-08-26 15:23:12,1,True,9389530410,345248715,0,0,0,0,0,114,24
112f6f10ef153e7516c62fbca826dd0427b94994ca05f2b12f07db19e3972d01,"Đóng gói cẩn thận, giao hàng nhanh, shop tư vẫn nhiệt tình và rất tâm lý che tên sản phẩm cẩn thận. Tặng shop 5 sao ạ",5,2022-03-03 07:38:11,0,True,9389530410,345248715,0,0,0,0,0,117,27
7c51d31789ee4210cdfafa804b25c1813a46d57b6a9125584747619e63717d33,"Công dụng:bao ve suc khoe Đã nhận dc hàng nha shop, giao nhanh, mua lần 2 nên yên tâm về chất lượng, bọc gói cẩn thận nhé",5,2024-11-14 20:43:56,1,True,9389530410,345248715,0,0,0,0,0,121,27
53df7705074e6fa0f52388e652bbb9c9371ad8073e4056cf9c65c1120c23715e,Cbi nhanh giao hàng nhanh. Đóng gói chắc chắn đầy đủ. Rất hài lòng. Chưa dùng nên chưa biết kkkk Có bí kíp 18+ sẽ chăm chỉ học tập😁,5,2022-01-11 07:32:30,0,True,9389530410,345248715,0,0,0,0,0,131,29
8072e863e1d064620c54899fc2d4e3b4935deaab682c63e507590f472300fb44,"Shop giao hàng nhanh chóng, săn sale giá rẻ cực, hãng này sản xuất bcs giá hạt dẻ mà xịn rồi, sẽ còn ủng hộ thêm",5,2025-04-01 13:51:36,1,True,9389530410,345248715,0,0,0,0,0,112,26
32c5f9a9ab7bf51986bc859e9a81e9d728dfc28fe758833dc457074f1e28c866,"5 sao! Sản phẩm thực sự ấn tượng với chất lượng vượt trội. Vỏ bao siêu mỏng mang lại cảm giác tự nhiên, thoải mái khi sử dụng, đồng thời hiệu quả kéo dài thời gian rất đáng khen ngợi. Thiết kế Ultra Dots 10c và hiệu suất -10c cho trải nghiệm mượt mà, an toàn. Rất hài lòng với sản phẩm này, chắc chắn sẽ tiếp tục sử dụng và giới thiệu cho bạn bè. Cảm ơn nhà sản xuất vì chất lượng tuyệt vời!",5,2025-07-23 00:30:47,0,True,9389530410,345248715,0,0,0,0,0,391,86
532167f2dab38cca6961876329651a2dc701813f1984ce763dde7e507de760e0,"Shop có tâm trong việc lấy lòng khách hàng Giao hàng che tên sản phẩm và củng như có thư cảm ơn cùng với sự hài lòng khi sử dụng hay không shop sẳn sàng đổi trả. Nếu như đúng như thư cảm ơn của shop thật thì shop quá tuyệt vời về mặt chăm sóc khách hàng. Chất lượng chưa sử dụng nên chưa biết được, nhưng nhất định sẽ ủng hộ shop dài lâu! Đánh giá 5 sao!",5,2023-03-20 14:04:50,2,True,9389530410,345248715,0,0,0,0,0,354,80
ddf367f487a4d3151e15b3e49c223371f21380b2295b146a6e536b7f67b404f5,"Công dụng:Good, perfect Chất lượng tốt, sản phẩm tuyệt vời đây là lần t2 ủng hộ shop, sẽ tiếp tục ủng hộ ở những lần sau",5,2022-12-02 12:54:49,1,True,9389530410,345248715,0,0,0,0,0,120,26
fe6844b8062ba9d0cc3ce46f3bb4d432a6d48392013a1e53ce36d4431e0b2ba5,"Đặt lại lần 2 vì chất lượng sản phẩm tốt. Dịch vụ của các bạn cũng rất dễ thương nè. Có các simple để khách có thể trải nghiệm nhiều sản phẩm mà ko cần sợ phải tốn tiền mà ko biết có phù hợp hay ko Chung quy la sẽ ủng hộ mãi, vì các bạn rất dễ thương ne",5,2024-10-19 23:14:09,2,True,9389530410,345248715,0,0,0,0,0,253,61
2e4cdf447638a97a5fbc63bde8c4f754ac6dab255ffa9ff1a951a5651df4d161,Mình chưa sd nhưng vì dòng chữ viết tay và ý nghĩa như này sẵn sàng 5 sao cho shop. Chưa kể đến đóng gói chỉnh chu. Giao hàng nhanh. Bao bì che tên sp cũng tế nhị. Chúc shop luôn luôn làm ăn tấn tới nhé.,5,2023-05-16 11:16:44,1,True,9389530410,345248715,0,0,0,0,0,203,47
c4707f3f2ab3f87a262d02189e0aacddd6cf04ada82cd87805dd9254c664c773,Công dụng:nsjsush Ultrrr shop siêu dễ thương lun á. Thứ nhất là che tên sp và t2 là cái thư siuu đáng iu này. Bao mỏng và rất nhiều gel vì vậy làm mình đỡ khô với đau nhée,5,2025-09-26 10:06:12,5,True,9389530410,345248715,0,0,0,0,0,171,39
98f162882793ce7dd8499584d75c34ffb5de850a0a1ec3804b5c3395d0a2335b,Công dụng:abcdeghjsjjjsnsnns Giao hàng nhanh. Tư vấn nhiêth tình lắm ạ. Vỏ hộp xịn xò. Shop trả lời nhanh. Dùng tốt sẽ ủng hộ shop lâu dài,5,2023-12-10 21:23:50,1,True,9389530410,345248715,0,0,0,0,0,138,27
232df804748f05d60a5b373bdb773683dc6ff8bc43c22d0fe26b406c13f95788,"Shop đáng yêu lắm, còn viết cả thư tay kèm theo đơn hàng. Ủng hộ shop 5 sao nhé . Hy vọng sp phù hợp nhu cầu",5,2023-01-04 20:55:57,1,True,9389530410,345248715,0,0,0,0,0,108,27
38b025196c36e3fa571bde34c4763d6ef710ddfb3f93207998f1ce81951d8494,Shop giao hàng nhanh . sản phẩm có che tên . kín đáo . loại này mình chưa dùng nên không biết thế nào . còn huong vani rất thơm . mình thích,5,2023-11-17 17:47:32,1,True,9389530410,345248715,0,0,0,0,0,140,33
fe9ebae960fb8cf5b9ec1e83634acddef5e4aaa85408a9cd1260516340ab1401,Chất lượng video cao quá không up cho mn xem đc. Shop tư vấn nhiệt tình sản phẩm đúng loại giao hàng nhanh nói chung shop 10đ,5,2023-03-06 17:32:32,3,True,9389530410,345248715,0,0,0,0,0,125,27
78bd353ae0855fface9c58ba63e1a91ddf663d03f1a37fa2e106346589a976e7,Đóng hàng chắc chắn có thư viết tay rất oki có dính tạo mùi thơm khi mở hộp ra ch dùng lên cũng ch bt sản phẩm thế nào,5,2023-03-01 11:46:27,3,True,9389530410,345248715,0,0,0,0,0,118,29
8b84e78093f08fe4d2a3625b4965b0bbe61a72543faaf5f329d0577150bf62d9,"Chât long san phâm tôt; shop dóng gói hâng cân thân; giao hâng dây du sô luong san phâm và nhanh chóng, dúng mãu mã; phan hôi nhanh tu vân nhiêt tinh, giá thânh san phâm phù hop; sê con ung hô shop trong thöi gian tói.",5,2023-08-13 15:40:41,0,True,9389530410,345248715,0,0,0,0,0,218,47
8a80aff7df53f25eb21ca3d92fffcab0554db370d62e7a5383d00e9b04154189,"Vỏ bò bía đa nem đậu xanh 📍 vỏ lá vô cùng mềm dẻo,dễ quấn vì thế cái nem quấn lên siêu đẹp 📍📍 nem rán lên giòn lắm luôn mà k hề bị cứng ráp ráp nhé. Nem nguội rồi mà vỏ vẫn giòn tan 📍📍📍màu sắc cực đẹp, vàng đều. Cách bảo quản: không dùng hết các bác bọc kín để tủ đá đc 6tháng Khi nào lấy ra dùng bỏ trước ra ngoài khoảng 15 phút Em bán 90 k/2 tập( mỗi tập 100 lá) Size to 2O cm",5,2025-11-12 12:55:48,1,True,9389530410,345248715,0,0,0,0,0,378,92
418ff59fc744781611fcc49b5ef6b246335660301409bf91aabfcad564640433,"Sản phẩm đúng mô tả, giao hàng nhanh, shop đóng gói cẩn thận. Sẽ ủng hộ lần sau! Chất lượng tốt, giá hợp lý. Mình rất hài lòng với đơn hàng này.",5,2025-05-21 20:32:47,0,True,9389530410,345248715,0,0,0,0,0,144,32
58839a1e3c538336b2f56e22a0c19490745b9c5eb5cdb19d6b2c259a5d68a24d,"Sản phẩm chất lượng tốt, sử dụng ổn định, đóng gói cẩn thận, giao hàng nhanh, rất hài lòng và sẽ ủng hộ tiếp. Hình ảnh chỉ mang tính chất nhận xu",5,2026-06-03 10:57:55,0,True,9389530410,345248715,0,0,0,1,1,145,32
762b55d203c2b9075a278c26ae0f707f91f3a1511a5572a6437b14fa8bd0c131,Sản phẩm chất lượng.. Shop phục vụ khách hàng rất tốt và tận tâm.. 5 sao cho shop !,5,2022-01-18 21:45:56,3,True,9389530410,345248715,0,0,0,0,0,83,19
652f77e00e04db7b3e20175955513ab4d7312d485f08acc2d75ebc34473ae2f7,"1. Mình là nữ, và mình mua cho mình để dùng với anh ny, 2. Cảm nhận: bcs nhiều bôi trơn, ko mùi, dễ chịu 3. Vn là dùng cái này chuẩn sz nha mấy anh =)) 4. Lớn hơn thì các anh cứ nhảy sang durex 5. Bcs có sz nhé :)))",5,2022-01-19 08:54:40,1,True,9389530410,345248715,0,0,0,0,0,215,53
967b4f2dcce9e21c5783fdf0a4b4613807518b7bd2d61e83f4fac3e62ffba6cf,Giao hàng 3 ngày là có nha mọi người. Giao đủ hàng trong gói hàng có giấy thơm nên mở hàng ra thì thấy thơm . Gói hàng cẩn thận còn tác dụng thì chưa biết như thế nào,5,2022-08-11 19:31:28,2,True,9389530410,345248715,0,0,0,0,0,166,39
eaa68a34437dea1a54b40bd2c167775c499bc844dff3385e47bed8f1b613caa9,"Giao hàng siêu tốc chóng mặt luôn vừa đặt cái hôm sau có ngay nhanh lẹ cho những ae cần gấp hehe, chất lượng chưa sd nên chưa biết xài rồi sẽ qlai đánh giá. Hình thức chu đáo và chuyên nghiệp. Hài lòng !",5,2024-08-25 01:46:20,1,True,9389530410,345248715,0,0,0,0,0,203,45
bdd055f6fbd5cb6a6a4d90610afc357ef42d43a87edf3f3a9cb0b3d29b4c5934,Shop che tên sp cực kỳ tinh tế. Sẽ ủng hộ shop. Giao hàng cực nhanh. Sản phẩm có tem chống hàng giả trên hộp nên khá yên tâm về chất lượng,5,2022-04-06 19:01:07,1,True,9389530410,345248715,0,0,0,0,0,138,32
285f23778b7491ee0e47d43bb8046b753e2f773bf02f33062b7c4057bd23d282,"Shop che tên sp, rất chu đáo nha Mở hàng ra thấy thơm rồi Chỉ duy nhất 1 điểm là mở hộp sp ra hơi mùi nhựa Chưa dung thử chưa biết thế nào nhưng vẫn cho shop 5*",5,2022-03-03 15:12:41,3,True,9389530410,345248715,0,0,0,0,0,160,39
90f887cca21bb856601a41b39d89619f07e1ba12b64bbe5de6a3e148e1f97cbd,"Công dụng:tt Shop chu đáo, tinh tế, hỗ trợ khách nhiệt tình. Bóc hộp đồ xong nghĩ chủ shop là con gái ý ^^ Vừa có thư cảm ơn, vừa có quà tặng (2 loại bcs khác nhau), lại có miếng giấy thơm trong hộp nữa. Còn bonus thêm quyển ""bí kíp 18+"" nữa 😂",5,2022-10-18 16:33:14,1,True,9389530410,345248715,0,0,0,0,0,243,55
a21c39fccc12d1f04795b3d4e3b8ba04921b80aee7e72b0812d9a3a2a9e929f4,Ui. Hộp bcs ấn tượng dã man luôn ạ. Nhìn nó đẹp. Chưa dùng nhưng thấy cách đóng hộp đã thấy ưng rồi ạ,5,2023-01-28 20:49:14,1,True,9389530410,345248715,0,0,0,0,0,101,24
232df804748f05d60a5b373bdb773683dc6ff8bc43c22d0fe26b406c13f95788,"Công dụng:tôt Giao hàng rất nhanh, gói hàng cẩn thận, shop tư vấn và hỗ trợ nhiệt tình. Nếu có nhu cầu sẽ quay lại thường xuyên",5,2022-09-15 10:39:35,0,True,9389530410,345248715,0,0,0,0,0,127,27
e7e04bcce50952ae4eceea92f3c61ef4e61e7ee204f63061dd4254bcbf26d7b4,Là một chú trâu đực có lớp da dày màu đen bóng trông rất lực lưỡng và hung tợn Nổi bật trên khuôn mặt con trâu là 2 cái sừng dài cong vút. Hai lỗ tai to bè như cánh quạt lâu lâu lại phe phẩy xua đuổi lũ ruồi vo ve trước mặt. Đôi mắt của con trâu đen láy tròn xoe rất dễ thương,5,2022-05-27 18:11:30,1,True,9389530410,345248715,0,0,0,0,0,276,66
d453a2454902d0aaf14fd1e8ac34f6acd62f199d0cd3aac1ee0805c7b158c8a0,Shop giao hàng nhanh. Sản phẩm đúng như mô tả. Mùi rất thơm. Ủng hộ shop 5 sao,5,2022-07-13 12:12:23,3,True,9389530410,345248715,0,0,0,0,0,78,18
102ac6381f6547e23b72b2df848b94b33aa390c0dd02282d3168fad3512a8584,Công dụng:giup bao ve khi QHTD Chuẩn bị hàng nhanh Đóng gói cẩn thận Rất nhiều gel bôi trơn,5,2024-12-07 12:11:04,4,True,9389530410,345248715,0,0,0,0,0,91,19
2d2f8aa3f9e8cbc3fce33edf7295ddb60588eea5a7ab0adee635c820aaa6ad34,"Wow wow, bảng mắt siêu xinh, nhìn mê cực luôn mà giá lại còn rẻ. Đánh thử màu nhũ vàng lên mắt lấp lánh, xinh xỉu. Recommend sản phẩm vô cùng ưng nên mua mọi người nha. 5 sao cho sản phẩm, thời gian giao hàng lại còn siêu nhanh. - Dùng hơn 1 tuần mới vào Shop đánh giá. Thật sự lúc đầu mình cũng nghĩ không nghĩ kem chấm mụn lại hiệu quả đến vậy. Hiệu quả nhanh, với những nốt mụn mới nổi chỉ bôi vài lần là xẹp. Kem không bết rít, nhanh khô. Nói chung rất hài lòng và sẽ mua tiếp!",5,2024-09-09 00:40:57,0,True,9389530410,345248715,0,1,0,0,1,481,107
7739d3a2f50d12afe5f42f252cd424e3dc4fdc89540beee28b199a2c2528c9c5,"Công dụng:bcs Mới mua của shop lần đầu nhưng rất ok nha, shop rất chu đáo ạ có thư cảm ơn nữa, ck mình cũng rất thích, chắc chắn sẽ ủng hộ dài dài nữa",5,2023-12-05 17:02:53,2,True,9389530410,345248715,0,0,0,0,0,150,35
c93c57475604a29308dd1917f59206c0863bbf5595835b64581a319d1b298e30,Sản phẩm tuyệt vời Giao hàng nhanh Đóng gói cẩn thận Sản phẩm giao đủ Đúng với hình ảnh Nên mua,5,2023-10-25 17:17:07,1,True,9389530410,345248715,0,0,0,0,0,95,21
8793ce9bc1c7fc29c00e19185b08e22adcad74f385cf49a0c7c36a9c8a061ff4,Công dụng:bao ve an toan Đẫ mua lần 2 rất mỏng nên thoải mái . Shop đóng gói cẩn thận nên mua nhé mọi người. An toàn sạch đeop,5,2024-04-26 11:34:16,1,True,9389530410,345248715,0,0,0,0,0,126,29
bc6c826b838b85f0e5eecd1b4e02733dc1db21d560a8ef82ae015f9f7acb84f3,"Shop giao hàng đầy đủ,quà tặng cũng rất đầy đủ.đã mua của shop mấy lần r lần nào cx rất hài lòng,che tên sp đầy đủ ,còn có giấy thơm bên trong",5,2021-12-09 21:31:07,1,True,9389530410,345248715,0,0,0,0,0,142,32
94e0472b3a80af84769a494537051d3e750bb6cae2f413c660be7eb2b32be16a,"Shop che tên rất tế nhị, giao đúng, đầy đủ, sp có tem chống hàng giả, chất lượng đúng như quảng cáo, rất hài lòng",5,2021-11-07 12:40:33,4,True,9389530410,345248715,0,0,0,0,0,113,25
3a128a6caa4a46f53166a86907b8cc6a6245fc593f15cccdd93c47d4a6d5db92,"Công dụng:hạn chế các bệnh lây qua đường tình dục, tránh có em bé khi chưa muốn Lần thứ N mua tại shop vẫn là oke ! Loại túi xé này ít gel hơn loại khay nhựa nhỏ",5,2022-12-14 07:38:49,1,True,9389530410,345248715,0,0,0,0,0,161,38
e8fc4b41e081e577277623dc0bb10f0e2771b3a3d6b735e01a28ff4e484b7567,"Vd chỉ mang tính chất nhận xu. Hàng giao rất nhanh, shop nhiệt tình, shipper thân thiện. Hàng giao đủ, bọc chống sốc cẩn thận",5,2022-01-10 11:49:59,1,True,9389530410,345248715,0,0,0,1,1,125,25
883f103ab73fe4f3686cf19e4d2a440d72ca116e1cead40c8f2a8ec7cc7733df,"Công dụng:tránh các bệnh khi quan hệ , tránh có thai Đã sử dụng nhiều lần , rất ưng ý , truyền nhiệt khá tốt",5,2023-02-11 11:36:52,1,True,9389530410,345248715,0,0,0,0,0,108,25
0a1e7d29538df26c95923a6f88cc30f32166be046052e03cd1d0e47e77c6d359,"Giao hàng rất nhanh, mới đặt hôm qua mà hôm nay đã có rồi, đóng gói cẩn thận còn kèm cả thư cảm ơn như này thì quá uy tín",5,2025-11-10 22:35:25,1,True,9389530410,345248715,0,0,0,0,0,121,30
8bc71ec4ac5833787e5267f9993f465e55daf09d545b628952399b568000692a,Công dụng:dai và mỏng Tôi đã nhận được hàng Hàng đùng ok mỏng đàn hồi dai Quán trọng là có tăng thời giàn lên một it Dùng ok,5,2023-02-11 18:55:24,4,True,9389530410,345248715,0,0,0,0,0,124,28
