user_id,comment_clean,timestamp,is_suspicious,word_count,char_length,avg_word_len,exclamation_ratio,newline_count,user_review_count,user_burst_1h,image_count,account_age_days,h1_content,h2_duplicate,h3_burst,h4_semantic,if_score
32c5f9a9ab7bf51986bc859e9a81e9d728dfc28fe758833dc457074f1e28c866,"Đúng với mô tả:đúng Màu sắc:xanh & đen Chất liệu:vải thoáng khí Quá tuyệt vời, chất liệu thoáng, thấm hút tốt & bay hơi cũng tốt ! Rất thoải mái khi tập thể dục cường độ cao ! Giá cũng mềm, săn sale còn có 79k/ áo thôi ! Quá xịn rồi !",2023-07-01 18:50:50,0,53,234,4.333333333333333,0.01702127659574468,5,4,1,3,0.0,0,0,0,0,0.666779521585664
2315bcb79ea83e91eb31627e4a5d56af3e5840cd3d52303f76938c515ee5912f,"Đúng với mô tả:tốt Chất lượng sản phẩm:tốt Mỏng, nhẹ, nhanh khô Co giãn, thoải mái Màu nâu bên ngoài nhạt hơn trên ảnh 1m75 67kg Đóng gói cẩn thận Giao hàng nhanh",2025-01-04 11:02:25,0,33,162,4.764705882352941,0.0,8,6,1,4,525.8647453703703,0,0,0,0,0.612557693156365
2315bcb79ea83e91eb31627e4a5d56af3e5840cd3d52303f76938c515ee5912f,"Chất lượng sản phẩm:rất tốt Áo đẹp, màu đẹp Nhẹ, thoáng, nhanh khô 1m75 66kg size M ôm đẹp, L thoải mái Đóng gói và giao hàng rất nhanh",2024-08-17 11:06:13,0,29,135,4.5,0.0,5,6,1,5,385.86738425925927,0,0,0,0,0.5176882020862024
2315bcb79ea83e91eb31627e4a5d56af3e5840cd3d52303f76938c515ee5912f,"Đúng với mô tả:tốt Chất lượng sản phẩm:tốt Mỏng, mát, thoáng, nhanh khô 1m75 66kg size S ôm sát, M L thoải mái Đóng gói cẩn thận, giao hàng rất nhanh",2024-08-02 11:59:17,0,31,149,4.65625,0.0,5,6,1,5,370.9042361111111,0,0,0,0,0.5164249239455825
dc5e001d87186723088ea509177535e69107f1cf2b5644e42404a3ccbc3a0dc1,"Chất liệu:vải lưới nhỏ, thoáng khí Màu sắc:xanh nary Đúng với mô tả:đúng là thấm hút nhanh và cũng thoáng khí mau khô Hợp với hoạt động thể thao và là chiếc áo mỏng nhẹ dành cho những người hay bị nóng",2022-05-28 10:51:12,0,42,201,4.674418604651163,0.0,4,2,1,2,0.0,0,0,0,0,0.07209840125487965
f885486772e8d3b27e8b05ff50775d22d38544f49c0be64c4f9977b11bde3823,"Chất liệu:49% polyester 51% recycle Đúng với mô tả:good Màu sắc:4 màu 310k 4 cái, 1 cái 77k, giá ok ,chất liệu vải vừa, ko mỏng quá cũg ko dày, vải này mặc thoág mát, co giản, chủ yêu mua để mặc đi ngủ, mặc ở nhà hoặc chơi thể thao, đường chỉ may đẹp ko chỉ thừa hay bụi vải, phần cổ áo có may thêm đường vải rất êm,cao m7 nặng 64kg. lúc đầu cũg hơi lăn tăn tuy nhiên rất hài lòg với SP ,cũg mua nhìu ở coolmate rồi, rất tuyệt sẽ mua tiếp",2023-10-17 12:31:51,0,98,438,4.424242424242424,0.0,4,1,1,5,0.0,0,0,0,0,0.5534431248685139
aa70200610ad49e2fb1ab45f0cedb9e1cfadec28980f8362743aef990b8a3420,"Đúng với mô tả:đúng Chất lượng sản phẩm:good for the price Áo phông chất vải mềm mại, mát và co giãn tốt. Form áo vừa vặn, đường may chắc chắn. Mặc lên rất thoải mái và đẹp, đáng mua!",2025-04-09 21:51:03,0,39,183,4.575,0.005434782608695652,3,1,1,3,0.0,0,0,0,0,0.19984999843512957
2315bcb79ea83e91eb31627e4a5d56af3e5840cd3d52303f76938c515ee5912f,"Chất lượng sản phẩm:tốt 176 66kg size L vừa, size M ôm đẹp Thoáng, nhanh khô, màu xanh Cobalt rất đẹp Đóng gói cẩn thận, giao hàng nhanh",2024-07-17 15:00:59,0,28,136,4.689655172413793,0.0,4,6,1,5,355.03041666666667,0,0,0,0,0.49456417644529743
e38634a537572c5f540ce738996a6fc52aa407f9478a692b6f4de5673513eb90,"Chất liệu:cotton lạnh Màu sắc:xanh, đen Vải lạnh. Giao hàng nhanh. chất liệu lạnh tốt, 5 sao ủng hộ cho hàng Việt..mua sale 6/6 giá tốt",2022-06-12 11:46:49,0,26,135,5.0,0.0,3,1,1,2,0.0,0,0,0,0,0.08557658330887694
d78ce02a4bc277b7906e5372f9bb8629d594b4b180a99fed7dfa9620b2a50b1d,"Chất liệu:có in trên áo Màu sắc:đen và xanh mint Đúng với mô tả:đúng Áo mỏng, nhẹ mà mát lắm mọi người. Thích hợp mặc nhà hoặc đi tập thể dục. Lần trước mua thử 1 cái thấy ổn áp nên lần này mua thêm 2 cái nữa. ^^",2022-09-12 16:05:53,0,49,212,4.24,0.0,4,2,1,2,0.0,0,0,0,0,0.11383123217670918
15dcf8ed30342f94a8c551b102aadc99efe56229eda69c3d5d76a9424f298348,"Chất lượng sản phẩm:Ok Đúng với mô tả:Đúng Áo rất vừa vặn, mỏng mát, thấm hút tốt, chuẩn bị và giao hàng nhanh, ok nhé",2024-06-05 23:24:49,0,25,118,4.538461538461538,0.0,3,2,1,1,0.0,0,0,0,0,0.04981363889399244
5d2149082c099d86d2b1b3658f47993d4c6a8003e919c3c0de9e14dc8e9dafc9,"Chất lượng sản phẩm:Siêu chất lượng Đúng với mô tả:Đúng Đồ coolmate thì không phải bàn cãi rồi Chất lượng dịch vụ cũng rất tốt Chất vải mặc rất thoải mái, mát, bền",2024-09-13 07:41:02,0,33,163,4.794117647058823,0.0,5,1,1,1,0.0,0,0,0,0,0.04326201313739665
a19a1987ef4efdf90aa6bb9f467f7ee83b113631d3497c632b69bbd1da63340f,"Shop giao hàng nhanh. Đóng gói cẩn thận. Áo mặc mát, co giãn thoải mái. Màu sắc feedback do đt chụp ko giống ngoài thực tế.",2023-10-09 09:57:29,0,26,123,4.555555555555555,0.0,0,1,1,1,0.0,0,0,0,0,0.04414959309196072
0be57253a8d6d8dcbfa32ef767a52eef284f412686a4e340435e9e6db488fc7f,"Đúng với mô tả:đúng màu và size mình đặt Chất lượng sản phẩm:tốt trong tầm giá Đóng gói hàng rất đẹp, thời gian giao hàng 3 ngày từ hn vào hcm, chất áo bận vào mát mỏng nhẹ, size bận rất thoải mái vừa người",2024-01-07 18:59:33,0,45,206,4.478260869565218,0.0,3,1,1,2,0.0,0,0,0,0,0.044024848040192854
7bac3de23c1361d7c2be362d6a58b24acbca437c5784d58b922c7f83bc551710,"Đúng với mô tả:đúng Chất lượng sản phẩm:tốt Hàng coolmate thì khỏi chê rồi Fom chuẩn, đường may mũi chỉ chính xác, vải và màu áo tốt. 5 sao.",2025-03-09 21:45:17,0,29,140,4.666666666666667,0.0,4,1,1,4,0.0,0,0,0,0,0.11215872949501016
b98c98a04a51653b854eb4f590c317bfaa9e3a853e15417b427e4f7e4cdaad71,Chất lượng sản phẩm:ổn Đúng với mô tả:đúng Mua live tưởng áo chạy nhận được sản phẩm mới biết chỉ là áo thể thao thông thường. Chạy thử vẫn thấy thoáng mát Đóng gói cẩn thận giao hàng nhanh chóng 5 sao tặng shop nhé,2025-02-19 12:39:30,0,45,215,4.673913043478261,0.0,6,2,1,4,0.0,0,0,0,0,0.25950058008666993
94306bd89dc18ca67d550e43cbd1e245b0e913f1a1ab4e1c83e612f801c3f580,"Chất vải đầm mỏng nhẹ, Shop tư vấn chọn đúng size nên mặc lên vừa vặn đẹp. Vải đũi thoáng mát, mặc vào không bị nóng. Đóng gói cẩn thận nênsẽ ủng hộ sản phẩm tiếp theo.",2024-07-27 18:11:20,0,37,168,4.421052631578948,0.0,0,1,1,0,0.0,0,0,0,0,0.0959393921938074
52d15dd985f2b7e2d5dbe092e5375c10bc52a7028b8e81fe3e498ff622e5bdb0,"Đúng với mô tả:Đúng Áo đẹp ạ! Chất vải mỏng mát, kiểu dáng đơn giản, thích hợp cho các hoạt động thể thao. Đường may chắc chắn, ngay ngắn. Lần đầu mua hàng của Coolmate và thấy rất ưng ý. Nên mua nhé mn!",2023-03-23 00:24:44,0,44,203,4.511111111111111,0.00980392156862745,2,2,1,4,0.0,0,0,0,0,0.3750216130713312
e5cb930013ef49277bd909ed0f9205dcbc09e690d5e95a228ca8f84e3057f10f,"Đúng với mô tả:100% Màu sắc:Xanh Chất liệu:Vải thể thao Coolmate đóng gói cẩn thận, tỉ mỉ, trau chuốt, giao hàng nhanh. Uy tín, chuyên nghiệp, chất lượng đảm bảo. Về áo basic, dáng áo dài vì là áo thể thao, chất áo thuộc loại ko dão, không nhăn, có thể sử dụng lâu dài, thoáng mát, nhanh khô.",2023-04-24 20:08:47,0,59,292,4.866666666666666,0.0,5,3,1,2,21.345613425925926,0,0,0,0,0.2943773203081643
34d48867cbf994ae712d7b8254e9ce875abb439a00cd7e5e5c5eaf3c1447ca42,"Màu sắc:đúng như hình chụp Chất liệu:ok 👍, đúng kì vọng Lần thứ 2 nhận hàng từ thương hiệu Coolmate, thực sự hài lòng về chất lượng, giá cả cũng như tốc độ giao hàng (đặt ngày 14.6 đến 15, 16.6 nhận lần lượt 2 đơn) và sẽ còn đặt mua nữa. Well done 👌",2023-06-16 18:42:44,0,55,249,4.446428571428571,0.0,3,1,1,4,0.0,0,0,0,0,0.18835519185040167
4d05c6881b6366e4e9aaf65c2e934302a719e35bb3b6289ba99ec733246db0aa,"Áo màu xanh cool rất đẹp. Chất vải đẹp, màu áo đơn giản mà sang. Mua bằng tk mới chỉ 116k/ 2 áo, quá hời. Bảng size chính xác",2024-07-26 15:48:26,0,29,125,4.166666666666667,0.0,0,1,1,2,0.0,0,0,0,0,0.06919320826378934
ace84cb83b4b141b669ad842f6a644922fd976ca042e7cdef020047f7e38b085,"Đúng với mô tả:đúng Màu sắc:đen xanh navy Chất liệu:thun Shop gói kỹ giao cũng nhanh , áo đẹp chất vải mát đường may kỹ , giá hợp lí , nên mua , ủng hộ lần sau , shipper vui vẻ",2023-06-26 11:02:44,0,41,176,4.190476190476191,0.0,4,2,2,4,0.0,0,0,0,0,0.47332300060638505
6bf6a0b7d466657bd63ca3a658cfd0e787e56e50c2f2a96820f53ea39860595b,"Chất liệu:coolmate recycle Màu sắc:xanh bóng đêm Đúng với mô tả:đúng với mô tả Hàng được đóng gói cẩn thận, giao khá nhanh, đúng màu sắc và số lượng, chất lượng hàng đẹp",2022-09-04 14:23:36,0,33,169,4.970588235294118,0.0,4,1,1,1,0.0,0,0,0,0,0.04758199327974957
58167945f7191a9058d59e15d82f3380653b02ccf22eb960575e1d13d6714556,"Mua áo coolmate hơn chục cái rồi , rất tuyệt vời , áo thấm hút mồ hôi tối , nhanh khô , dặc biệt là áo ít bị ám mùi mồ hôi",2022-10-28 13:06:57,0,32,122,3.696969696969697,0.0,0,2,1,2,124.06018518518519,0,0,0,0,0.27992099021383404
3d34a18358e21ddbaa5c6efe278f74f2f446f99d1673f297f368cba24f627a1a,"Đúng với mô tả:quá chuẩn luôn👍 Chất liệu:áo có lỗ thông hơi, mát mẻ, thoáng khí. 👏 Màu sắc:đúng với quảng cáo Shop gói hàng quá đẹp 🔟đ. Giao hàng cũng khá nhanh. Cảm ơn Coolmate, Shopee và a Ship. 👍😄😎😊👏",2022-09-16 15:37:00,0,41,202,4.809523809523809,0.0,6,1,1,1,0.0,0,0,0,0,0.11883980973951792
f5651c047a80cda622eef686608c9e5e34d0e6fdbab834e196788aa768d1db8d,"Chất lượng sản phẩm:đẹp Đúng với mô tả:đúng Sản phẩm đẹp, đường may cẩn thận không giống với các loại hàng TQ giá rẻ. Vải mát. Shop hỗ trợ nhiệt tình đổi hàng chuyên nghiệp.",2023-12-07 20:41:52,0,35,173,4.805555555555555,0.0,3,1,1,1,0.0,0,0,0,0,0.012489669407089812
daaf7330758d9e124c9aa42b11395a23797e42d19c347f52c25def3ca19fb493,"Chất lượng sản phẩm:tot Đúng với mô tả:dung Chất lượng quá tốt so với giá. Đã mua rất nhiều hàng của coolmate rồi. Chăm sóc kh tốt, gói hàng chỉn chu. Vừa rồi còn dc nhận quà sn của shop nữa",2024-02-18 10:51:09,0,41,190,4.523809523809524,0.0,3,1,1,3,0.0,0,0,0,0,0.07398634134820566
9340a92625c52b1f735fb7e012749fae83c463a02ea2e6653d645f077355704f,Đúng với mô tả:đúng Chất lượng sản phẩm:tốt Săn sale trên live được mã mua áo giá hời. Sản phẩm chất lượng tốt. Áo có độ co giãn. Sẽ tiếp tục ủng hộ shop trong thời gian tới. Shop đóng gói cẩn thận và tỉ mỉ. Shipper thân thiện. Ship hàng toàn quốc nhanh chóng. Cảm ơn shop nhiều . Nên mua nhé mọi người,2024-08-23 21:14:12,0,65,302,4.575757575757576,0.0,3,1,1,1,0.0,0,0,0,0,0.12295324398627581
7f39dde219f115d074c57abcad55b21db16d76406088e2c8ca1c9f93d8a9cdcf,"Chất lượng sản phẩm:Tốt Đúng với mô tả:Đúng Chất lượng sản phẩm 10/10, rất ưng ý; các chi tiết trên sản phẩm được làm cực kì nét, chuẩn chỉnh; cách đóng gói đẹp và chỉn chu. Mua hàng trên live với giá siêu hời và recommend nên mua nha 🦾",2024-03-05 15:00:38,0,50,236,4.627450980392157,0.0,3,1,1,1,0.0,0,0,0,0,0.04806144737136145
bc6c826b838b85f0e5eecd1b4e02733dc1db21d560a8ef82ae015f9f7acb84f3,"Đúng với mô tả:Đúng Màu sắc:Đúng Chất liệu:Thoáng mát Hàng của Coolmate thì yên tâm về chất lượng. Vải mỏng nhẹ, khô tháng, mau khô. Sẽ tiếp tục ủng hộ shop ❤️",2023-05-09 19:56:26,0,32,159,4.818181818181818,0.0,4,4,1,1,17.855416666666667,0,0,0,0,0.15497333208817562
fcaafd7e79c7e9e4a6d5dfab7b005a7b5d6bb62f10c5121a6de744f36744d514,"Chất lượng sản phẩm:vừa ý Đúng với mô tả:sản phẩm như quảng cáo Vải đẹp, mỏng, thoáng mát, mặc vào rất thoải mái. Đường chỉ may chắc chắn, sử dụng hài lòng sẽ tiếp tục tin tưởng và ủng hộ Coolmate.",2024-08-17 11:33:10,0,41,197,4.690476190476191,0.0,3,1,1,3,0.0,0,0,0,0,0.07669631545539118
e5cb930013ef49277bd909ed0f9205dcbc09e690d5e95a228ca8f84e3057f10f,"Chất liệu:Thể thao Màu sắc:Ghi xám Đúng với mô tả:100% Áo đẹp, mình rất thích chất áo như này, giống với đồ đá bóng vì thoáng mát, nhanh khô, không bị nhàu, dão vải. Trong các sản phẩm của shop thì mình ưng loại này nhất, giá cả hợp lý, mặc cực kỳ thoải mái, dễ chịu. Mình cao 1m69, nặng 67kg mặc áo vừa đẹp.",2023-10-09 12:55:10,0,66,308,4.597014925373134,0.0,4,3,1,2,189.04449074074074,0,0,0,0,0.28475470004276726
b4ac5bb4206038391f37e3152b87f62f15b29120540a8027e33764debf1a19a7,"Đúng với mô tả:Màu đen trơn Chất lượng sản phẩm:Cao Shop giao hàng nhanh, đóng gói cẩn thận. Sản phẩm tốt và chất lượng ạ, rất đáng mua. Mình 1m76 60kg mặc 2XL là đẹp luon",2025-02-10 11:28:40,0,36,171,4.621621621621622,0.0,3,1,1,1,0.0,0,0,0,0,0.0031857626345202137
b785493f9c840b83cd7afaa352fbb5f7825345171c6d8a66b35fa6f4391bc264,"Coolmate đóng gói không bao giờ làm mình thất vọng. Chất lượng, mặc mát, giad thành rất hợp lý. Vận chuyển rất nhanh chóng. Sẽ tiếp tục ủng hộ coolmate.",2023-11-10 10:19:29,0,30,152,4.903225806451613,0.0,0,1,1,1,0.0,0,0,0,0,0.07171023709965421
ed74b0fee5fbd8c91301c0821f34264fcd2a3372f290ffbfeb540c655b4ac708,"Chất lượng sản phẩm:tốt Đúng với mô tả:giống quảng cáo Hàng coolmate xài rất thích, vải thoáng khí, vận động thể thao thoải mái. Giá cả phù hợp.",2025-07-10 18:50:11,0,28,144,4.9655172413793105,0.0,3,1,1,1,0.0,0,0,0,0,0.037562895207582256
d78ce02a4bc277b7906e5372f9bb8629d594b4b180a99fed7dfa9620b2a50b1d,"Thấm hút:tốt Vật liệu:co giãn, thoáng mát, mau khô Độ bền:bền Giá cả phải chăng, ổn áp, mặc nhà, đi tập hay đi chơi đều ổn.",2025-12-04 10:01:56,0,26,123,4.555555555555555,0.0,4,2,1,3,1178.7472569444444,0,0,0,0,0.4688669014857336
e93ffa4491206648a84c0a0822e177c859b1470436c1ebb17fefbbbb09c898f9,"Đúng với mô tả:chất lượng tốt Chất lượng sản phẩm:phù hợp giá tiền Với combo 350k cho 2 bộ thể thao thì mình thấy hợp lý, áo với giá thành dưới 100k rất phù hợp mặc ở nhà và đi chơi đảm bảo thoáng mát, thấm hút mồ hôi nhanh. Giao hàng nhanh đúng chất lượng và hỗ trợ khách hàng tốt",2025-06-29 14:49:12,0,62,281,4.4603174603174605,0.0,3,5,1,2,322.66921296296294,0,0,0,0,0.3649166978441469
304f69138f7113461dc8daada27f60993bb91f2345b03cfb35a3aac36257452e,"Thấm hút:Kiểu vải thoáng khí thoát mồ hôi Vật liệu:Chất vải dày dặn, thoáng khí Độ bền:Có vẻ sẽ bền Hàng nhận được đẹp, chắc chắn, thiết kế thoáng khí, màu sắc sạch đẹp. Phù hợp với tập thể thao. Ship nhanh",2026-04-30 06:02:32,0,42,206,4.790697674418604,0.0,5,1,1,1,0.0,0,0,0,0,0.05519991983018532
b98c98a04a51653b854eb4f590c317bfaa9e3a853e15417b427e4f7e4cdaad71,Đúng với mô tả:đúng Chất lượng sản phẩm:ổn Sản phẩm ngon bổ rẻ Phù hộp mấy môn vận động nhẹ như yoga Đóng gói cẩn thận Bàn giao hàng nhanh chóng Chất liệu phù hợp với giá tiền Sẽ còn ủng hộ những lần sau 5 sao cho shop,2025-05-11 19:02:56,0,49,218,4.36,0.0,9,2,1,3,81.26627314814814,0,0,0,0,0.382650164348556
2315bcb79ea83e91eb31627e4a5d56af3e5840cd3d52303f76938c515ee5912f,"Thấm hút:tốt, nhanh khô Vật liệu:nhẹ, thoáng Độ bền:vài năm Màu sắc đẹp, thoáng khí, nhanh khô Shop cắt giảm khá nhiều so với trước, ko còn hộp giấy và cây thước giấy nữa, chỉ gói trong túi nhựa :D Đóng gói cẩn thận, giao hàng nhanh",2026-04-01 12:42:24,0,47,232,4.833333333333333,0.0,6,6,1,4,977.9341782407407,0,0,0,0,0.7243764950507714
d149e061571e0df96fe16ec8a370b01a6685331d209bc9025b3c9771f9b4ef58,"Quá tuyệt vời, chất liệu thoáng, thấm hút tốt & bay hơi cũng tốt ! Rất thoải mái khi tập thể dục cường độ cao ! Vải lạnh. Giao hàng nhanh. chất liệu lạnh tốt, 5 sao ủng hộ cho hàng Việt..mua sale 6/6 giá tốt Giá cũng mềm, săn sale còn có 79k/ áo thôi ! Quá xịn rồi ! Mỏng, nhẹ, nhanh khô Co giãn, thoải mái Màu nâu bên ngoài nhạt hơn trên ảnh 1m64 55 kg size M Đóng gói cẩn thận Giao hàng nhanh",2025-12-20 05:50:04,0,89,394,4.377777777777778,0.010126582278481013,8,2,1,1,0.0,0,0,0,0,0.6440021056954746
84d31692222db1c6c1d63c0b6c0adc3ffc76cff16f6436bae14577e1a8519344,"Đúng với mô tả:dung mo ta Chất lượng sản phẩm:chat luong tot Vải nhẹ, chât liệu ok, mặc rất thoáng mát, sẽ ủng hộ thương hiệu Việt tiếp",2025-09-19 10:55:56,0,28,135,4.655172413793103,0.0,3,1,1,3,0.0,0,0,0,0,0.06641294948237247
8f5f4ba9da2c6d505d4b9e0cc771e6244a843f85afd3aacaef2c330718b2ba17,"Áo thoáng khí, thấm hút mồ hôi tốt, phù hợp cho tập luyện và hoạt động ngoài trời. Chất liệu mềm mại, co giãn tốt, mặc rất thoải mái. Kiểu dáng đơn giản nhưng năng động, dễ phối đồ. Một lựa chọn đáng giá cho anh em yêu thể thao! 🚀💪",2025-03-09 19:11:03,0,51,231,4.4423076923076925,0.004310344827586207,0,1,1,1,0.0,0,0,0,0,0.14906630310346253
577933b4b8e0fb790af2788b8ae1e67f37803d9109bfcad0d2644fd8a001dacc,Đúng với mô tả:ddungs Chất lượng sản phẩm:rất tốt Đã mua lần hai . Dòng sp này rất tuyệt giá rẻ giao nhanh . Ko có j để chê❤️,2024-05-10 08:33:01,0,29,125,4.166666666666667,0.0,3,1,1,1,0.0,0,0,0,0,0.027168379503728784
c16e83ae65358a0062fdd4022f53e9827c72b820cffa08383b0a108a409ae39e,Áo thấm hút mồ hôi rất tốt khô nhanh sau khi vận động chất liệu vải nhẹ mềm mại và thoáng mát khi mặc tôi chưa thể hiện tượng rách hạt giãn sau nhiều lần giặt,2026-05-29 19:22:53,1,36,158,4.27027027027027,0.0,0,2,2,1,0.0,0,1,0,0,0.7257439781598461
6285114fcf4937b9bd36151f9ff1427523c2a162ef7d8bae56652593155d6457,"Đúng với mô tả:đúng Chất lượng sản phẩm:tốt Coolmate lúc nào giao hàng cũng siêu nhanh, chỉn chu, đóng gói gọn gàng, đẹp mắt. Săn sale giá mềm mà sản phẩm thì chất lượng, có quà nữa. Áo mỏng nhẹ, thoáng mát, mau khô, thích hợp để vận động nhiều. Màu y hình nha, đt mình quay chụp hơi xu.",2025-12-14 17:41:41,0,60,287,4.704918032786885,0.0,3,1,1,2,0.0,0,0,0,0,0.14858360217870115
5366e7ba0329f68fb2ae1a0ff3f5d39b7b48b5648a412a0cd5265941a5aa110a,"Chất lượng sản phẩm:tốt Đúng với mô tả:đúng Hàng giao nhanh, đóng gói cẩn thận. Mua trên shopee video được áp mã giảm giá nên giá rẻ mn nhé",2024-04-28 16:04:15,1,29,139,4.633333333333334,0.0,3,2,1,1,0.01568287037037037,0,1,0,0,0.4254831066056891
cb01c74eadf6ba65debc735c019b083957446514b565fa9734a7144e54f0a2a5,"Thấm hút:Áo thấm hút mồ hôi rất tốt, khô nhanh sau khi vận động Vật liệu:Chất liệu vải nhẹ, mềm mại và thoáng mát khi mặc Độ bền:Tôi mới mặc nên không đánh giá được nhưng luôn tin tưởng chất lượng của coolmate",2026-02-23 13:30:06,0,43,209,4.75,0.0,2,1,1,1,0.0,0,0,0,0,0.03941479747348819
d2fc565dab00c99cde7eeb5b8ccbe1ee23534fb31c76116bbd459ad4771e4f72,"Áo thì chất lượng miễn bàn (số tiền = chất lượng), đóng gói cẩn thận hàng còn nguyên tem và giao hàng nhanh nữa thì giá hợp lý thì dứt. 1m65 nặng 70kg thì L là fit",2025-07-12 14:50:03,0,37,163,4.2894736842105265,0.0,0,1,1,2,0.0,0,0,0,0,0.07038785090533156
9333be69f6018264b09f26d804cd8f3c1097c0449ec688325360cd6989e3c4b5,"Nhận hàng rất nhanh, quá ok luôn. Chất liệu vải nhẹ, thoáng mát, nhanh khô và thấm mồ hôi. Màu áo đẹp thoải mái phù hợp khi vận động thể thao. Tuyệt vời.",2025-09-19 17:08:58,0,33,153,4.5,0.0,0,1,1,3,0.0,0,0,0,0,0.11756983035550803
217e47345c7433d0927d809f7035764f8a1d59cac73fcb6fcdff3a1072bddec5,"Thấm hút:thấm hút tốt và rất nhanh khô Vật liệu:mềm nhẹ thoải mái Độ bền:oke nha shop giao nhanh đúng và đủ đồ. Hàng Cool Mate thì khỏi chê rồi, mãi iuuuu.",2026-04-01 13:55:56,0,32,155,4.696969696969697,0.0,4,3,2,2,1.7559837962962963,0,0,0,0,0.4309447757385435
3ece88584c02ddd9d626fa976e1a124a41429459fcbd8526397e938a351bc40d,"Đúng với mô tả:đúng Chất lượng sản phẩm:đúng ⭐⭐⭐⭐⭐ | Sự lựa chọn hoàn hảo cho vinh danh và kỷ niệm Tôi đã đặt mua kỷ niệm chương [Tên sản phẩm hoặc thương hiệu] cho sự kiện [Tên sự kiện hoặc mục đích sử dụng], và thực sự hài lòng với chất lượng sản phẩm. ✨ Thiết kế tinh tế, sang trọng Kỷ niệm chương được thiết kế rất đẹp, tinh xảo với các chi tiết sắc nét. Chất liệu [thủy tinh/acrylic/gỗ/kim loại] mang lại cảm giác sang trọng và chuyên nghiệp. Đặc biệt, phần khắc logo và nội dung rất rõ ràng, không bị nhòe hay mờ. 🏆 Chất liệu bền đẹp, chắc chắn Cầm trên tay cảm giác rất chắc chắn, không quá nặng nhưng vẫn đủ độ bền để trưng bày lâu dài. Bề mặt nhẵn mịn, không có vết trầy xước hay lỗi sản xuất.",2025-03-27 10:33:33,0,149,702,4.68,0.0,13,1,1,4,0.0,0,0,0,0,0.9426465700420423
8cfd5983039b66b1798621e2211e723b60e483980e3e69baa52e65d94c664adf,"Chất liệu:mát Màu sắc:xanh Đúng với mô tả:99% Đóng hộp rất đẹp, phù hợp làm quà tặng, chất áo mỏng mát thấm hút mồ hôi tốt, k sợ bị nhão",2023-08-20 13:16:59,0,30,136,4.387096774193548,0.0,4,2,1,2,0.0,0,0,0,0,0.06442959972464574
e93ffa4491206648a84c0a0822e177c859b1470436c1ebb17fefbbbb09c898f9,"Thấm hút:áo thấm hút tốt Vật liệu:chất liệu vải nhẹ Độ bền:để dùng rồi mới đánh giá dc Áo màu sắc bắt mắt, cầm rất nhẹ tay, để mặc rồi mới bt dc, sẽ đánh giá cho lần mua sau.",2026-04-01 19:51:40,0,40,174,4.2439024390243905,0.0,4,5,1,2,598.8792592592592,0,0,0,0,0.3744889281618902
1187296557fd40f1abbf555b3214592f6b71286f31d4b6354feadba2495e8476,"Đúng với mô tả:Đúng Chất lượng sản phẩm:Xuất sắc Chất vải mềm và có nhiều lỗ thoáng nên mặc vào rất thoải mái. Độ mỏng vừa phải, độ co dãn tốt. Trong phân khúc giá rẻ thì chắc nó tốt nhất rồi. Mình đã mua mấy chiếc để thay đổi trong mua hè này, 10 sao cho shop luôn.",2025-07-31 18:46:58,0,59,266,4.433333333333334,0.0,3,3,1,1,427.93700231481483,0,0,0,0,0.25120252725526043
48af7c065ef116777f594b87e7e5309bbf6719f79b71926cef18068c97a7c13b,"Thấm hút:vừa phải, phơi nhanh khô Vật liệu:mềm nhẹ Độ bền:đã mua 1lần rồi, nên thấy bền nha Size L dài áo 69cm, ngang ngực 54cm mọi người tham khảo nha. Shop giao hàng nhanh gói hàng cũng cẩn thận.",2026-03-05 14:54:09,0,40,197,4.804878048780488,0.0,5,2,1,1,0.0,0,0,0,0,0.09039010774431298
30e65668ab662ab78ef2cb41f2e0a3b08d3f79515c9b846848f31be1796c2eb0,Đúng với mô tả:đúng mô tả Chất lượng sản phẩm:ok Áo mỏng nhẹ dùng cho chơi thể thao. Nào mặc chơi thể thao rồi đánh giá lại. Chất liệu chắc sẽ nong hơn các loại chuyên dụng khác.,2024-02-27 21:19:25,0,38,178,4.564102564102564,0.0,3,2,1,1,360.2752777777778,0,0,0,0,0.11520582953542571
3e8110ac3093487f1f6acc73d722bcfac0537a73139d1d96a9cbd7ab6ba84b9e,Chất lượng sản phẩm:ok Đúng với mô tả:ok Giao hàng nhanh nè. Chất liệu thoáng mát. Săn sale đc giá hời nên mua mặc tập thể dục nhẹ lắm,2025-02-28 06:49:58,0,29,134,4.466666666666667,0.0,3,3,1,2,180.5854050925926,0,0,0,0,0.15123293028486853
a817193ce6689224be8821655b13c3b42d432c568a8794882d88c15d2d799222,"Chất lượng sản phẩm:Tuyệt vời Đúng với mô tả:Đúng Áo đẹp, chất vải mặc thoáng mát, thoải mái Giao hàng siêu nhanh, đóng gói cẩn thận",2025-05-12 20:42:36,0,26,132,4.888888888888889,0.0,4,1,1,1,0.0,0,0,0,0,0.018939740796544546
b71b25863ce41c5962c55fa72bf11b3adee0a58cd444b820936dc4cdaf1bf929,Chất liệu:caj Đúng với mô tả:yes Màu sắc:đen Giao hàng nhanh Sản phẩm như mô tả rất thoáng Đóng gói đẹp Chưa bh thất vọng về coolmate,2023-04-28 10:25:34,0,27,133,4.75,0.0,7,1,1,2,0.0,0,0,0,0,0.2026596278872829
217e47345c7433d0927d809f7035764f8a1d59cac73fcb6fcdff3a1072bddec5,"Thấm hút:thấm mồ hôi tốt và rất mau khô nha Vật liệu:vải mềm nhẹ, ko xù lông Độ bền:xịn luôn shop giao nhanh đúng và đủ hàng, vải bền màu đẹp. Mãi iuuuu Cool Mate.",2026-03-30 19:47:19,0,35,163,4.527777777777778,0.0,4,3,1,1,0.0,0,0,0,0,0.08177306138273621
517333ac250c47e0ec0c304e787bed0e96a1559929dd6cdab552994938557be9,"Thấm hút:oke tham hut tot Vật liệu:vải mềm nhẹ Độ bền:khá ok Áo mặc vải mềm mát mặc nhẹ thấm hút mồ hôi ok lắm ạ, săn sale được giá rẻ nữa chứ form dáng cũng vừa người ưng ý ghê, đúng kiểu form vừa phải giống mình thích. Mua bên này khá nhìu sp rùi sẽ ủng hộ tiep. Mà có vấn đề gì shop hỗ trợ rất nhanh và nhiệt tình nữa ạ. Cảm ơn shop nhìu lắm 🥰",2026-04-29 05:30:27,0,81,346,4.219512195121951,0.0,4,1,1,1,0.0,0,0,0,0,0.231703363174037
8c69ee48aacdf51f478fb90bf553be94ecad316bd29a91dd76e6b7becbb13006,"Thấm hút:nhanh kho khi van dong Vật liệu:mem , thoang mat,dep Giao hàng nhanh, đóng gói cẩn thận, vải áo mềm , thoáng mát , 5* ủng hộ shop nha",2026-05-10 16:58:44,0,30,142,4.580645161290323,0.0,3,1,1,2,0.0,0,0,0,0,0.02493549865887855
5e76377de564142beaf4f9d01f0861422cf6f210ac9ca109e27d13c7c5588edd,"Áo thun rất đẹp, đường may và chất liệu rất tốt!!! mặc￼ lên rất thoải mái!!! shop giao hàng rất nhanh mới đặt hôm qua hôm nay đã có rồi!!! cảm ơn shop nhiều nhé!!! bé giao hàng dễ thương xinh gái nhiệt tình!!!￼",2026-04-23 20:18:06,0,44,210,4.666666666666667,0.07109004739336493,0,1,1,1,0.0,0,0,0,0,0.5917137825466815
fc377d6f5efcf620066c1567cc35bee5f99c6261dac1b15323fcfb1a5586b938,"Đóng gói đầy đủ sản phẩm, cẩn thận , ngăn lắp , giao hàng nhanh chóng, giá thành quá ổn ,.mua dc giá tốt, sẽ ủng hộ tiếp",2026-04-06 19:12:40,0,28,120,4.137931034482759,0.0,0,2,1,1,4.311898148148148,0,0,0,0,0.12196423529205
1a7eb995e506b43fc58102a5d7b4b94b616508efc4bea9fa373a6d3c37c40cad,"Thấm hút:tốt Vật liệu:nhe Độ bền:beenf Đag bế con nên chỉ chụp đc có thế. Ship siêu nhanh, về rruowcs tết nhưng thiếu 1 áo đen tận miền nam ra",2026-02-15 11:21:57,0,30,142,4.580645161290323,0.0,4,2,1,5,0.0,0,0,0,0,0.26204823119067494
anonymous_user,Đúng với mô tả:sản phẩm đúng với mô tả Chất liệu:vải thoáng mát Màu sắc:màu đen Sản phẩm hợp túi tiền Chất lượng sản phẩm ok,2023-10-01 10:41:08,0,26,124,4.592592592592593,0.0,5,8,1,1,489.7786805555556,0,0,0,0,0.47406991286371664
418ff59fc744781611fcc49b5ef6b246335660301409bf91aabfcad564640433,"Chất lượng sản phẩm:tot Đúng với mô tả:chuan Áo đẹp Chất liệu mát, vừa vặn Người mặc rất hài lòng với chất lượng của sản phẩm Sẽ tiếp tục ủng hộ shop lần sau",2025-09-04 10:00:22,0,34,157,4.485714285714286,0.0,6,2,1,1,0.0,0,0,0,0,0.1340038611543907
8a0ff0987539bbb9e1751ba0b5cd0d2cc7b09b14e31692608ee286c7e140c7c3,"Chất lượng sản phẩm:tốt Đúng với mô tả:đúng Sản phẩm phù hợp giá tiền, giá cả phải chăng, giao hàng nhanh chóng, vải mát , chờ mặc vài hôm quay lại đánh giá sau",2025-03-21 17:06:11,0,34,160,4.571428571428571,0.0,4,1,1,1,0.0,0,0,0,0,0.004704157628886887
1187296557fd40f1abbf555b3214592f6b71286f31d4b6354feadba2495e8476,"Đúng với mô tả:Đúng mô tả Chất lượng sản phẩm:Rất tốt Chất áo kiểu lỗ kim nên rất thoáng mát, co dãn rất tốt. Thấm hút mồ hôi tốt, nhưng nhanh khô. Độ hoàn thiện tốt, áo ko có chỉ thừa. Chất lượng rất tốt trong tầm giá, mình đã mua nhiều lần cho mình và người thân.",2025-06-27 18:57:37,0,58,265,4.491525423728813,0.0,3,3,1,3,393.94439814814814,0,0,0,0,0.32975224273039333
32c5f9a9ab7bf51986bc859e9a81e9d728dfc28fe758833dc457074f1e28c866,"Chất lượng sản phẩm:tốt Đúng với mô tả:đúng quảng cáo Vải đẹp thoáng mát, mjnh mua hàng của shop nhju lần r, shop giao hàng nhanh nên mua nhé",2025-02-04 15:38:23,0,29,141,4.7,0.0,3,4,1,1,583.8663541666666,0,0,0,0,0.23533222285700225
bcc1164ca79c57d611339892c7f356048ad835e4631475ee24447634e127358b,"Thấm hút:Áo nhẹ, mặc thoải mái, nhanh khô Vật liệu:chất liệu mềm mại, thoải mái vận động Độ bền:vải may chắc chắn, bền màu Quá ưng ý cho 1 con áo đa năng, mặc nhà, đi chơi, đi tập, chạy bộ đều ok. Lên áo rất thoải mái, dáng áo chuẩn, nhanh khô, nhẹ nhàng thanh lý. Giá thì quá rẻ, chỉ bằng 1/5 so với các nhãn hàng khác mà cũng không thua kém gì.",2026-03-30 00:20:22,0,76,346,4.4935064935064934,0.0,4,1,1,1,0.0,0,0,0,0,0.18352860919535635
5079aeb6e6d2e4ba761d4b42990c7286fbd2b25a7baf6339e6528e38cd924931,"Đúng với mô tả:áo dễ thương Chất lượng sản phẩm:thun mềm Shop đóng gói cẩn thận. Mình mua cũng rất nhiều lần, lần nào shop đóng gói vừa ý. Đánh giá tốt về shop",2023-11-20 11:27:13,0,34,159,4.542857142857143,0.0,3,1,1,1,0.0,0,0,0,0,0.0030532260526707163
db01f3da3c4a74078b088afe8f2e949418e73bc6fe0d001294cb8b7944c46640,"Vật liệu:Vải thun mềm, co giãn tốt Thấm hút:Tốt Giao hàng rất nhanh, đóng gói cẩn thận. Áo màu đẹp, giá cả hợp lý. Cảm ơn Coolmate và Shopee. Tuy nhiên khâu vận chuyển cũng cần lưu ý bảo vệ hàng hóa của khách, đừng để khi khách nhận hàng phải nhìn hàng hóa của mình bị đè dẹp, nhăn nhúm, rất là không chuyên nghiệp !",2025-11-11 15:53:36,0,67,316,4.647058823529412,0.0031545741324921135,3,2,1,1,41.204375,0,0,0,0,0.25627409521349603
f17f941b4b5736b15f8e90120efdc9baf23cbd89ae672d8b7c789c25277ceffb,"Chất lượng sản phẩm:tốt Đúng với mô tả:tốt Shop giao hàng nhanh,tư vấn nhiệt tình đặt hàng chưa nhắn hỏi gì shop đã nhắn tin tư vấn liền và luôn cập nhật tình trạng hàng hoá cho khách,rất ưng cách chăm sóc khách hàng.Sản phẩm đẹp,đường may chắc chắn.Cho shop 5 ngôi sao nhé.",2025-07-03 13:54:54,0,54,274,4.9818181818181815,0.0,3,1,1,1,0.0,0,0,0,0,0.13803663776928793
b04102c77cffca2a74b0c6fb06fbe0cf8a529eb29ad97fbbba2a0a0d47e5516b,"Chất lượng sản phẩm:chuẩn màu Đúng với mô tả:chuẩn thoáng mát giá rẻ mà được con áo brand việt thì còn gì bằng, mặc nhẹ thoáng mát, chuẩn size của shop, mik m65 60kg mặc vừa in",2025-06-24 13:56:03,0,37,176,4.631578947368421,0.0,3,1,1,1,0.0,0,0,0,0,0.005502626970783867
08a466d78cd102547e94c3d271799d5f88304ce7215d1cc6ebf2935bebffa072,"Thấm hút:khô nhanh Vật liệu:mềm mại vận động thoải mái Độ bền:bền ổn định Sản phẩm đẹp, chất liệu vận động thể thao rất thoải mái, giao hàng nhanh, đóng gói sản phẩm cẩn thận",2025-12-29 09:41:26,0,35,174,4.833333333333333,0.0,4,1,1,1,0.0,0,0,0,0,0.01925551696157214
5366e7ba0329f68fb2ae1a0ff3f5d39b7b48b5648a412a0cd5265941a5aa110a,"Chất lượng sản phẩm:tốt Đúng với mô tả:đúng Hàng giao nhanh, đóng gói cẩn thận. Mua trên shopee video được áp mã giảm giá nên giá rẻ mn nhé",2024-04-28 15:41:40,1,29,139,4.633333333333334,0.0,3,2,1,1,0.0,0,1,0,0,0.4150998939320516
00c128aaab419026cf63e89fc7f2ea80f1c37ee9d4bc47c56e5f68b36cc49582,Sản phẩm y hình mặc mát vải mỏng thấy ti.shop giao hàng nhanh chóng đóng gói chắc chắn.màu xanh ve chai mà chụp lên thành blue,2025-10-26 10:20:20,0,26,126,4.666666666666667,0.0,0,1,1,1,0.0,0,0,0,0,0.04883114479913233
3af5a49eee1a8352c660fd8eeab1b7e53b254e3c552a5f8fed6419fa38c0cb67,"Đúng với mô tả:y hình Chất lượng sản phẩm:vải mát Vải nhà cool mate xịn ghê á, nên mua nha mn, nay chắc đổi qua cool mate sài luôn cho rẻ mà chất lượng thì tuyệt vời",2024-10-11 12:29:16,0,37,165,4.342105263157895,0.0,3,1,1,1,0.0,0,0,0,0,0.007689593289754586
aec0a132fccaae5b6b5e57acc9882bee01a49260dca0f5e276f10da78930f5a4,"Thấm hút:tốt Vật liệu:thoáng Độ bền:ok Giao nhanh, đóng gói cẩn thận. Chất thoáng mát, áo trơn. Kể ra có thêm chút logo họa tiết sẽ đẹp hơn",2026-04-09 19:16:32,0,28,139,4.793103448275862,0.0,4,1,1,1,0.0,0,0,0,0,0.016953563461887786
e1e0535439a82f2cc05860ff23cc999dd74dd497b7d50b7b20e91ef479d97973,"Chất lượng sản phẩm:tốt Đúng với mô tả:đúng Đã mua sản phẩm lần 2, chồng mình mặc rất hợp, giá cả phù hợp với chất lượng, sẽ ủng hộ shop lâu dài",2025-06-28 09:08:17,0,32,144,4.363636363636363,0.0,3,2,1,1,0.0,0,0,0,0,0.039499087247770896
126fe32c6c841206b5979da98221eec289167fb69403afa6078bdf26a449e76f,"Đúng với mô tả:Đúng Chất liệu:Đúng Màu sắc:Xám Sản phẩm giao hàng đúng hạn. Vải mềm mịn, đẹp. Đóng gói gọn gàng, sạch sẽ và bắt mắt. Mọi người ủng hộ shop nhé!",2023-07-02 09:59:20,0,33,159,4.676470588235294,0.00625,4,1,1,2,0.0,0,0,0,0,0.14291437829426892
dc6c5ea4ea34d9ba367f9e024f5fdaf4939af44d032f25d071efeeed93de5084,"Thấm hút:tốt Vật liệu:dai, mềm Độ bền:có vẻ sẽ bền Sản phẩm mỏng, nhẹ, màu sắc như hình ảnh quảng cáo, mặc cảm giác thoải mái.",2026-05-13 09:07:02,0,26,126,4.666666666666667,0.0,4,1,1,5,0.0,0,0,0,0,0.2429701787604014
bc6c826b838b85f0e5eecd1b4e02733dc1db21d560a8ef82ae015f9f7acb84f3,Màu sắc:Đen Đúng với mô tả:Đúng Chất liệu:Vải thoáng mát Hàng của Cool Mate thì khá an tâm và chất lượng. Ship hàng khá nhanh. Cảm ơn shop ❤️,2023-05-19 22:09:53,0,29,141,4.7,0.0,4,4,1,1,27.948090277777776,0,0,0,0,0.15474139985097898
e0d78e48a1225c00e6e5d508eb253e78ddd093025a6c4ac67153efa2e4a8cddc,"Chất lượng sản phẩm:tốt Đúng với mô tả:99 Sản phẩm đóng gói chỉnh chu và chắc chắn, chất lượng vải ổn, đường may đẹp phù hợp giá tiền",2025-05-16 18:46:58,0,28,133,4.586206896551724,0.0,3,1,1,1,0.0,0,0,0,0,0.002170153970427292
f4897f785991786799f939cd02be74e8706852f076fa17a945097d22deff22d3,"Thấm hút:ok Vật liệu:ok Độ bền:ok Áo thun màu đen size L chất liệu thoáng mát, vừa vặn Đóng gói vận chuyển nhanh chóng, hqua đặt hôm nay đã có luôn siêu nhanh. Đã mua rất nhiều đồ của coôlmate vì mặc hợp 👍",2026-04-13 13:05:25,0,44,205,4.555555555555555,0.0,5,1,1,2,0.0,0,0,0,0,0.08547193841912193
a2fb845289045b65570219b4ee056cf7235e531ff2ed25d8c72623017bc349ed,"Chất lượng sản phẩm:ổn Đúng với mô tả:đúng Áo kiểu dáng bắt mắt, độ dài phù hợp, sử dụng 1 thời gian mới biết được có bền hay không.",2024-10-12 18:47:55,0,29,132,4.4,0.0,3,1,1,0,0.0,0,0,0,0,0.04845372717781243
e0d19cc00929b9a7f496ea2efd1a258edd3c99364a26e7c00c6e7c9afcc7795a,Chất lượng sản phẩm:đẹp Đúng với mô tả:yes Áo mỏng thoáng khi Áo đen bản mới có bo thêm nửa cổ vs khác mỗi logo,2024-04-04 00:36:08,0,25,111,4.269230769230769,0.0,4,1,1,2,0.0,0,0,0,0,0.0730521996494486
ceeedf52c34a0f603362c9d88507e876290d0307e2bad601c19e5d75fce1527c,Thấm hút:tham hut tot mang di the duc the thao rat oke Vật liệu:nhe nhang thoai mai mat me giat nhanh kho Độ bền:ben mau chiếc áo thứ 1x rồi mua cho cả nhà dùng luôn sản phẩm săn sale rẻ mua nhìu dùng thích đi bộ mặt mát thoải mái sản phẩm vn chất lượng quá oke,2025-11-12 20:25:55,0,58,261,4.423728813559322,0.0,4,4,2,1,299.08825231481484,0,0,0,0,0.5735973757189847
dd009796daf35da86efdfc9776fdabbda73859537a75b12d9819d1eb335a920a,"Đúng với mô tả:ok Chất lượng sản phẩm:ổn Lần thứ 2 mua sp của shop, mà lần nào cũng mua đc đợt sale nên giá hạt dẻ cực. Áo mặc nhẹ cũng thấm mồ hôi tốt. Lần này mua mà có gần 80k 1 cái áo luôn",2024-07-31 14:09:42,0,47,192,4.0,0.0,3,1,1,2,0.0,0,0,0,0,0.08573844637409178
5824856e24d135e976bcb30cc5d45cb976093d30f92649d7d66febca47933e0c,"Màu sắc:xám nhạt Chất liệu:49% polyester 51% recycle Đúng với mô tả:đúng với mô tả Giao hàng nhanh, đóng gói cẩn thận, mặc khá vừa, người hơi gầy nên thân áo hơi rộng",2023-05-07 21:06:12,0,33,166,4.882352941176471,0.0,4,1,1,2,0.0,0,0,0,0,0.047439914501936825
642ba8395955034d70199f5957096caf8809238bffde881f51ce795e20cd3717,"Đúng với mô tả:good Chất lượng sản phẩm:form đẹp size phù hợp vừa vặn, thoáng mát Đóng gói gọn, chất lượng tốt trong tầm giá, gia công chất lượng không có chỉ thừa, form dáng đẹp",2025-07-26 20:25:19,0,36,178,4.8108108108108105,0.0,3,1,1,2,0.0,0,0,0,0,0.0455126956632967
1164da49232c06e689fae5954fdb4d2276bfe0e3c98b9ff738e4a57eec79798e,"Thấm hút:Thấm hút mồ hôi tốt Vật liệu:Vải nhẹ, thoáng mát Áo thể thao này có chất liệu thoáng khí và thấm hút tốt, giúp người mặc thoải mái khi vận động. Áo phù hợp cho các hoạt động thể thao. Hơi mỏng",2025-12-15 21:25:29,0,43,201,4.568181818181818,0.0,3,1,1,1,0.0,0,0,0,0,0.014260392387122598
53ece4f9dbc5cef080dbf961cb124036b02b186c005c86c448f85c46b2952992,"Thấm hút:Chat vai thoang mat mem min Độ bền:giat may thoai may Shop ship hàng nhanh chóng, đã mua nhiều màu loại này rồi! Mặc rất mát thích hợp chơi thể thao",2026-05-24 12:47:43,0,32,157,4.757575757575758,0.006329113924050633,3,1,1,1,0.0,0,0,0,0,0.10892056566475386
ac35f0859e7cbae66a4ecfcfda305bd330defbf62bf8f403c6d44d42acc07b02,"Áo rất đẹp và nhẹ. Phù hợp mặc đi tập, vận động thấm mồ hôi tốt, thoáng khí Mik mấy lần rồi ok lw mn nên mua",2025-03-04 17:47:44,0,27,108,3.857142857142857,0.0,1,1,1,3,0.0,0,0,0,0,0.1919510648286858
4872736cdc57f3ee70451ac6c5d2a0798cff130b8b307330dc29e6c239477976,"Áo mặc vừa vặn, thoải mái, chất liệu thoáng mát, giao hàng nhanh và đóng gói cẩn thận. Rất hài lòng với chất lượng sản phẩm",2026-04-02 22:39:10,0,26,123,4.555555555555555,0.0,0,1,1,2,0.0,0,0,0,0,0.07260240915320473
6c038c2c2cd18bf7edb0efefebc1ff0de3cfc4a00b544ecaca4d50bfab6d4ea1,"Màu sắc:đen Đúng với mô tả:đúng với mô tả Chất liệu:vải thoáng mát Sản phẩm giao hàng rất nhanh, shop đóng gói cẩn thận, chất vải mỏng và thoáng khí phù hợp với mùa hè. Thanks",2023-04-16 15:06:33,0,36,175,4.72972972972973,0.0,4,1,1,2,0.0,0,0,0,0,0.043588231484439854
13e46ab30f6071f196d1182f8f2ec29dc8b12e6edf7e3e24da5521d5a52566bf,"Đúng với mô tả:đúng Chất lượng sản phẩm:tốt Vải mỏng thoáng khí, tem cổ áo silicon đở ngứa kgi mặc. Màu sắc trung tính dễ mặc cới cái quần khác 😍",2024-12-03 09:52:26,0,31,145,4.53125,0.0,3,1,1,1,0.0,0,0,0,0,0.0008353342363188387
137fb6177823766baff6ee408df6f652989dd9f92c14d544186798759d9a4db9,"Đóng gói bao bì cẩn thận, bọc rất kỹ, sản phẩm đúng như miêu tả, sản phẩm rất đẹp và dễ thương, chất lượng sản phẩm tuyệt vời, sẽ mua thêm và ủng hộ shop lần sau. Mua sản phẩm còn được giảm giá chiết khấu. Giao hàng nhanh chóng. Cám ơn shopee.",2024-12-01 12:50:52,0,53,243,4.5,0.0,0,1,1,1,0.0,0,0,0,0,0.10427221406893411
7c93091ae88c56384ba0b77f6688eafce3fa6c60acab6dec390bdd48b9b7f531,"giao hàng nhanh sản phẩm y hình mặc mát, thoáng mua Coolmate từ lúc mới ra mắt thị trường, còn chưa lên sharktank cơ mình đã rất ưng sản phẩm từ lúc đó rồi mà giờ còn có nhiều sản phẩm chất lượng hơn nữa đáng mua lắm nhé mng",2023-05-27 12:38:12,0,50,224,4.392156862745098,0.0,5,1,1,1,0.0,0,0,0,0,0.08024766067536171
2bda429e7e99a14ce4ce2486f20fded6d12f0a06a713ed87ca82b9a563962c14,Quả áo ngon bổ rẻ nhất mùa nóng này. Áo mặc rất thoải mái nên mình mua luôn 3 cái 3 size khác nhau cho cả nhà mặc. Cái màu xanh size S này vừa y form mẹ mình (1m52-55kg).,2026-05-17 00:20:28,0,40,170,4.146341463414634,0.0,0,1,1,2,0.0,0,0,0,0,0.08451509178575863
37a902e31a3594f90b5b2dc07f2afc291aa7682ffb4946f16e516d1f4523f32e,Áo rẻ đẹp quá. Trước đó mua 4 áo như này ở chỗ khác ko đẹp bằng. Giờ mới biết shop này đẹp rẻ như vậy. Mua liên tục 3 lần liên tiếp rồi. Áo này đẹp quá. Nếu có màu khác sẽ mua thêm,2025-05-24 11:18:46,0,45,180,3.9130434782608696,0.0,0,1,1,3,0.0,0,0,0,0,0.19580569381780966
anonymous_user,"Đúng với mô tả:đúng màu (đen ) Chất lượng sản phẩm:thoáng mát , chắc chắn Shop ship nhanh trước cả thời gian dự kiến, được tẳng bình nước nữa,quần đẹp áo đẹp ủng hộ shop tiếp. Không biết trên shopee coolmate có cho khách ưu đãi tích điểm như mua trên web không nhỉ ?",2023-11-18 17:35:50,0,55,266,4.75,0.0,3,8,1,1,538.0666666666667,0,0,0,0,0.5429526982797632
dc5e001d87186723088ea509177535e69107f1cf2b5644e42404a3ccbc3a0dc1,"Thấm hút:khoo nhanh Vật liệu:vari mongr nhej Độ bền:ddax giatwj masy vafi laafn aso khoong giaxn Áo mỏng thoáng mặc mát thích hophw khí hậu nóng, săn sale giá ổn nêb mua",2026-02-11 22:34:22,0,32,169,5.121212121212121,0.0,4,2,1,1,1355.4883101851851,0,0,0,0,0.5148470540620356
fc377d6f5efcf620066c1567cc35bee5f99c6261dac1b15323fcfb1a5586b938,Đóng gói hàng rất là đẹp và nhanh ship hàng rất là nhanh chất lượng rất là ổn đợt này là khuyến mãi nhiều mua ủng hộ rất là nhiều rồi.￼,2026-04-02 11:43:32,0,31,135,4.21875,0.0,0,2,1,1,0.0,0,0,0,0,0.10993727776538088
77aaf786a37475c656b2de2f36511365b7e25cafe562287b9883b63da42f3370,"Thấm hút:tham hut mo hoi tot Vật liệu:nhe thoang khi Độ bền:mac dc 1 thang ok Áo mặc rộng rãi khá thoải mái khi vận động, chất lượng tương xứng với giá tiền. Giao hàng nhanh chóng . Nói chung đc 9.5/10 điểm. Khá đáng để mua",2026-04-02 15:33:41,0,47,223,4.645833333333333,0.0,4,1,1,2,0.0,0,0,0,0,0.0741520648585098
7ffbfbc33115827f58e9d64ce49c597d71f338fcd5816fdd614965c80ec43a85,"Shop đóng gói rất đẹp ạ. Áo và quần vải đẹp, mặc rất mát và thoải mái. Size quần và áo rất chuẩn lun ạ.",2025-05-27 20:42:07,0,25,103,3.9615384615384617,0.0,2,1,1,3,0.0,0,0,0,0,0.17599356306976063
5d5d6396d12f24c17656577f229e33a8891a45e6c1848d8e1f2549ce2025c02a,"Thấm hút:tốt Vật liệu:vài nhẹ, mịn, thoải mái Độ bền:tốt Đã từng mua đồ của coolmate, rất ưng ý, giá rẻ và chất lượng tuyệt vời",2025-11-17 14:18:30,0,26,127,4.703703703703703,0.0,4,2,1,0,0.0,0,0,0,0,0.09655854015138379
7ba9c54c13b8572db2409b9b86826e0b59f29d7620c18f3d0c941eaf1d0ad56b,"Chất lượng sản phẩm:Chat luong Đúng với mô tả:Dung Sản phẩm ổn, chất lượng, phù hợp với những lúc đi tập luyện thể thao. Sản phẩm tốt với môi trường và được chăm sóc hậu mãi một cách tuyệt vời. Rất đáng để mua để trải nghiệm sản phẩm từ Coolmate",2024-06-14 14:38:33,0,51,245,4.711538461538462,0.0,3,1,1,1,0.0,0,0,0,0,0.06173604842710547
bab0f8d24cd2052303894b2808dd4b8f60cd4bc5ce15e611e36fc6f1ca14bf06,"Thấm hút:chưa mặc nên chưa đánh giá được Vật liệu:vải nhẹ, thoáng, có lỗ thoát khí Độ bền:được Shop giao hàng nhanh, đóng gói chắc chắn",2026-03-31 22:18:46,0,26,135,5.0,0.0,4,1,1,2,0.0,0,0,0,0,0.08745627302538718
937de7bb57e93b9c340d9117d212ec685ab871cb049b406dada89c47d187ba0e,"Chất lượng sản phẩm:tuyệt vời Đúng với mô tả:đúng Sản phẩm tốt với tầm giá, shop hỗ trợ nhiệt tình, đóng gói sản phẩm chắc chắn, giao hàng đúng hẹn",2025-06-05 17:17:54,1,30,147,4.741935483870968,0.0,3,2,1,3,0.0,0,1,0,0,0.5064784951883674
48af7c065ef116777f594b87e7e5309bbf6719f79b71926cef18068c97a7c13b,"Thấm hút:thấm mồ hôi tốt Vật liệu:vải nhẹ nhàng thoáng mát Độ bền:bền nha Mình đã quay lại mua lần t3 rồi, giá thành rẻ nhiều so với chất lượng nha. Chỉ 68k 1áo nhưng không có điểm gì để chê luôn. Size L mình đo là như thông số shop mô tả, mn tham khảo nè",2026-04-23 11:22:50,0,57,255,4.396551724137931,0.0,4,2,1,1,48.85325231481482,0,0,0,0,0.138250482246538
0ec13d62dc94808b7fe9e4c7e2c5f2610c1fd4c9e7cfc3cdc1236543b44c081e,Đúng với mô tả:tuyệt vời Chất liệu:tốt Màu sắc:đẹp Hàng coolmate đến giờ mua lần thứ n rồi ko có gì phải bàn cãi nhiều nữa. Rất chi là vừa ý!,2023-06-21 07:57:19,0,31,141,4.40625,0.007042253521126761,4,1,1,4,0.0,0,0,0,0,0.28435187625511954
3de0c8bdbd2b6eb343cb086577c368c12474a9bb310fed4feb512dbf0b7979d6,"Chất lượng sản phẩm:ok Đúng với mô tả:đúng Shop giao hàng nhanh đóng gói cẩn thận,đúng màu sắc kích thước Chất vải mặc mát,nhanh khô phù hợp chơi thể thao,chạy bộ,gym…",2025-09-10 19:06:48,0,31,167,5.21875,0.0,4,1,1,1,0.0,0,0,0,0,0.09794222441109621
21d735365993d59eedeb4ec82e2e83c048e48faada261794c1312b3f8745366b,"Đúng với mô tả:Richtig Chất lượng sản phẩm:Tốt Đã mua hơn 4 cái, áo phù hợp với tập luyện thể thao, mặc đi làm cũng rất mát. Phù hợp với bạn nào đi làm tài xế công nghệ. Đơn giản mà tiện lợi",2025-11-02 20:37:30,0,43,190,4.318181818181818,0.0,3,2,1,3,134.1393402777778,0,0,0,0,0.15634040594873672
9b3c7a9fa333b00053230a4f40130c5a1d5c18bfcf5edbdb8da06f3cec4ff2e7,"Chất lượng sản phẩm:ok Đúng với mô tả:đúng Hàng chất mát, sờ đã sướng rồi chứ chưa cần mặc, hàng mỏng nhẹ nhưng chắc chắn, giá lại quá hợp lý.",2024-08-02 12:23:27,0,30,142,4.580645161290323,0.0,3,1,1,1,0.0,0,0,0,0,0.0
ace84cb83b4b141b669ad842f6a644922fd976ca042e7cdef020047f7e38b085,"Màu sắc:xám Đúng với mô tả:đúng Chất liệu:thun Shop gói kỹ giao nhanh áo chất vải vừa mặc đi thể dục tuyệt vời mát , ủng hộ lần sau shipper vui vẻ",2023-06-26 11:12:25,0,32,146,4.424242424242424,0.0,4,2,2,2,0.006724537037037037,0,0,0,0,0.37027406485773884
3a5bfb8f3c189170f5d076a7b7409864ca5d1086a3b62134ac60fddea5f47546,Chất lượng sản phẩm:good Đúng với mô tả:đen Giao hàng nhanh Chuẩn Chất vảo mát Đường may rất kĩ chuẩn không có chỉ thừa Đóng gói rất là cẩn thận,2024-12-03 20:14:14,0,30,144,4.645161290322581,0.0,7,1,1,1,0.0,0,0,0,0,0.14977198206524997
dd3b8256a21f0b804fd3244ef237813d08262805ec6f35744dd465bc00448a7e,"Chất lượng sản phẩm:goood Đúng với mô tả:đúng Áo thoải mái, thấm hút mồ hôi tốt và khô nhanh. Màu này người nào da trắng thì mặc rất đẹp, còn tui da đen nhìn hơi đần.",2025-09-16 18:00:05,0,36,166,4.486486486486487,0.0,3,1,1,1,0.0,0,0,0,0,0.0015406473613718676
4fc314edbfb552a3926ae35d38bff7bb15be306a1787ed086b54e345d71696bf,"Màu sắc:xanh navy Đúng với mô tả:chính xác Giao hàng nhanh, vải mỏng mát và thích hợp cho hoạt động thể thao. Sản phẩm coolmate chất lượng",2023-03-12 13:02:22,0,27,138,4.928571428571429,0.0,3,1,1,1,0.0,0,0,0,0,0.024408634309934243
21d735365993d59eedeb4ec82e2e83c048e48faada261794c1312b3f8745366b,"Chất lượng sản phẩm:Áo co dãn tốt Đúng với mô tả:Hợp với các bạn hay tập thể thao cadio Chất lượng vải tốt thoáng mát, mặc vừa vặn mọi thứ đều ổn đóng gói cẩn thận Ok",2025-06-21 17:16:51,0,37,166,4.368421052631579,0.0,3,2,1,2,0.0,0,0,0,0,0.060196724501512915
24d4c04e85e3ca6f6477a3282adfbf4821f0f4bc60cd7ddbe29e144fa6c9cf1e,"Chất lượng sản phẩm:Rất tốt Đúng với mô tả:đúng Áo đẹp, shop giao hàng nhanh, mình rất ưng ý, lần đầu mua của shop nên không đánh giá nhiều. Rất đáng mua nhé mn ❤❤❤",2024-12-01 22:31:12,1,35,164,4.555555555555555,0.0,4,2,2,2,0.0005671296296296297,0,1,0,0,0.661028468799279
24d4c04e85e3ca6f6477a3282adfbf4821f0f4bc60cd7ddbe29e144fa6c9cf1e,"Chất lượng sản phẩm:Rất tốt Đúng với mô tả:đúng Áo đẹp, shop giao hàng nhanh, mình rất ưng ý, lần đầu mua của shop nên không đánh giá nhiều. Rất đáng mua nhé mn ❤❤❤",2024-12-01 22:30:23,1,35,164,4.555555555555555,0.0,4,2,2,2,0.0,0,1,0,0,0.6574823371456159
82d1d09c6b3a56c795bf4b696d4756daf3796e1850cf1bda07de0ec15760f12e,"Chất lượng sản phẩm:ok Đúng với mô tả:ok Giao hàng nhanh, đúng sản phẩm và số lượng. Chất lượng sản phẩm ok. Mặc vừa form",2025-10-03 15:58:13,0,25,121,4.653846153846154,0.0,3,1,1,5,0.0,0,0,0,0,0.2365700938384652
4d08a37fee31643df29e3061ab09784a3acab447b4d01a7b9937a50b6ac2145a,"Thấm hút:ao nhe, thong thoang Vật liệu:chat vai mem mai, Độ bền:chua su dung nene ch hả biét Shop giao hàng nhanh, đóng gói cẩn thận",2026-03-31 21:00:15,0,26,132,4.888888888888889,0.0,4,1,1,1,0.0,0,0,0,0,0.018939740796544546
8004139c210d9ca61f7924f9e11bd87a9088e0d231a7a078c79eba6d1fead821,"Đúng với mô tả:Yes Chất lượng sản phẩm:Tốt Áo đúng với mô tả Mỏng, mát, nhẹ, thoáng Mới mặc thấy hơi lạ lạ y như không mặc 🤣🤣🤣",2024-03-28 13:00:37,0,28,126,4.344827586206897,0.0,5,1,1,1,0.0,0,0,0,0,0.051714599715027273
e93ffa4491206648a84c0a0822e177c859b1470436c1ebb17fefbbbb09c898f9,"Đúng với mô tả:đúng Chất lượng sản phẩm:tốt Áo đẹp, vừa vặn, thấm hút mồ hôi tốt, thoải mái vận động, chất lượng vải rất tốt. Shop giao hàng nhanh, chăm sóc khách hàng tận tình. Tuyệt vờiiiii",2024-08-10 22:51:20,0,38,191,4.897435897435898,0.0,3,5,2,1,0.004027777777777778,0,0,0,0,0.5174440202132647
33847b0115e9b8e2d7152082965b7dccce42b910b8636abc74c5babb84dbec24,"Đúng với mô tả:đúng Chất lượng sản phẩm:tốt Với việc nhìn sách từ nhiều góc độ: sử học về khoa học, tư tưởng, văn hóa, xã hội, nghệ thuật; thư mục học; văn học; ngôn ngữ; codex học; cổ tự; văn khắc; thủ thư; bảo tồn sách; nhân chủng học; khảo cổ học…, cuốn sách đã mang đến hiểu biết mới mẻ về sách, khám phá vai trò của sách, cung cấp một cái nhìn “đa văn hóa” về những yếu tố tạo nên một “cuốn sách”, đồng thời cho chúng ta có cái nhìn bao quát hơn về lịch sử của sách.",2024-06-25 12:43:28,0,103,471,4.528846153846154,0.0,3,1,1,2,0.0,0,0,0,0,0.37813436403390277
5d8196b911440a34275bd35886cc13bfd53eca0d2c48c0090a322449eb45caa1,"Áo đẹp .mặc lên rất đẹp,rất đáng mua nha mấy bạn ,bạn nào còn đang phân Vân thì mua ngay nha,phom dáng size đều chuẩn ok lắm nha",2025-05-29 20:20:03,1,28,128,4.413793103448276,0.0,0,2,2,5,0.0038657407407407408,0,1,0,0,0.9110690310310158
06204b87692a3fae5b2efaa50d0be8b80be586c800bb22f0aa14ac29fc16cb94,Đúng với mô tả:đúng Màu sắc:đen Chất liệu:cotton Vu Dieu Thuy Em tưởng chị viết sách thì tư duy phải tốt. Phân tích thì dài mà toàn sai. Dạy người khác cách thành công trong khi tư duy mình thì thất bại. Đọc sách của chị em thà đọc sách thầy Huấn còn hơn!,2023-04-06 06:24:54,0,54,255,4.636363636363637,0.00390625,5,1,1,4,0.0,0,0,0,0,0.3271924382923143
81a9e5b6c5429bf172416211fc4175029ca1e0a5bc8a41bfac7a348342de1c67,"Sản phẩm dễ phối và thích hợp cho nhiều môn thể thao chi tiết cắt sẻ tinh tế tỉ mỉ cùng đường may chắc chắn thoải mái khi vận động sản phẩm được phát triển và phục vụ việc vận động và tập luyện các môn thể thao chất liệu co giãn thoải mái, thoáng khí",2025-11-14 21:50:05,0,56,250,4.385964912280702,0.0,0,1,1,1,0.0,0,0,0,0,0.11300479569577548
75862523c878f1c881d96707405a345a16b92145c00225e68db13744205566f8,Đúng với mô tả:đúng Chất lượng sản phẩm:tốt Thời gian vận chuyển rất hợp lí. Tôi đã đặt hàng với tâm thế hào hứng chờ đợi để được trải nghiệm sản phẩm và tôi không hề bị chờ mỏi cổ. Có thể thấy bên vận chuyển không quản ngại thời tiết và đường xá xa xôi để đưa sản phẩm cho tôi trong thời gian ngắn nhất.,2024-11-10 10:10:13,1,67,304,4.470588235294118,0.0,3,2,1,1,25.785555555555554,0,1,0,0,0.5484919344869915
17d4386ae96709ad392ba25edef7cdd42cb3882501bb53ef9c3d4ae47aaeaa00,Thấm hút:ao tham hut mo hoi tot kho rat nhanh Vật liệu:chat lieu vai mem mai thoang khi thoai mai Độ bền:chua thasy hien tuong rach Áo rất đẹp. Mềm mại thosng mát khi mua quần lót cho nó ngon lắm chị ạ huhu em cũng đang mua đồ cho chị luôn,2026-04-09 13:07:19,0,52,239,4.509433962264151,0.0,4,1,1,0,0.0,0,0,0,0,0.0936118875390374
abd0d1896d3613585bfaa4b18b5590061ceb1e67b4973dca541b8a1459209cd8,"Vẫn là hàng coolmate chuẩn chỉ , khá thích vì sp có thể rẻ nhưng có tỉ mỉ chăm chút sản phẩm từ cách đóng gói, tag nhãn, cảm ơn shop vì sp chất lượng",2022-09-28 18:37:37,0,35,149,4.138888888888889,0.0,0,1,1,3,0.0,0,0,0,0,0.12079443284735412
4481631441f8f16c8b65d88ba215f0e2a06923bed460b8985e331f38c800a52b,Màu sắc:xanh da trời pha chút xám nhẹ. Đúng với mô tả:ok Chất liệu:ok với mức giá Hi. Vẫn tiếp tục mua coolmate ở dòng khác. Mong shop có nhiều màu tươi sáng hơn,2023-08-16 08:06:45,0,34,161,4.6,0.0,4,1,1,3,0.0,0,0,0,0,0.06830933063523119
db01f3da3c4a74078b088afe8f2e949418e73bc6fe0d001294cb8b7944c46640,"Chất lượng sản phẩm:Tốt Đúng với mô tả:Đúng với mô tả Áo rất đẹp, nhẹ, đường may đều, không có chỉ thừa. Giao hàng nhanh, đúng như mẫu mã đã đăng. Nói đến trang phục của Coolmate thì khách hàng luôn yên tâm về chất lượng. Tặng Coolmate 5 sao, lần sau mua tiếp !",2025-10-01 10:59:18,0,55,261,4.660714285714286,0.003816793893129771,3,2,1,1,0.0,0,0,0,0,0.2016188284257552
3d4dbbb1649d6c28c0f736ba71e038f574223d0d2a464d4d6e467243e86e83fa,"mình đã mua nhiều lần cho chồng, vải mỏng nhẹ thoáng mát, kiểu dáng năng động, chồng mình rất thích! đợt này do mình chọn sai size mà mẫu, nhưng shop hỗ trợ đổi lại rất dễ mà miễn phí! cảm ơn shop! sẽ ủng hộ lâu dài!",2025-01-07 13:17:29,0,48,216,4.408163265306122,0.018433179723502304,0,1,1,1,0.0,0,0,0,0,0.3573469372612379
98eabfad771691f2ed7a236268ef3c644c4231da2d72b8bdb74ac68c72007e5b,"Chất lượng sản phẩm:tot In terms of appearance, the product is packaged firmly, safely, and carefully with no adverse effects on the product. Delivery time is quite fast, about 3 days after placing an order. The product is the same with pictures and good. I am satisfied with the product.",2025-03-21 15:52:02,0,50,288,5.647058823529412,0.0,2,1,1,1,0.0,0,0,0,0,0.2824035320924709
d7e8d72c1b6f5bfd5e76f5b21b920fd9a0bd646fa1d694354155fd20e135dc3e,"Đúng với mô tả:ok Chất lượng sản phẩm:ok Đóng gói cẩn thận, giao hàng Nhanh nhưng lại k nhanh bằng SPX. Đổi size S vừa như in luôn. M65 nặng 62kg.",2025-05-09 11:11:59,0,31,146,4.5625,0.0,3,2,1,2,0.0,0,0,0,0,0.05859686500647376
c16e83ae65358a0062fdd4022f53e9827c72b820cffa08383b0a108a409ae39e,Áo thấm hút mồ hôi rất tốt khô nhanh sau khi vận động chất liệu vải nhẹ mềm mại và thoáng mát khi mặc tôi chưa thể hiện tượng rách hạt giãn sau nhiều lần giặt,2026-05-29 19:24:11,1,36,158,4.27027027027027,0.0,0,2,2,1,0.0009027777777777777,0,1,0,0,0.7301814642575404
9424c0574403144d90f3fe2da8d5e9437a56f892e24b88683554cc79fd4d5da0,"Chất lượng sản phẩm:ổn với tầm giá Đúng với mô tả:đúng với mô tả Đóng gói cẩn thận. Kích thước áo chuẩn, màu dễ phối. Cảm ơn shop.",2025-04-03 09:50:48,0,28,130,4.482758620689655,0.0,3,1,1,0,0.0,0,0,0,0,0.05023379900237607
735522e56891618c2864774470b601a55212ce4128d12768cf920be37cec6153,"Đúng với mô tả:yes Chất lượng sản phẩm:ok Áo vải mềm mại, thoải mái. Mặc mát mẻ, phù hợp dân gym, cầu lông, bóng bàn, đá bóng, trekking, cafe cà pháo.................... Lên form rất đẹp vừa y. Nói chung hàng coolmate là quá okela",2025-07-27 18:42:47,0,44,230,5.111111111111111,0.0,5,1,1,1,0.0,0,0,0,0,0.14429249355384552
f9cbbcf7bf184dff70d667c144ee49327073f99bf5f1ab72239fa3327c72e3bb,Thấm hút:tốt Vật liệu:tuyệt Độ bền:cao Sản phẩm tuyệ vời. Thun mát. Mịn. Giá quá tốt. Nên mua. Cao1m72. Nặng 65k. Size xl quá vừa vặn. Đúng size. Thak sop.sẻ tiếp tục mua thêm.,2026-03-05 15:18:43,0,34,176,5.0285714285714285,0.0,4,3,1,1,0.0,0,0,0,0,0.14022134626424046
9eba4af96f3a26b5abe4140187f783c5cf30aa77375c321dd85fb8a113e7012a,bạn mình cao 1m7 nặng 78kg theo size của shop là phải mặc size 2XL nhưng shop tư vấn nên mặc XL nen mình lấy. hàng về rất ưng ý. chất mát. cảm ơn shop,2023-03-23 12:42:17,0,35,150,4.166666666666667,0.0,0,1,1,1,0.0,0,0,0,0,0.05172499011065101
1aee8d0854feaabb2960a74b90d5e4d1f6043560b48714e809b1376d29800c8b,"Chất liệu:Polyester, Recycle Màu sắc:xám Đúng với mô tả:đúng Gói hàng cẩn thận, chỉnh chu. Giao hàng nhanh chóng. Áo mỏng, nhẹ, mát, phù hợp mặt đi tập",2022-07-28 17:08:04,0,28,151,5.206896551724138,0.0,4,1,1,1,0.0,0,0,0,0,0.1058278451936496
d41f250aedb89d7f2587d22b8c8d831a0315ad6261fc5ae62ea90ab023a90e4a,"Chất lượng sản phẩm:ok Đúng với mô tả:sản phẩm đúng mô tả Giao hàng nhanh, về kích thước rất chuẩn, mặc rất vừa ý, về chất lượng thì phải dùng một thời gian dài xem thế nào. Nói chung là giá cả phải chăng, rất ổn!",2024-08-04 23:32:09,0,46,213,4.531914893617022,0.004672897196261682,3,2,1,1,6.226307870370371,0,0,0,0,0.14752957689757465
f9cbbcf7bf184dff70d667c144ee49327073f99bf5f1ab72239fa3327c72e3bb,Thấm hút:tốt Vật liệu:chất lượng Độ bền:tốt Đúng đơn hàng. Chất lượng tuyệt. Giá quá tốt. Có thuơng hiệu. Dùng bền lâu. Đã mua nhìu. Thak sop,2026-04-15 14:50:13,0,27,141,5.035714285714286,0.0,4,3,1,1,40.98020833333333,0,0,0,0,0.15351341420615786
b3bf017a2ea92caa76f619312eb6131b746cde7ac78e045c5faa3b7b15b34070,"Thấm hút:áo thấm hút mồ hôi tốt ,khô nhanh sau khi vận động Vật liệu:chất liệu vải nhẹ .mềm mại thoáng mát Độ bền:chưa dùng nên chưa đánh giá được độ bền Sẽ ủng hộ shop lần sau nếu khi mặc ưng ý ,vải không bị giãn ,cảm ơn shop",2026-03-31 15:43:41,0,50,226,4.431372549019608,0.0,4,2,2,1,0.0,0,0,0,0,0.36983856738093196
2315bcb79ea83e91eb31627e4a5d56af3e5840cd3d52303f76938c515ee5912f,"Chất liệu:thoáng, mau khô, thấm hút tốt Màu sắc:đẹp Đúng với mô tả:co giãn tốt Sản phẩm tốt, đã mua nhiều lần, 1m75 73kg size L vừa vặn, shop đóng gói rất cẩn thận",2023-07-28 14:17:11,0,34,163,4.6571428571428575,0.0,4,6,1,2,0.0,0,0,0,0,0.2581792655351177
a44df38bb51584b65c3d3f747d74e18005b2a42fb8e7eb38cc32ae0e353b23c1,"Thấm hút:áo thấm hút tốt, nhanh khô mồ hôi Vật liệu:chất vải nhẹ, thoáng mát Độ bền:vải cũng không quá dày, không biết ảnh hưởng như thế nào tới độ bền về lâu dài ra sao",2026-04-16 21:01:24,0,36,169,4.5675675675675675,0.0,2,2,1,1,601.7170949074074,0,0,0,0,0.20323717462357255
bd3d30238e79d95b6ac62d9c8419e319b7122dba24cd5a43ed11b678901af5b3,"Thấm hút:áo thấm hút tốt, khô nhanh khi vận động Vật liệu:chất liệu nhẹ, mềm mại Độ bền:mới giặt lần đầu thấy vẫn tốt Hình ảnh chỉ mang tính nhận xu, nhưng sản phẩm thì oke",2026-04-14 08:05:46,1,36,172,4.648648648648648,0.0,4,1,1,1,0.0,0,0,0,1,0.4685772740645528
be90ad040530498b1ca1b3d32331e3c34ea4aac29442eb5a684d7e04a1b169d9,Chất lượng sản phẩm:ok Đúng với mô tả:ok Áo thun thể thao chất liệu phù hợp với khí hậu thoáng mát mặc vô dễ chịu cảm ơn shop 3 mình rất thích sẽ tiếp tục ủng hộ shop👍🌸🌸🌸🌸,2026-01-31 22:50:52,0,38,171,4.384615384615385,0.0,3,1,1,1,0.0,0,0,0,0,0.008908820523319561
086ec88de4b1e95e2e382e5f79ae3554591b9b394e8f4a0c43e07493cd4e0555,"U mê nha shop ơi, hàng chất lượng, giao hàng nhanh, săn sale rẻ lắm luôn. Shop hỗ trợ nhiệt tình, sẽ ủng hộ lần sau.",2026-01-22 08:31:01,0,26,116,4.296296296296297,0.0,0,1,1,1,0.0,0,0,0,0,0.052775022226151005
ceeedf52c34a0f603362c9d88507e876290d0307e2bad601c19e5d75fce1527c,Thấm hút:th hut ok san pham mat nhe Vật liệu:nhe thoang mat de giat de phoi Độ bền:ben mau dung rat thich chiếc áo thứ 1x rồi mua cho cả nhà dùng luôn sản phẩm săn sale rẻ mua nhìu dùng thích đi bộ mặt mát thoải mái sản phẩm vn chất lượng quá oke,2025-11-12 20:25:03,0,55,246,4.392857142857143,0.0,4,4,2,2,299.087650462963,0,0,0,0,0.5922258675369657
887ae652ce4d78bde899fb30e97f1f7960a08f3f8a6b2796f706db8e5bdb0d9d,"Thấm hút:tốt Vật liệu:mềm Độ bền:trải nghiệm Sản phẩm nhận đúng mô tả, đóng gói chắc chắn, dùng ổn áp. Shop giao nhanh, giá hợp lý, sẽ ủng hộ tiếp.",2025-11-19 12:19:06,0,30,147,4.741935483870968,0.0,4,1,1,0,0.0,0,0,0,0,0.05425884933129221
854740d26d36988c983284e6285ab29490d418b25ddb5755a5823a75b116d7e1,Áo đẹp vải bền giá cả rất tốt so với chất liệu và hiệu năng sử dụng Đây là cái áo thứ 12 t mua của coolmate,2023-04-08 21:47:10,0,27,107,3.8214285714285716,0.0,1,1,1,1,0.0,0,0,0,0,0.11705551359023578
2a4f209f2137c40be89eaa8aa767d2275b9cdc824b5d6d0b4492ada4f9e74b5e,"Shop xử lý hàng nhanh và bên giao hàng cũng vậy. Sản phẩm chất lượng hơn so với giá tiền. Áo đúng kích cỡ, màu sắc mình đã đặt. Một sản phẩm vừa có lợi cho người tiêu dùng vừa tránh ảnh hưởng xấu đến môi trường rất nên được ủng hộ nhiều. Cảm ơn shop!",2023-09-06 18:50:56,0,56,250,4.385964912280702,0.00398406374501992,0,1,1,2,0.0,0,0,0,0,0.22451100197966123
2dcfa10d8fb0fad14874aed0ef60c784e067bd3f0cee6565f5f8c2c78939777d,"Chất liệu:yess Đúng với mô tả:yes Màu sắc:xanh navy Mát, mỏng, nhẹ, thoáng khí. Phù hợp với các môn thể thao nhiều mồ hôi. Nên mua nhé",2023-08-16 21:08:22,0,27,134,4.785714285714286,0.0,4,1,1,1,0.0,0,0,0,0,0.015936445329026383
893a2d9309ef5874dd6f2e351b442173b486d40f18a383cda901d72289cf1e9b,Đúng với mô tả:đúng mô tả Chất lượng sản phẩm:Rất tốt Đồ của coolmate thì mình giặt hầu như k ra màu trừ jean! Nhưng màu sắc của cool phải suy tính mới phối đc.,2024-03-31 16:42:26,0,35,160,4.444444444444445,0.006211180124223602,3,1,1,5,0.0,0,0,0,0,0.3378403915925948
4ea489186d2b24280b32433cd6eb693508f7a30c32cbf5fa5f40ee9cbf8c725b,Đúng với mô tả:đúng Chất lượng sản phẩm:tốt Sản phẩm tốt mua giá rẻ mà chất lượng vải và đường kim mũi chỉ đều chỉn chu sẽ ủng hộ shop tiếp,2025-04-24 09:42:42,0,31,139,4.34375,0.0,3,1,1,1,0.0,0,0,0,0,0.006372203339116315
0d657da5d676b38f1a9cf9eeb50f4251de82e6149f98f15e31d59c69af6b23b7,Áo mát mẻ hợp chơi thể thao nhé. Săn sale thứ 4 giảm 30% giá ổn áp mua mấy màu về để chơi thể thao,2026-05-21 22:49:46,0,25,98,3.769230769230769,0.0,0,1,1,1,0.0,0,0,0,0,0.1330264842529546
937de7bb57e93b9c340d9117d212ec685ab871cb049b406dada89c47d187ba0e,"Chất lượng sản phẩm:tuyệt vời Đúng với mô tả:đúng Sản phẩm tốt với tầm giá, shop hỗ trợ nhiệt tình, đóng gói sản phẩm chắc chắn, giao hàng đúng hẹn",2025-06-07 18:50:46,1,30,147,4.741935483870968,0.0,3,2,1,1,2.064490740740741,0,1,0,0,0.44520802760203526
b3bf017a2ea92caa76f619312eb6131b746cde7ac78e045c5faa3b7b15b34070,"Thấm hút:áo thấm hút mồ hôi tốt ,khô nhanh sau khi vận động Vật liệu:chất liệu vải nhẹ mềm thoáng co giãn tốt Độ bền:chưa thể đánh giá độ bền do chưa mặc chưa biết có bền khoong",2026-03-31 15:46:49,0,38,177,4.538461538461538,0.0,2,2,2,1,0.0021759259259259258,0,0,0,0,0.3509510219676477
b169398e1a06a4e5993722e33de0330db4b9bdfe9ea107e56117558ece0a1de5,"Mua có 64k hài lòng cực , giá rẻ mà chất lượng sản phẩm rất tốt , hàng coolmate quá chất lượng trừ quần jean ra thì các sp khác khá ok",2026-02-14 12:44:04,0,32,134,4.0606060606060606,0.0,0,1,1,1,0.0,0,0,0,0,0.04676148123178759
934828b0fd2d59f41b13baf7930fb3dceb6ef7c27cd949fb6536d11509fbb53b,"Đúng với mô tả:sản phẩm đúng mô tả Chất lượng sản phẩm:áo mỏng nhẹ, thoáng mát, dễ vận động Áo mặc cảm giác mát mẻ",2025-01-18 20:25:04,0,25,114,4.384615384615385,0.0,3,1,1,1,0.0,0,0,0,0,0.01451681234303773
8939d56f69a260711e6190f8324af0ed626b1953f360a86823196a6efd62b0a7,"Mình mua áo thun Coolmate và khá bất ngờ vì chất lượng tốt hơn kỳ vọng trong tầm giá. Vải cotton mặc mềm, thoáng, thấm hút mồ hôi ổn nên mặc đi làm, đi chơi hay ở nhà đều thoải mái. Form áo vừa người, không quá rộng cũng không quá bó nên dễ phối với quần jean hoặc short. Sau vài lần giặt áo vẫn giữ form khá tốt, chưa thấy xù lông nhiều. Đường may khá ổn, cổ áo không bị bai nhanh",2026-05-05 08:48:05,0,85,381,4.430232558139535,0.0,0,1,1,1,0.0,0,0,0,0,0.31902117141839686
6a0737c24fa971627dd3e39e41b03dd3edb65011e15cc5938ae6f01b7e08acea,"Đúng với mô tả:ddusng moo tar Chất lượng sản phẩm:mỏng, mềm mại, thoáng mát, thấm mồ hôi Chất mềm thoáng mát, áo này rẻ mà mát, áo đắt hơn thì lại k mát bằng. Nhà mình đã mua đến 5 caia áo chất này.",2025-07-26 15:50:56,0,44,198,4.4,0.0,3,2,2,1,0.0008564814814814815,0,0,0,0,0.3303356570687084
2db96ba50a06fa39abb4b9551835f532b0ad428a2191261de852b57f2724e793,"Thời gian giao hàng tương đối, chất liệu ổn. Chất vải mềm mịn, áo mặc sẽ rất mát. Giá cả phù hợp, không đắt. Sẽ ủng hộ lần sau.",2023-02-03 15:40:00,0,29,127,4.233333333333333,0.0,0,1,1,2,0.0,0,0,0,0,0.06754993784525373
anonymous_user,Chất lượng sản phẩm:tot Đúng với mô tả:on sản phẩm tốt chat lượng bải co giãn thoáng mát giá cả hợp mặc đi tập gym hay chạy bộ đều rất ok cho shop 5 sao nên mua nhe mng,2024-09-17 12:07:34,0,39,168,4.2,0.0,3,8,1,1,841.8387037037037,0,0,0,0,0.5847083310846519
c33b464f64efb92b158fe42f1c08e6ea032abea6336d9bf00ef47efb1a1a598d,"Đã nhạn được hàng, giao hàng nhanh chóng, áo mỏng nhẹ , thoáng mát , có lỗ thoát khí tốt, săn sale giá tốt chỉ 60k nên khá hài lòng!",2025-03-19 11:43:44,0,30,132,4.258064516129032,0.007518796992481203,0,1,1,1,0.0,0,0,0,0,0.15781063456078864
e0e161c4a9ef8a368c2136d8cb664d099c052f93a403a14396dc586e8f990a62,Đúng với mô tả:dung voi mo ta Chất lượng sản phẩm:hợp lý với giá tiền Chất liệu oki mỏng nhẹ hợp lý đi thể thao thấm hút mồ hôi,2025-09-22 18:48:33,0,29,127,4.233333333333333,0.0,3,1,1,1,0.0,0,0,0,0,0.01613414269749672
d9a6eb8eed379da8683fec7fe59e0e3141ca85fa1e14e52c29717aeca5ef95b1,"Thấm hút: Áo thấm hút mồ hôi rất tốt, khô nhanh sau khi vận động. Vật liệu: Chất liệu vải nhẹ, mềm mại và thoáng mát khi mặc. Độ bền: Tôi chưa thấy hiện tượng rách hoặc giãn sau nhiều lần giặt.",2026-05-19 17:54:16,0,42,193,4.488372093023256,0.0,2,1,1,1,0.0,0,0,0,0,0.027541220369147024
06efa2225e04418bb7b7870f4bb2a082fe81189a0a486c29a7ab31c0a60d7fd4,Màu sắc:mau sắc đen xid Chất liệu:tươi mát Đúng với mô tả:đúng với mô tả Áo ổn nha mặc mát lắm không tin thì thôi,2023-04-19 14:36:32,0,25,113,4.346153846153846,0.0,4,1,1,1,0.0,0,0,0,0,0.028877486507635282
7f1e967a59591ab5ae30a1dda5dce6e34afe635013c04933279fe2482418bf09,"Sản phẩm tốt, thoáng mát, dễ chịu, thấm hút mồ hôi tốt. Thương hiệu lớn, làm ăn uy tín, không cần phải giới thiệu nhiều",2025-10-11 11:46:25,0,25,119,4.576923076923077,0.0,0,1,1,1,0.0,0,0,0,0,0.04889546968048366
e700a8d64d47bae37384e723aef33257067c7646879553d6a2e720c70053b1cc,"Đúng với mô tả:áo đẹp, vải mỏng thoáng mát Chất lượng sản phẩm:phù hợp giá tiền Chất polyeste còn recycle mình không rõ, áo mặc mát, giặt nhanh khô, mình mua về tối mặc ngủ, ủng hộ hàng Việt Nam",2024-04-12 20:30:39,0,40,194,4.7317073170731705,0.0,3,4,1,2,306.6505902777778,0,0,0,0,0.24782522911496935
c21c03076f94f83f85f6f2f930863dbade78f6bb39a54ce62122c8799ec27593,"Chất lượng sản phẩm:ổn Đúng với mô tả:đúng Giảo hàng nhanh. Sản phẩm ổn áp, giá thành rẻ, phù hợp vs nhiều môn thể thao",2025-07-03 10:54:59,0,25,119,4.576923076923077,0.0,3,1,1,1,0.0,0,0,0,0,0.008425814424419389
fb6bff3f23e319e716616e3735f4778fe60c14469b97b03a63bbbd21385ff7b1,"Đúng với mô tả:Đúng Chất lượng sản phẩm:thun 1m7,62-63kg mình mặc size L chuẩn đẹp ,áo mát nhẹ, thoải mái, mặc thể thao quá ok",2025-11-30 13:31:29,0,25,126,4.846153846153846,0.0,3,1,1,1,0.0,0,0,0,0,0.015393318245744015
1e73d6e5158e6a7e9cb0ef07c0a5e71ae19353172e67a01ac7d17b6b1f649fb0,"Chất liệu:cotton Đúng với mô tả:đúng Màu sắc:đen Áo thấm hút tốt, mau khô, size vừa người, giao hàng nhanh, sẽ ủng hộ lần sau.",2023-08-29 20:58:53,0,25,126,4.846153846153846,0.0,4,1,1,1,0.0,0,0,0,0,0.021996022545074916
aac2fd4054c7e4f68643b293b6f4718d7324b8619a7ff73b8d71555fe162a2e4,"Vải mát, mặc thoải mái vô cùng. Đang sale nên tranh thủ mua đi rẻ lắm, mình mua còn 3 món chia ra có 69k/món",2024-08-04 12:57:57,0,25,108,4.153846153846154,0.0,0,1,1,1,0.0,0,0,0,0,0.059616459838448946
8e9fb3fb7eca25602c499381e68dc6c8d85b84c0dfa7dfa517961de75a9394db,"Đơn hàng được giao khá nhanh, đóng gói cẩn thận nên sản phẩm bên trong không bị hư hỏng hay trầy xước. Chất lượng sản phẩm đúng như mô tả, màu sắc và kích thước chuẩn, sử dụng ổn định. Nhân viên giao hàng thân thiện, liên hệ trước khi giao nên rất tiện. Tuy nhiên, phần bao bì bên ngoài có thể cải thiện thêm để chắc chắn hơn. Nhìn chung, tôi khá hài lòng với trải nghiệm mua sắm lần này và sẽ cân nhắc tiếp tục ủng hộ trong những lần mua sau.",2026-03-30 15:59:55,0,96,443,4.56701030927835,0.0,0,1,1,1,0.0,0,0,0,0,0.3942592604602172
6359cc95ddf720ea40720d01e0e5c71982813fa17848e66f7c1bbbbae8675908,"Đúng với mô tả:đúng sản phẩm Chất lượng sản phẩm:tốt Giao hàng đúng sản phẩm, hàng đi nhanh, không lỗi, không hỏng, giao đủ số lượng. Lần đầu mình đặt khi nhận mình thấy yên tâm. Em cản ơn shop.",2024-10-30 21:09:56,0,40,194,4.7317073170731705,0.0,3,1,1,5,0.0,0,0,0,0,0.23668649476442008
eaf67be93df9dd228b6432b50ac2700ada72240803555ef2ad7fbc04b13e1b75,"Đúng với mô tả:tuyệt vời Màu sắc:đẹp Chất liệu:thoáng mát, dễ giặt, dễ là Áo rất chất lượng nhé mọi người, chất liệu thoáng mát mặc thoải mái, thủ tục đổi size đơn giản, hỗ trợ tận nơi, rất đáng mua ạ.",2023-08-13 16:59:26,0,42,201,4.674418604651163,0.0,4,1,1,0,0.0,0,0,0,0,0.05860740614830897
1b3142cc3e0197fbd4a6ff620d8dcdb252405d2cf50c69145ecdb65fd2c631c9,Màu sắc:sáng hơn ảnh Chất liệu:mịn mát Áo mặc mát….đúng size chất lượng vải đúng mô tả… đóng gói đẹp… giá cả phù hợp với giá tiền,2022-11-24 21:22:32,0,27,129,4.607142857142857,0.0,3,1,1,1,0.0,0,0,0,0,0.00210487119266284
ac58edf7dfd5186858979dfa50dc001254c582141033a6f9c7f67c6750571548,"Đóng gói rất chỉnh chu. Áo chất liệu khá tốt, vải khá thoáng mát. Mình mua tặng nên thấy đóng hộp đàng hoàng vậy rất là ưng.",2022-01-25 11:51:26,0,27,124,4.428571428571429,0.0,0,1,1,1,0.0,0,0,0,0,0.04379865178457825
f1d8f7f61a06593fb43ca7c6776fbb65bb6c385d7d82ac848f06eba959a69cd7,"Thấm hút:ok Vật liệu:ok Độ bền:ok Sản phẩm tuyệt vời! Chất liệu tốt, đúng như mô tả, giao hàng nhanh. Sẽ tiếp tục ủng hộ shop."" Mẫu 2 (Đánh giá chi tiết - Thời trang): ""Váy lên form rất xinh, vải mát, không nhăn. Đường may kỹ càng. Shop tư vấn size rất chuẩn nhé, 10 điểm!"" Mẫu 3 (Đánh giá chi tiết - Điện tử/Gia dụng): ""Máy chạy êm, thiết kế nhỏ gọn, rất tiện dụng. Đóng gói cẩn thận, hàng về tới nơi vẫn nguyên vẹn. Nên mua nhé mọi người.""",2026-04-13 13:36:09,0,93,441,4.691489361702128,0.004524886877828055,6,1,1,1,0.0,0,0,0,0,0.5213149391389118
1f25a115041da1667a0f4e197a05aa26cbaac8803659a022655bb5b009676c11,Đúng với mô tả:dung Chất lượng sản phẩm:tot áo okk mỏng mặc mátt lên from đẹp nhiều màu xinh giao hàng nhanh đóng góp đẹp ạ,2024-07-19 23:49:57,0,26,123,4.555555555555555,0.0,3,1,1,1,0.0,0,0,0,0,0.004308428031451762
bbc0bcbc617be68d4a6ad4304a48c2ec823a856c8a576ae0730e35ebfccced9f,"Thoáng khí, thoải mái, giao hàng nhanh, cực nhẹ, thấm hút mồ hôi tốt, mình săn sale giá rẻ 2 quần 1 aoa chỉ 210k. Rất yêu shop. Tuy nhiên màu này thì minh chưa ưng lắm",2024-05-21 09:26:05,0,37,167,4.394736842105263,0.0,0,1,1,1,0.0,0,0,0,0,0.041140897706464785
db499e2480d66fbd3eaf8ff001a5877ecc82ec05c5845a706e47d22a75fe0831,"Đúng với mô tả:10/10 Chất lượng sản phẩm:Tốt Vải mát, mỏng, mềm, thấm hút tốt, khô nhanh, form áo thoải mái. Đóng gói gọn gành chỉnh chu, hộp đẹp, giao nhanh. Thích hợp cho người vận động nhiều. Sẽ ủng hộ trong những lần mua sau...",2024-04-24 22:57:25,0,46,231,4.914893617021277,0.0,6,1,1,0,0.0,0,0,0,0,0.21381244640397384
7460642879e9af1a3fc631858d478b77da4bcf4fd4bac52babde3e7277f6cf31,"Đúng với mô tả:đúng với mô tả Chất lượng sản phẩm:chất lượng sản phẩm tốt Áo màu như hình, mỏng tang nhưng co giãn tốt, chắc sẽ rất thoáng khí",2025-02-27 00:18:58,0,30,142,4.580645161290323,0.0,3,1,1,2,0.0,0,0,0,0,0.02493549865887855
anonymous_user,"Màu sắc:xanh Đúng với mô tả:đúng Chất liệu:không rõ ổn áp ạ, màu sắc mẫu mã đúng với mô tả, chất lượng thì cần kiểm chứng",2023-04-27 17:37:33,0,26,121,4.481481481481482,0.0,4,8,1,1,333.0678587962963,0,0,0,0,0.4315980694989726
52fd2b0b0675f1f1688409f4556fe0b7f82be7ffb1ede82ccbd009ab2dde1406,"Thấm hút:Áo thấm hút mồ hôi, khô nhanh Vật liệu:Chất liệu vải nhẹ, mềm mại Độ bền:Bền Đồ coolmate chưa bao giờ làm người dùng thất vọng!",2026-02-26 13:51:30,0,27,136,4.857142857142857,0.0072992700729927005,4,1,1,1,0.0,0,0,0,0,0.1481562952089544
a2677f91c5ac1f43fa4b22deede16b042784a961403a727768bafe483cb7f7fc,"Áo Coolmate Basic mang đến sự thoải mái tuyệt vời với chất liệu vải cotton mềm mại, thấm hút mồ hôi tốt. Thiết kế đơn giản, dễ phối đồ và rất phù hợp cho những ngày hè oi ả. Sản phẩm có độ bền cao, màu sắc không phai sau nhiều lần giặt. Rất đáng giá với mức giá hợp lý.",2025-04-01 09:24:18,0,61,269,4.338709677419355,0.0,0,1,1,0,0.0,0,0,0,0,0.1844873424621895
6af9abce2216a1f2352c42d5e6b5c10ed56c7a6c3f121fd42b3b27e664c62485,"Đúng với mô tả:đúng Màu sắc:giống như hình Áo được đóng trong hộp sản phẩm đẹp, có thư cảm ơn. Hộp lại được đóng trong thùng vận chuyển. 91k thôi mà trông xịn xò. Vải mỏng nhẹ mát, nhưng loại này cũng dễ bị xước.",2023-04-19 22:02:02,0,45,212,4.608695652173913,0.0,3,1,1,1,0.0,0,0,0,0,0.02149242835172025
94a1499ab2017b0447d84cba257e0689a12b309becc35508cd4790a7cf6dd87c,"Đúng với mô tả:đúng Chất lượng sản phẩm:tốt Áo chất lượng, giá săn sale cực tốt, nên không có gì để chê hết, hy vọng mua được đồ giá tốt từ shop nữa.",2025-07-09 18:56:17,0,33,149,4.382352941176471,0.0,3,1,1,1,0.0,0,0,0,0,0.0038597703358825143
5d8196b911440a34275bd35886cc13bfd53eca0d2c48c0090a322449eb45caa1,"Áo đẹp .mặc lên rất đẹp,rất đáng mua nha mấy bạn ,bạn nào còn đang phân Vân thì mua ngay nha,phom dáng size đều chuẩn ok lắm nha",2025-05-29 20:14:29,1,28,128,4.413793103448276,0.0,0,2,2,3,0.0,0,1,0,0,0.7999096247222814
8743e3109773b10d7ed0c11461cf14f0af94d44c88ab4ce7677805c70f0d798e,"Trước cứ sợ áo coolmate bó quá body không đẹp nên ngại nhưng mà đợt này mua cái sale có 69k nhưng mà chất lượng không chê vào đâu dc, khó bó đâu các bác ạ, béo tí mặc vẫn dc. mát, thấm mồ hôi tốt lại giá rẻ, nhìn thì đơn giản thôi nhưng 69k chất lượng ngang mấy cái shop khác mà 200-300k",2025-08-12 20:22:20,0,65,287,4.348484848484849,0.0,0,1,1,1,0.0,0,0,0,0,0.1854001734370859
585eb3d36f35c9ce589e5c5fe11725b09e2bfb24ae52875c53a6cbcfe3da11dd,"Chất lượng sản phẩm:tốt Đúng với mô tả:đúng như mô tả của shop Hàng chất vải đẹp, co dãn thoáng mát, có hệ thống lỗ thoáng khí. Rất phù hợp mặc chơi thể thao, vận động mạnh hay trong thời tiết mùa hè nóng nực. Lúc đặt hơi nghi ngại vì giá quá rẻ, nhưng khi nhận hàng cảm thấy rất hài lòng.",2024-04-09 18:01:12,0,63,289,4.515625,0.0,3,1,1,1,0.0,0,0,0,0,0.11376057590090934
5672c7ca4a89afaf2beb92d30bfef673fd6a23b927c549c6cb638cfc971fbe2a,"Đúng với mô tả:dung Chất lượng sản phẩm:ổn Theo cảm nhận của riêng mình thì áo chất lượng của áo nam không bằng áo nữ. Nhưng cũng tạm ổn, mỏng nhẹ và thấm hút mồ hôi tốt. Phù hợp với nhu cầu của mình. Lần sau mínhex ủng hộ tiếp",2025-12-04 10:15:03,0,50,227,4.450980392156863,0.0,3,1,1,1,0.0,0,0,0,0,0.04194834648101228
a48dc5365806e637c7927f19f9d21ba46d243d99604292ac6311389ceaa4fc82,"Đúng với mô tả:Đúng Chất lượng sản phẩm:Tốt Vải thoáng mát co giãn tốt, vừa làm áo tập vừa làm áo ngủ rất oke. 10 điểm.",2025-10-07 20:56:32,0,26,119,4.407407407407407,0.0,3,1,1,1,0.0,0,0,0,0,0.010232947112759848
10ffe28f2c6b46a84308cabee60208d585ccc5004fcdea87a4b82fcb6ff3ff93,"Thấm hút:thấm hút tốt nha, còn khô nhanh nữa Vật liệu:vải thun, co dãn nhẹ, thoáng khi Độ bền:mới mua nên chưa biết sẽ ra sao",2026-04-16 18:31:26,0,26,125,4.62962962962963,0.0,2,3,1,1,1373.853298611111,0,0,0,0,0.509655424623303
3050c7d1c84ba68f1af8822efbd9ab00d87e9065c58a08fdf14e2ce20becdcfe,"Chất lượng sản phẩm:9.5/10 Đúng với mô tả:10/10 lần đầu mua coolmate, khá bất ngờ, giao hàng nhanh, áo màu đẹp form đẹp, chất vải poly đúng ý mình",2025-03-09 16:11:41,0,29,146,4.866666666666666,0.0,3,2,1,1,0.0,0,0,0,0,0.059345874778931725
149b6f3c0cad381ff81d375c7f4e0ff794f514a71911a391765603cc65aeaa78,"Chất lượng sản phẩm:tốt Đúng với mô tả:chuẩn Sản phẩm đúng mô tả, shop giao hàng nhanh chóng. Nhìn chung là hài lòng với sản phẩm của shop.",2025-03-28 21:35:52,0,28,139,4.793103448275862,0.0,3,1,1,1,0.0,0,0,0,0,0.011824282609279224
35a678c51140280fef3acc2e3c999893416f41da907cf8150679e7922c59f68e,Chất lượng sản phẩm:ổn Đúng với mô tả:vâng Mình thường xuyên sử dụng các mặt hàng của Coolmate. Canh sale mua được giá tốt. Rất hài lòng với chất lượng sản phẩm bên shop,2025-03-18 14:16:15,0,34,169,4.828571428571428,0.0,3,1,1,1,0.0,0,0,0,0,0.01263308154277552
f3f9d56c5ce3ee138c858f9603d385e53c259a9e4ab2f74715107fe515ebb983,"Đúng với mô tả:ok Chất lượng sản phẩm:ok Hàng cool mate- hàng Việt Nam chất lượng cao: mỏng, nhẹ, mát. Mình sắm cho mình nhiều đồ lắm 👍👍👍 Quá ok nhé mọi người",2025-04-20 21:10:37,0,33,158,4.647058823529412,0.0,5,2,1,2,104.0507986111111,0,0,0,0,0.124882684312741
8e6033be5e81bbfb351656869108d00ad38a46244fb368a6fdb778247cdb27cb,Đúng với mô tả:9/10 Chất liệu:poly quick dry Màu sắc:xám Bên ngoài kiểu xám hơi ngả xanh một tẹo. Áo mỏng mặc mát phù hợp mặc ở nhà,2022-08-26 09:45:48,0,28,131,4.517241379310345,0.0,4,1,1,1,0.0,0,0,0,0,0.009349656377291356
17a046f1421d86a648d312e7eb14b0f0adf65cc3845c6d7fe4eb23b60c64c0e1,"Chất lượng sản phẩm:tốt Đúng với mô tả:mầu sắc đúng mô tả Áo mặc thoáng mát , đúng size . Shop đóng gói cẩn thận .",2024-06-26 16:41:38,0,26,114,4.222222222222222,0.0,3,1,1,2,0.0,0,0,0,0,0.058626021282828435
587ad96efe9885011574e0d4a19dbe39aa57153886b5f717231c851425bb5242,"Chất liệu:thun Màu sắc:du mau Đúng với mô tả:dung mo ta Giao hàng nhanh , giá cả vừa tầm tiền và sản phẩm , đóng gói rất đẹp và chỉnh chu",2022-10-09 10:23:36,0,31,137,4.28125,0.0,4,1,1,1,0.0,0,0,0,0,0.01956316439159983
59bd0e1fd99b7e5ebc037527b3e744109d8774a0c4aedb11ae93318ed127b0fe,"Chất lượng sản phẩm:mỏng, mát, mặc đi tập gym, chơi thể thao Đúng với mô tả:đúng với mô tã Mình mặc thấy thoải mái, mặc đi chơi tập gym. Quất phát 2 cái",2025-06-22 15:00:51,0,33,152,4.470588235294118,0.0,3,1,1,1,0.0,0,0,0,0,0.006761303650091513
e5807cf56b8d7428f854112528a724685e9b7df11ccabba56d4b554552740a49,"Đúng với mô tả:như hình Màu sắc:xanh bóng đêm Chất liệu:thun lạnh Đã mua lần thứ ba, sản phẩm rất ok nha mọi người, form basic dễ mặc, vải lại rất mát",2023-08-16 19:24:34,0,32,150,4.545454545454546,0.0,4,1,1,1,0.0,0,0,0,0,0.009401243799376239
5c4f6a0f41b72ea903640be882eef2dd623d28d2d8b7f9d5059f547274b46485,"Đúng với mô tả:đúng với mô tả Chất lượng sản phẩm:xịn Vải thoáng mát, mình mua tặng người ấy mà người ấy khen lắm. 1m58 - 64kg size L vừa in, ko quá dài. Cảm ơn shop đã cho 4 cái thước nha, nhưng mình ko tặng bạn ấy 4 đó đâu :)))",2025-06-04 17:58:10,0,53,229,4.2407407407407405,0.0,3,1,1,1,0.0,0,0,0,0,0.06279907123721316
ec093e5ea8044c8e35436f0a8f36e1d07b398fa698898e27351f3bc3a063fbe6,Thấm hút:tốt Vật liệu:nhẹ Độ bền:ổn định áo siêu đẹp vải rất mát độ co giãn tốt thấm hút mồ hôi rất phù hợp,2026-05-20 11:07:09,0,24,107,4.28,0.0,4,1,1,4,0.0,0,0,0,0,0.17911956237967627
78d2fe9d4ce31a2881ebe5e54c770b132f82d272ac66449df387fd023a8f7cc3,"Sản phẩm nhận được đúng mẫu mã, màu sắc đẹp như hình. Chất lượng ổn so với giá, dùng thử thấy rất ok. Giao hàng nhanh, đóng gói chắc chắn. Shop uy tín, sẽ giới thiệu cho bạn bè!",2026-05-07 22:13:55,0,39,177,4.425,0.0056179775280898875,0,1,1,1,0.0,0,0,0,0,0.13181834725269614
9c8b574acaedc0b6ea1361ff6a497bb279655b6e1c3f7443dbb9984587ef62e4,"Thấm hút:khô nhanh khi vận động Vật liệu:chất liệu nhẹ Độ bền:chua dùng khó đánh giá độ bền Shop đóng hàng tạm ổn giao hàng nhanh ! Đúng mẫu , size đã đặt ! Chất liệu nhẹ mặc rất thích hợp khi đi thể dục ! Síp 5 sao !",2026-04-29 16:00:41,0,50,217,4.254901960784314,0.01834862385321101,4,2,1,0,19.497974537037038,0,0,0,0,0.4352046551045393
a66b4e4b96e85bb53466599a06dd11e8f7b92595e81bfe23320c805d2c789001,"Thấm hút:áo thấm hút tốt Vật liệu:vải nhẹ, co giãn đàn hồi tốt Độ bền:chưa rõ. nhưng coolmte thì ok rồi Giá cả hợp lý và khá ứng ý",2026-04-22 19:06:12,0,29,130,4.333333333333333,0.0,4,1,1,0,0.0,0,0,0,0,0.06661264856151727
47579455adc744b377bcb9046677d56d4353369f96548d592c53bbf4b2bf55e6,"Chất lượng sản phẩm:thấy tốt Đúng với mô tả:đúng size, đúng màu Mua về để chạy bộ, áo nhẹ, có vẻ mát, đợi mặc thử mới biết chính xác",2024-11-05 14:04:47,0,29,132,4.4,0.0,3,1,1,1,0.0,0,0,0,0,0.001802350207728005
3b02515d244c9c963ebb081a5f72956d5d63017babec6a5c233cbca0af4e3ae5,"Chất lượng sản phẩm:Thường xuyên mua của shop, nghiện luôn không mặc đồ khác được. Màu hồng này đẹp à, màu lạ tính Gatcha mà quay được secret!",2025-06-07 23:13:50,0,28,142,4.896551724137931,0.006993006993006993,2,1,1,2,0.0,0,0,0,0,0.2059069992743952
e671053b0177fefd8959c77a9e244ab77e386bab66fb0642d36bf3ccfafa9af4,"Đúng với mô tả:đúng Chất lượng sản phẩm:tốt Áo đẹp,chất vải tốt. Shop giao hàng nhanh lắm. Lần thứ 2 mình mua hàng bên shop rồi ạ. Mình rất hài lòng và sẽ quay lại ủng hộ shop nhiều lần nữa.",2025-03-13 20:40:41,0,41,190,4.523809523809524,0.0,3,1,1,1,0.0,0,0,0,0,0.01010974997560619
58167945f7191a9058d59e15d82f3380653b02ccf22eb960575e1d13d6714556,"Áo này mặc hơi rộng thoải mái, mình đậm ng mặc áo này thoải mái , catm giác lớn hơn 1 size so với áo đen cả về chiều dài với rộng . mình thích áo rộng này",2022-06-26 11:40:17,0,38,154,3.948717948717949,0.0,0,2,1,1,0.0,0,0,0,0,0.14991231338682515
anonymous_user,"Chất liệu:vải đẹp Màu sắc:đúng với mô tả Giao hàng nhanh, chất lượng, khuyến mãi tốt, đóng gói an toàn",2022-08-28 12:36:46,0,20,102,4.857142857142857,0.0,3,8,1,3,90.85898148148148,0,0,0,0,0.5161842035279407
52d15dd985f2b7e2d5dbe092e5375c10bc52a7028b8e81fe3e498ff622e5bdb0,"Vải đẹp. Hàng thương hiệu nên thấy ổn áp. Mình mua dùm do bạn mình thích chất vải nhẹ. Thể thao mặc thoáng mát. Đợt sau chắc mua thêm 2, 3 cái do mình ko biết size vừa ko do bạn mình tới 85kg lận mua size 3xl mua thử 1 cái mặc ổn lần sau mua 2 3 cái cho nhiều mặc. Chất có co dãn nha. Siêu nhẹ, vải mịn, thoáng nên nhanh khô. Giao hàng siêu nhanh mới đặt chủ nhật thứ 2 có hàng nên ko chờ đợi quá lâu. Nên mua nha Hình ảnh mang tính nhận xu, ko liên quan tới sản phẩm mình nhận",2024-07-08 10:00:54,1,111,477,4.258928571428571,0.0,3,2,1,1,473.4001157407407,0,0,0,1,0.8579280785746456
1b4b358f3d4a04c1593849b5f57a86bdff68a69dd4c8df610b17ad1cd5d1dd23,"Coolmate là thương hiệu nổi tiếng và đây là lần đầu mình mua. Cảm nhận đầu tiên là sp chắc chắn, thấm hút tốt, nhẹ, không bị ngứa da, màu sắc đẹp đúng như quảng cáo. Cảm thấy rất hài lòng về sản phẩm! Cảm ơn bạn admin đã hỗ trợ nhiệt tình!",2025-09-12 19:33:42,0,53,239,4.425925925925926,0.008333333333333333,0,1,1,1,0.0,0,0,0,0,0.21008386251623112
7e63be455bf436f53deb52db639ccd2e4434fd150e0ee8de61c9a4171ac3d7cb,,2023-07-17 10:27:11,1,0,0,0.0,0.0,0,1,1,5,0.0,1,0,0,0,0.9451942785151941
5de266082d0a5e86a59e390aa961b3ff375d84a92e0c81035cfed236154364e7,"Đúng với mô tả:hàng ổn trong tầm giá Chất lượng sản phẩm:8/10 Chất lượng là không phải bàn tới, mặc chơi thể thao cà phê cà pháo ổn nha",2024-10-14 11:22:35,0,29,135,4.5,0.0,3,1,1,1,0.0,0,0,0,0,0.0012149954129423767
49c2df17f5dfbe9d0a57f0652d5ec921d17d1914e557a1bf02695f54d089a82f,"Đúng với mô tả:đúng Chất lượng sản phẩm:tốt so với giá Hàng ok, giao nhanh, chất lượng phù hợp giá tiền, sẽ ung hộ thêm, nhóm mình quyết đinh đặt áo trơn rồi làm áo nhóm",2024-06-28 10:58:05,0,36,169,4.5675675675675675,0.0,3,1,1,1,0.0,0,0,0,0,0.0035439945416714815
a0d09cc7a6d860202b541537e9708f1f6de28a49744b8a68fd1ed9907973e575,"Chất liệu:thun Màu sắc:xanh đậm navy Đúng với mô tả:đúng Mê quá chừng mê nha coolmate.me ơi!Từ hộp đựng cho đến tag đến áo đều chỉnh chu lắm luôn, vải mỏng mát,ông xã mình thích lắm.Theo Coolmate.me luôn oy",2022-11-14 15:33:31,0,39,206,5.15,0.004830917874396135,4,1,1,2,0.0,0,0,0,0,0.22740150271301565
8179ff7c8869f8c8649517b7e8795bedf40bcb3c176334810c333c036637a959,"Màu sắc:sống động Đúng với mô tả:sản phẩm đẹp, chất lượng tốt Chất liệu:đẹp, thấm hút mồ hôi tốt, mặc dễ chịu Chất lượng sản phẩm tuyệt vời",2022-08-24 11:30:41,0,28,139,4.793103448275862,0.0,4,1,1,0,0.0,0,0,0,0,0.05630691145849448
e700a8d64d47bae37384e723aef33257067c7646879553d6a2e720c70053b1cc,"Chất liệu vải thoáng mát, giặt nhanh khô và thấm hút mồ hôi tốt, mình 76kg có tập gym mặc fit người, lên form đẹp. Cảm ơn shop nhiều sẽ ủng hộ shop nhiều lần sau",2025-09-16 10:43:02,0,36,161,4.351351351351352,0.0,1,4,1,1,828.2425231481482,0,0,0,0,0.38179274887668374
930c1dc546ff5d347e5fbd76cd65356cf71d963a7f4b6a3cd5eb041fbc27a3ff,Đúng với mô tả:dung Chất lượng sản phẩm:tot hình ảnh chỉ mang tính chất minh hoạ để lấy xu. Chứ đồ coolmate là khỏi chê vào đâu nha mọi người,2023-11-16 17:33:57,1,30,141,4.548387096774194,0.0,3,1,1,0,0.0,0,0,0,1,0.49505574387807166
30e65668ab662ab78ef2cb41f2e0a3b08d3f79515c9b846848f31be1796c2eb0,"Đúng với mô tả:đúng Màu sắc:đen Vải mặc nhẹ, thoáng, nhanh khô, đã mua của shop nhiều lần, sản phẩm chất lượng và uy tín, giao hàng nhanh...",2023-03-04 14:43:01,0,28,140,4.827586206896552,0.0,3,2,1,1,0.0,0,0,0,0,0.061755099443342516
232df804748f05d60a5b373bdb773683dc6ff8bc43c22d0fe26b406c13f95788,Chất liệu co dãn tốt. Sản phẩm đẹp phù hợp với giá tiền. Giao hàng nhanh. Đóng gói cẩn thận. Không biết có chương trình gì nhưng mua 4 cái áo được tặng 1 quần lót. Mặc lên ngy bảo mông ngon @@,2022-08-13 09:40:14,0,43,192,4.363636363636363,0.0,0,1,1,1,0.0,0,0,0,0,0.05527404609929052
d50535e49033c418b8c307f58f8b4dbe3aca2c973f43942a64cc31c20e3a6a0b,"Đầu tiên phải khen là đóng gói vô cùng chỉn chu, áo có tag đầy đủ. Chất áo mỏng nhẹ thấm hút mồ hôi tốt, phù hợp chạy bộ",2024-12-24 00:11:14,0,29,120,4.0,0.0,0,1,1,1,0.0,0,0,0,0,0.05748854437848333
43140c42de6957679a280351678d0126fbc4098b3abee16dafe0dc42f8f9e2f7,Chất liệu:Poly Màu sắc:Đen Áo thấm hút mồ hôi hiệu quả. Mình tập gym cả buổi vẫn không thấy áo thấm đẫm mồ hôi. Mình hài lòng lắm,2023-04-03 10:30:05,0,28,129,4.448275862068965,0.0,3,1,1,1,0.0,0,0,0,0,0.004296678124020562
eb2726314b59494924ba3cf1f84bd7a51f8985ab9ae2b32e3b71163345fb4ba8,"Thấm hút:tot Vật liệu:nhe Độ bền:tot Ao đẹp, mỏng, nhẹ, thậm hút mồ hôi tốt. Thich hợp thời tiết mùa he va hoat dong thể thao. Chất luong tuyệt vời. Tôi đã mua cho con trai voi tật cả cac màu mà shop có. Khuyen cao moi nguoi nên mua.",2026-01-13 09:41:23,0,50,233,4.568627450980392,0.0,4,1,1,0,0.0,0,0,0,0,0.09502066932577734
1c32dd425d23c4895c4be29e9f2a8a6ebc81e238d2c8b7a4d034da9979bf702b,"Màu sắc:Xanh da trời Đúng với mô tả:Hàng đúng với mô tả trên gian hàng Shopee Chất liệu:100% cotton Chất vải cotton mặc thoáng mát, thấm mồ hôi tốt. Màu sắc da trời trông cũng trẻ trung. Mình mặc khi chạy bộ, vận động thể dục thể thao thấy rất thoải mái. 5* cho shop.",2022-09-29 06:43:01,0,55,267,4.767857142857143,0.0,4,1,1,2,0.0,0,0,0,0,0.13904926112748234
8cd1b0978eed0fca07e83e7bc25ad7bbd781e7bbfdd1bf1d32f83f368ae593f2,"Màu sắc:đúng xanh navi Đúng với mô tả:đúng mô tả Chất liệu:polyester Quá êm, vải mịn, mát, đàn hồi tốt, phù hợp cho vận động. Gia công đẹp, không sợi vải thừa.",2023-09-22 16:16:51,0,32,159,4.818181818181818,0.0,4,1,1,1,0.0,0,0,0,0,0.015216419794023928
d395b44c69946ecc477ad0de814a36ee8fc0dd63f2ac725e0d99a3801345297a,"Mặc thoải mái lắm nha Đã vậy còn đc tặng chiếc quần bé xinh Chưa đânh giá đc chất lượng, nhưng cảm nhận ngay khi nhận hàng là 5*",2024-05-30 00:43:29,0,29,128,4.266666666666667,0.0,2,1,1,2,0.0,0,0,0,0,0.05745778515808844
0f724b6ede1bf1f092c9001fce9c9fb03834fec04277c63c74c1de4730ad7798,"Vẫn chiếc hộp đó, vẫn là chất liệu vải đó. Mặc thích, thoáng khí. Rất đẹp vừa vặn mà lại giá rẻ chứ. Mọi người nên mua nhá ủng hộ cho coolmate tí nha hehhehehe",2026-04-15 12:12:02,0,35,159,4.416666666666667,0.0,0,1,1,1,0.0,0,0,0,0,0.044058080169379954
a5755de71fac8aca0acfabebb21047697e5135f979b948d2be5a0a3d97d6f68e,Chất liệu:thun Đúng với mô tả:đúng Màu sắc:xanh than Áo mặc mát lắm. Rộng rãi hợp với người. Quá rẻ khi mua trên live. Không nghĩ là giá rẻ vậy mua đc cái áo đẹp vậy ạ. 46k. Đỉnh. Cảm ơn shop ạ,2023-07-03 20:45:58,0,43,193,4.386363636363637,0.0,4,1,1,1,0.0,0,0,0,0,0.020779067259587062
549683fcfdc107da9dc65efdaa5bddace17c6a4f5735d50e7683d95d71dc300d,Áo siêu nhẹ nha. Thoáng khí thoát mồ hôi nhanh mặc chạy 2 tiếng mà. mồ hôi vẫn k đọng lên áo được size khá chuẩn cứ theo kích thước áo là đẹp,2025-03-28 13:06:23,0,33,141,4.147058823529412,0.0,0,1,1,2,0.0,0,0,0,0,0.06707864415443698
2765eaea5535e66f515c6c49f4e02538d53a0df8984c9494686ec52a63c23b7d,"Thấm hút:okay Vật liệu:nhe Độ bền:okay Hàng giao nhanh Hàng giao đúng như mô tả Chất liệu đi đôi với giá thành Hàng việt nam chất lượng cao Mặc mát, thoải mái Sẽ còn mua thêm",2026-04-12 10:34:48,0,36,174,4.702702702702703,0.0,9,1,1,1,0.0,0,0,0,0,0.22357642172187284
719512823d7513a3f82f88bab7572bcf7107ffd52a6bad3dcc5b42882a1eb46e,"Áo thấm hút mồ hôi rất tốt, khô nhanh sau khi vận động. Chất liệu vải nhẹ, mềm mại và thoáng mát khi mặc. Có vẻ như chất liệu ổn định",2026-05-07 13:03:26,0,31,133,4.15625,0.0,0,1,1,1,0.0,0,0,0,0,0.04309124433398836
7a882df4441aa3c3dc88dbcbafc397227e0114fa77d06b932a49d8cfa9480c18,"Chất liệu:tHoáng mát Màu sắc:XAnh navy Nhận hộp hàng cảm thấy rất hài lòng, từ cách đóng gói cho đến chất lượng sản phẩm. Rất nên mua",2022-07-26 19:08:00,0,27,133,4.75,0.0,3,1,1,1,0.0,0,0,0,0,0.00640954954424461
b393daf74a7bb893815181f2319dc45d1a6e40b7f7cf8addeb16963546af022b,"Áo thoáng mát phù hợp cho vận động, chơi các môn thể thao. Shop xử lý đơn hàng hợp lý và đúng cách, khi báo giao thiếu shop xử lý gửi bù rất nhanh.",2026-04-05 13:03:58,0,34,147,4.2,0.0,1,1,1,2,0.0,0,0,0,0,0.06384864940748178
1c6e09431933d830fe60ac7d11d16f05df7cd870c7c896c91751dd09c30b7dc3,"Thấm hút:ok Vật liệu:mềm, nhẹ Độ bền:ok Shop chuẩn bị và giao hàng nhanh, chất lượng sản phẩm tốt trong tầm giá. Màu thật đậm hơn trong ảnh. Sẽ ủng hộ shop tiếp.",2026-04-25 10:12:04,0,33,161,4.735294117647059,0.0,4,2,1,1,22.13050925925926,0,0,0,0,0.060201585346810055
6aabd3a49e8fbb73c55f92a1155965197a1551ce71f783052337336b658bb776,"Hàng đã nhận như mô tả, sản phẩm tốt, hình thức đẹp. Đơn hàng giao nhanh, đóng gói kỹ càng. Dùng thời gian mới biết chất lượng sp.Thanks shop.",2025-09-14 11:46:58,0,29,142,4.733333333333333,0.0,0,1,1,2,0.0,0,0,0,0,0.07871270588715519
ce84089a9f14b08a6b74ef8f7268c3faaa21d44fea49d9e7735b4921a36de2a8,Đúng với mô tả:đúng Màu sắc:xanh nhạt Hàng dùng ok đã mua vài lần và giờ mua lại thôi. Áo cũng khá ổn so với giá tiền mọi người nên mua nhé,2023-06-20 08:25:42,0,32,139,4.212121212121212,0.0,3,1,1,3,0.0,0,0,0,0,0.0765347949135255
21f9eb241b8b1da10dd365b2de2aad31e04cae8dac4b3be0b9e0cef88c966559,"Thấm hút:áo thấm mồ hôi tốt, thích hợp cho vận động Vật liệu:chất liệu vải mềm. nhẹ, thoáng khí khi mặc, thoải mái vận động, đôn co giãn tốt Độ bền:có vẻ ổn, nhưng chắc phải qua thời gian mới biết được",2026-04-16 15:35:42,0,42,201,4.674418604651163,0.0,2,1,1,0,0.0,0,0,0,0,0.07533229114413532
e42673d81ed09b7308336c5e08423e3b01cedf961ca0e28502f33ddb5f7490ac,"Màu sắc:xanh than, đúng mô tả Chất liệu:thoáng, có vẻ hơi nhiều Poly 1 chút nhưng ổn, khó nhăn Đúng với mô tả:Yes Có 2 ưu điểm rõ ràng của Coolmate hiện nay: chất lượng sản phẩm/giá tiền = tốt và dịch vụ sau bán hàng tốt. Việc đổi hàng dễ dàng và chuyên nghiệp khi shop tự tạo đơn 2 chiều đổi rất nhanh cho KH. Sẽ là 1 KH trung thành",2023-07-13 17:03:06,0,73,333,4.5,0.0,4,1,1,0,0.0,0,0,0,0,0.19738118357884588
68ac4a62c3a234c337eab4063a958840212d2d478b95443a8eb5497a3f514844,"Thấm hút:áo thấm hút mồ hôi rất tốt, khô nhanh sau khi phơi. Vật liệu:chất liệu vải nhẹ, mềm Độ bền:khá bền, ko có hiện tượng giãn chỉ",2026-03-21 21:39:01,0,28,134,4.620689655172414,0.0,2,1,1,0,0.0,0,0,0,0,0.07452435383584244
f9274a77e8f1fb66838f762662d6c4a787a3f35cee30260f4690d9155591b748,"Đúng với mô tả:áo ưng lắm nha mn mặc vào vừa khít luôn mình m7,60kg mặc ok lắm 10/10 lại còn ship nhanh vãi=)) Màu sắc:đen",2023-07-30 18:53:56,0,26,122,4.518518518518518,0.0,1,1,1,1,0.0,0,0,0,0,0.029840898425676565
382d75fbe590eb6885df1f72af279cf149c1238b1e124e2fe373493c87bacff7,"Màu sắc:Xám Áo đẹp, có hộp xịn sò nha mn. Nói chung vậy là quá ổn cho 91k 1 cái áo thun nam thông hơi. Form cũng đẹp nữa",2023-07-07 13:12:59,0,29,120,4.0,0.0,2,1,1,0,0.0,0,0,0,0,0.11097275623039307
ceeedf52c34a0f603362c9d88507e876290d0307e2bad601c19e5d75fce1527c,"Chất lượng sản phẩm:ngon Đúng với mô tả:ngon bo re san phảm này mua 6 món rồi, ngon bổ rẻ để đi tập thể thao, bận ngủ thì mát",2025-01-17 18:18:50,0,29,125,4.166666666666667,0.0,3,4,1,1,0.0,0,0,0,0,0.16799222499282593
9a8b4f21eeaaa61daca057228190ec0c224c6ee45d60071f0c7d553310095d24,"Chất lượng sản phẩm:ok Đúng với mô tả:OK Sản tốt bền phù hợp với giá tiền, ko chê gì được cả chấm 5 sao luôn",2024-05-04 21:28:02,0,25,108,4.153846153846154,0.0,3,1,1,1,0.0,0,0,0,0,0.04215546075132484
e88b7562b2c81883191ee856d51ce99bb348890cc87abdb2f9911a0bc45df7e7,"Đúng với mô tả:đúng Chất lượng sản phẩm:tuyệt vời Đã mua hàng ở shop Coolmate nhiều lần rồi, lần nào cũng đạt chất lượng cao hết cả. Nên với sản phẩm mới này thì không gì phải bận tâm quá nhiều nữa rồi... Áo mang thoáng khí, thuận lợi cho việc hoạt động thể thao ra mồ hôi nhiều",2025-07-02 16:00:13,0,59,278,4.633333333333334,0.0,3,1,1,1,0.0,0,0,0,0,0.1055250532380544
3f384b767955e7be3bbe4ae874f063053ce38ee7bbcc8501213f4fecc9d10777,Chất liệu:THun Màu sắc:đen Áo vải mát thấm hút mồ hôi nhanh vải giặt mau khô lắm mà giá phải chăng sẽ tiếp tục ủng hộ,2022-06-13 21:59:04,0,26,117,4.333333333333333,0.0,3,1,1,1,0.0,0,0,0,0,0.01563640135018089
3e8110ac3093487f1f6acc73d722bcfac0537a73139d1d96a9cbd7ab6ba84b9e,Thấm hút:áo thấm hút mồ hôi tốt Vật liệu:chất liệu vải nhẹ mềm mỏng Độ bền:ok Sản phẩm ok mặc dễ chịu dễ khô ráo sau khi vận động,2026-04-14 11:44:05,0,29,129,4.3,0.0,4,3,1,1,590.7896527777777,0,0,0,0,0.2206594187479388
22dd18bfa36998c2c3d36e4bffaf4a35348b712f174868c083eb3c576b28ee47,Áo đẹp đường may cũng ok vải mỏng nhẹ không biết có thấm hút mồ hôi không để mặc đi tập thể dục rồi đánh giá sau,2026-05-09 12:10:50,0,27,112,4.0,0.0,0,1,1,4,0.0,0,0,0,0,0.20441599275511854
5cf6ffc637e1090484354ae9232f44a08d0b275c383e595ad1050f91840c97e8,"Chất lượng sản phẩm:tot Đúng với mô tả:có Áo vải sợi lỗ, mát, thoáng khí, phù hợp với nhu cầu vận động thể thao. Mua cho ông xã sz L, tầm 68-69kg vừa.",2024-03-28 21:28:18,0,33,150,4.411764705882353,0.0,3,1,1,1,0.0,0,0,0,0,0.008056621116146969
22f945a0751d7f253f6359ed963768b149601afac3a78d501f908542cd5ffcf7,"Giao nhanh, đóng hộp đẹp và chắc chắn, chất vải có vẻ không mát bằng áo màu xám, mình 1m7 68kg mặc XL vừa vặn ko bó ko rộng",2023-02-16 20:43:39,0,29,123,4.1,0.0,0,1,1,3,0.0,0,0,0,0,0.11496359054052567
c28b99868f1689e9cd6d309748ce8b460fbede275c6b3807fc4e0cd6aba42e1d,"Chất lượng sản phẩm:ok Đúng với mô tả:đúng với mô tả Chất vải có lỗ thoáng, chất cũng nhẹ hợp mặc thể thảo hoặc lao động ra nhiều mồ hôi cần thoáng khí",2025-08-11 22:34:55,0,33,151,4.4411764705882355,0.0,3,1,1,1,0.0,0,0,0,0,0.007454712582202777
798a0c77ee6fa505ff96983a9c2d4e85e7c23f3e2c3afb4f9d7f035729214a75,"Chất liệu:vải Màu sắc:giống hình Đúng với mô tả:đúng Áo đẹp nha mn, mua của coolmate mấy lần rồi nên thấy rất hài lòng. Vải mát, mỏng, có điều size M mà thấy vânz hơi dài. Nv tư vấn nhiệt tình, mình vó bị nhâmg size mà nv hỗ trợ đổi size rất nhiệt tình. Hàng đổi lại rất nhanh. Nói chung 10d",2022-12-24 23:25:44,0,63,291,4.546875,0.0,4,1,1,4,0.0,0,0,0,0,0.23267799938824765
d7e8d72c1b6f5bfd5e76f5b21b920fd9a0bd646fa1d694354155fd20e135dc3e,"Thấm hút:Áo thoáng nhưng chất poly hơi nhiêif Vật liệu:Poly có lỗ li ti Độ bền:K bai xù, chảy xệ Trc mua 2 cái mặc thấy ổn. Đợt này mua thêm cái nữa mặc",2026-04-07 22:19:31,0,34,152,4.3428571428571425,0.0,4,2,1,2,333.4635648148148,0,0,0,0,0.15494998360684062
a87ca7fab8fbefe9ac727d1f1b22401bd2e7deabcb75411c9906bae150fd6ebe,"Chất lượng sản phẩm:tot Đúng với mô tả:đúng giao hàng nhanh, chất lượng sản phẩm tốt, hàng bọc cẩn thận sau sẽ ủng hộ shop",2024-09-11 21:33:39,0,25,122,4.6923076923076925,0.0,3,1,1,1,0.0,0,0,0,0,0.007900543097710445
64a9ad333d0ed12debc870af21913e1edbb8aaf4b1c87b0f9826cf8aeceb9144,"áo đẹp chất lượng tốt mặc mát, phơi nhanh khô, giá cả hợp lý đẹp",2024-06-03 00:16:07,0,15,64,4.0,0.0,0,2,1,2,0.0,0,0,0,0,0.26187323556775577
f2c4c4efb419179c6ac9fcd8096b0aea3dc55522a1e8cd39fd3c8249625fd3ec,"Sản phẩm này thật sự tuyệt vời! Chất lượng vượt xa mong đợi, thiết kế tinh tế và tiện dụng, phù hợp với mọi nhu cầu sử dụng hàng ngày. Độ bền cao, chịu lực tốt, giúp tôi yên tâm khi sử dụng trong thời gian dài. Giá cả hợp lý, xứng đáng với chất lượng mà sản phẩm mang lại. Đặc biệt, dịch vụ khách hàng hỗ trợ nhanh chóng và nhiệt tình, làm tôi cảm thấy rất hài lòng. Đây chắc chắn là lựa chọn hàng đầu cho bất kỳ ai đang tìm kiếm sản phẩm đáng tin cậy và giá trị",2025-06-23 13:39:34,0,104,462,4.4,0.0021598272138228943,0,1,1,0,0.0,0,0,0,0,0.4897685979684306
a44df38bb51584b65c3d3f747d74e18005b2a42fb8e7eb38cc32ae0e353b23c1,"Chất lượng sản phẩm:depj Đúng với mô tả:dụg Shop giao nhanh. Sp đẹp và rất ưng ý, lên fom đẹp dã man , moin thứ đều tốt",2024-08-23 03:48:47,0,27,119,4.25,0.0,3,2,1,1,0.0,0,0,0,0,0.0613142604730202
548913701a750c8aab158c2ab8aa597b227d7570de2361c1494e509c72150cb4,"Chất lượng sản phẩm:tốt Đúng với mô tả:đúng giao hàng nhanh, áo thấm hút mồ hôi nên mỏng nha, giao đúng hàng, chất lượng oke nè",2024-10-22 10:02:54,0,26,127,4.703703703703703,0.0,3,1,1,1,0.0,0,0,0,0,0.004632497204720887
415a43016fa4586b07506dde067cf79ea470412926ac78b71596421412ce9581,"Đúng với mô tả:đúng Chất liệu:co dãn Màu sắc:đen xám Chất liệu thoáng mát và thoát mồ hôi tốt, quần có hơi rộng size hơn xíu nhưng co dãn và thoải mái rất nhiều mua nhiều lần rất ưng bụng",2023-05-17 09:36:07,0,40,187,4.560975609756097,0.0,4,1,1,0,0.0,0,0,0,0,0.05484636626684347
d17f60658f548a10cb9cb8a123303f171ba78ad93fa7f79527961f1ecd5efc2c,"Shop giao hàng nhanh, Sản phẩm tốt, các thông số chuẩn nên chọn áo là đúng luôn và hàng đẹp, nên mua mọi người nhé. Ủng hộ shop các đơn tiếp.",2025-03-19 20:43:36,0,31,141,4.40625,0.0,0,1,1,4,0.0,0,0,0,0,0.15712765318510552
bc6c826b838b85f0e5eecd1b4e02733dc1db21d560a8ef82ae015f9f7acb84f3,"Màu sắc:Đúng màu Đúng với mô tả:Đúng Chất liệu:Thoáng mát Sản phẩm của Cool mate thì hoàn toàn yên tâm rồi. Vải mỏng nhẹ, thoáng khí, khá ổn trong tầm giá.",2023-04-21 23:24:38,0,31,155,4.84375,0.0,4,4,1,1,0.0,0,0,0,0,0.15517622703396552
f1e6332772d3f9504ea24bfe140de196f6e6001b82403d1caf27cc19986b1ec2,"Thấm hút:hút nhanh, mau khô Vật liệu:thoáng mát, mềm mại Độ bền:tốt Đúng mô tả, mua nhiều lần rồi nên không có gì để chê",2025-11-17 21:26:46,0,25,120,4.615384615384615,0.0,4,1,1,2,0.0,0,0,0,0,0.04896411643548012
e9b6a4414586fe92e57e77d933d55e5b95d1bd6306a1dd37a62857704dbb864b,"Thấm hút:oke Vật liệu:tot mem mai Độ bền:tốt Áo có thiết kế đơn giản nhưng rất tinh tế, form mặc lên gọn gàng và tôn dáng. Chất vải mềm, thoáng, mặc cả ngày vẫn thấy dễ chịu, không bị bí hay nóng. Đường may chắc chắn, hoàn thiện khá tốt nên nhìn tổng thể khá chỉn chu. Màu sắc đúng như mô tả, dễ phối với nhiều kiểu quần khác nhau, đi làm hay đi chơi đều hợp. Nói chung với mức giá này thì chất lượng ổn áp, đáng để mua thêm vài màu cho tủ đồ. 👌",2026-03-06 09:28:26,0,99,445,4.45,0.0,4,1,1,0,0.0,0,0,0,0,0.34685695077131645
b858e6f200e6a4f59424df6e6921c27c71407d692c35ad4d504f71489048fde6,"mua rất nhiều loại áo bên Coolmate, chất liệu rất ok và thoải mái, giá hợp lí ♥️♥️♥️",2022-11-13 11:43:43,0,18,84,4.421052631578948,0.0,0,1,1,1,0.0,0,0,0,0,0.09504755641297033
7a525c61cd4a399f5ff4bfaa9e4dad677f4f8070471ba9497f4b984a8afcf21e,"Đúng với mô tả:ok Chất lượng sản phẩm:tốt Shop chuẩn bị hàng và giao hàng nhanh Sản phẩm như giới thiệu! Đầy đủ và đúng số lượng,phân loại Gói hàng kỹ, chắc chắn Rất hài lòng về cách phục vụ! Hình ảnh và video chỉ mang tính chất nhận xu!",2024-01-22 11:48:21,1,50,237,4.647058823529412,0.012605042016806723,13,1,1,2,0.0,0,0,0,1,0.9213496528265331
490f3bee6867b346b788061833d8000a153f093d80db3140aaa23ae27ab4d996,"Em trai mình 1m77 nặng 77kg mặc 2XL đẹp nha. Tà áo không quá dài nên bé rất thích. Chất vải mịn mát, thích hợp mặc mùa hè này lắm nha. Video nhận xuuuuuuuuuuuu",2024-05-25 13:29:14,1,34,159,4.542857142857143,0.0,2,1,1,2,0.0,0,0,0,1,0.4919331804955076
527c28016363b04391a2f1e7add30708bd6db1e6daca40cf8d844dcd1564f431,"Sale sale giá rẻ, chất khá thoáng khí, màu sắc cũng đẹp. Thanks",2023-11-06 21:52:03,0,13,63,4.5,0.0,0,1,1,1,0.0,0,0,0,0,0.16548663479038186
73a3c230a0fc215a7ce5a8ea608d4ce7c5fdd9a4cde3207f82d42a253bb2ee00,"Chất lượng sản phẩm:ok Đúng với mô tả:đúng Shop ngoài Bắc ,nhưng giao hàng nhanh so với các shop khác, phản hồi tốt, quan trọng là đúng số lượng, đúng size, sẽ ủng hộ thêm.",2025-09-22 15:22:44,0,35,172,4.777777777777778,0.0,3,1,1,1,0.0,0,0,0,0,0.012489669407089812
d41f250aedb89d7f2587d22b8c8d831a0315ad6261fc5ae62ea90ab023a90e4a,"Đúng với mô tả:Đúng với mô tả Chất lượng sản phẩm:Tuyet voi! Giao hàng rất nhanh, sản phẩm đúng với mô tả, mặc để đi bộ, chạy bộ rất là thoáng! Mình sẽ tiếp tục ủng hộ thương hiệu này!",2024-07-29 18:06:16,0,40,184,4.487804878048781,0.016216216216216217,3,2,1,1,0.0,0,0,0,0,0.30739548192728505
d891effd71616e4d71c2adf0794c96323c6044bbb27f80b8f46b75d5ea4932c2,Đồ mang rất đẹp và mát nha mn. Đã dùng nhiều sp của coolmate rất hài lòng với chất lượng. Sẽ còn ủng hộ dài lâu. Cảm ơn shop,2023-11-11 10:41:57,0,29,124,4.133333333333334,0.0,0,1,1,2,0.0,0,0,0,0,0.06993185074798693
7156fad510b02fee5f2c29cb60461102eadb07ec3d0ef19062157f3c36612fef,"Chất lượng sản phẩm:ok Đúng với mô tả:ok Shop giao hàng nhanh, đúng, đủ số lượng, chất lượng ẩn phẩm tốt, áo thể thao nam",2025-04-06 12:15:45,0,25,121,4.653846153846154,0.0,3,1,1,1,0.0,0,0,0,0,0.006471190797433515
1a414e6580be0096ec8cff98e730ad2949b2a142a2ec454e6b6ab238bab963e0,"Đồ coolmate thì quá ok rùi, mình chưa bao giờ ko ưng hết. Giá rẻ phù hợp nhu cầu mà chất lượng ok hơn mong đợi",2024-04-18 16:50:54,0,26,110,4.074074074074074,0.0,0,1,1,1,0.0,0,0,0,0,0.05771141325708124
11837125f11c831e9236b7f47181eaf2fa897824a169452f2a1ccd7f13e218c9,"Thấm hút:tham hut tot Vật liệu:mat Độ bền:tot Áo này mặc lên rất vừa dáng, chất vải mềm và thoáng nên không bị bí hay ngứa. Form áo chuẩn, đường may gọn gàng, nhìn đứng dáng và lịch sự. Màu sắc lên đẹp, dễ phối với quần jean hay kaki. Giặt vài lần vẫn giữ form tốt, không xù lông. Rất đáng tiền!",2026-03-02 10:38:28,0,63,295,4.609375,0.0033783783783783786,4,1,1,0,0.0,0,0,0,0,0.23611052076381622
e5cb930013ef49277bd909ed0f9205dcbc09e690d5e95a228ca8f84e3057f10f,"Màu sắc:Xanh lá sẫm Chất liệu:Cùng chất với áo bóng đá Đúng với mô tả:100% Chính sách của coolmate rất tuyệt vời. 10đ cho các bạn tư vấn, hỗ trợ mua hàng! 10đ cho shop vì cách làm việc rõ ràng, chỉn chu! Đổi trả hàng dễ dàng, ko hề có tâm lý lo lắng khi mua hàng online.",2023-04-03 11:51:06,0,59,270,4.5,0.007380073800738007,7,3,1,0,0.0,0,0,0,0,0.46182130242253655
348cd2f967d595b219b907a53053a5463e11d36c08d2adb5e269c043980b67b6,"Tôi rất hài lòng với sản phẩm này. Chất lượng tốt, thiết kế đẹp và dễ sử dụng. So với mức giá thì sản phẩm hoàn toàn xứng đáng, đáp ứng đúng nhu cầu của tôi. Giao hàng nhanh, đóng gói cẩn thận, không bị móp méo hay hư hỏng. Tôi đã sử dụng và cảm thấy sản phẩm hoạt động ổn định, bền bỉ, đúng như mô tả của người bán. Dịch vụ chăm sóc khách hàng cũng rất nhiệt tình, hỗ trợ kịp thời khi tôi cần tư vấn. Tóm lại, đây là một sản phẩm đáng để mua và tôi sẽ tiếp tục ủng hộ nếu có nhu cầu. Tôi cũng sẵn sàng giới thiệu cho bạn bè, người thân nếu họ cần",2025-07-20 15:58:28,0,126,547,4.307086614173229,0.0,4,1,1,0,0.0,0,0,0,0,0.5285193271684253
c22e0aa2abe796deb59398c5e47491fe08c3c968718cbfc3578407895842aeab,Chất lượng sản phẩm:OK Đúng với mô tả:Áo đúng với mô tã Mua trên live nv tv nhiệt tình. Áo chất vải mỏng nhẹ thoải mái. Mặc ở nhà hoặc đi tập thể thao ok 1m7 65kg size XL là vừa. Muốn thoải mái thì 2XL,2025-08-25 22:43:37,0,46,201,4.276595744680851,0.0,4,1,1,3,0.0,0,0,0,0,0.10798182012895736
476b36ba818a861b52e782838b5fe5ac70881a3439b511281ba67ed54a2dde1c,"Chất liệu:mát, hợp mùa hè Màu sắc:xanh navy Đồ Coolmate đẹp, giá cả tốt. Shop hỗ trợ khách hàng rất nhiệt tình. Cảm ơn shop!",2023-04-07 14:52:46,0,25,124,4.769230769230769,0.008,3,1,1,1,0.0,0,0,0,0,0.13983134899060443
26e9d8bc8fde611658da8d86085f44852a5e8cc37c7443fc17780680871d65ad,"Chất lượng sản phẩm tuyệt vời, giá cả hợp lý. Đã giới thiệu cho bạn bè. Sản phẩm dễ sử dụng, có ghi chú hướng dẫn rõ ràng. Tôi vô cùng hài lòng với lần mua sắm này. Giao hàng nhanh, đóng gói kỹ lưỡng. Sản phẩm chất lượng cao, giá khá tốt.",2025-09-03 06:04:58,1,53,238,4.407407407407407,0.0,2,4,3,0,187.39799768518517,0,1,0,0,0.9999999969716526
26e9d8bc8fde611658da8d86085f44852a5e8cc37c7443fc17780680871d65ad,"Chất lượng sản phẩm tuyệt vời, giá cả hợp lý. Đã giới thiệu cho bạn bè. Sản phẩm dễ sử dụng, có ghi chú hướng dẫn rõ ràng. Tôi vô cùng hài lòng với lần mua sắm này. Giao hàng nhanh, đóng gói kỹ lưỡng. Sản phẩm chất lượng cao, giá khá tốt.",2025-09-03 06:05:46,1,53,238,4.407407407407407,0.0,2,4,3,0,187.39855324074074,0,1,0,0,0.9999999969716526
26e9d8bc8fde611658da8d86085f44852a5e8cc37c7443fc17780680871d65ad,"Chất lượng sản phẩm tuyệt vời, giá cả hợp lý. Đã giới thiệu cho bạn bè. Sản phẩm dễ sử dụng, có ghi chú hướng dẫn rõ ràng. Tôi vô cùng hài lòng với lần mua sắm này. Giao hàng nhanh, đóng gói kỹ lưỡng. Sản phẩm chất lượng cao, giá khá tốt.",2025-09-03 06:05:21,1,53,238,4.407407407407407,0.0,2,4,3,0,187.3982638888889,0,1,0,0,0.9946626001786648
c11a2bb388b05d703a385c6d4d13553f32f2162110c6e29e621dae03e0c2a694,Thấm hút:tốt Vật liệu:mỏng nhẹ thoáng Độ bền:cần thời gian Sản phẩm chất lượng. Giá vừa túi tiền. Giao hàng nhanh đúng hẹn. Shipper thân thiện. Sẽ mua lại nhiều lần,2026-04-16 16:49:43,0,31,164,5.125,0.0,4,1,1,0,0.0,0,0,0,0,0.11817134557168091
210bc8e62071b6ad7b648d7a8afb801a4befa32425aa100d847202e3fe0d6bd3,"Thấm hút:tot Vật liệu:mem mai Độ bền:tot Áo thun thoáng mát, thấm hút mồ hôi tốt, shop giao hàng nhanh",2026-03-31 20:59:34,0,20,102,4.857142857142857,0.0,4,1,1,1,0.0,0,0,0,0,0.05389788706582552
d9dac8bbd7eef03d36a85db38a86758ac50b5b98a0306e712e41e79dc57fde3e,"Màu sắc:đen Chất liệu:Poly thoáng mát Sản phẩm giá hợp lí , vải mềm , thoáng mát , mặc nhanh khô , ủng hộ cho 5 sao , giao hàng nhanh",2023-02-09 11:24:21,0,31,133,4.15625,0.0,3,1,1,1,0.0,0,0,0,0,0.025679525712478068
cd033d9e582323b303b08d3ebaa0ff067b139a330bc4f4847dd13f0652175226,"Sản phẩm tuyệt vời, đúng với mô tả. Giao hàng nhanh chóng, shipper thân thiện dễ mến Đóng gói cẩn thận, có thể thấy tâm huyết của người bán. Hộp không bị móp méo, vận chuyển rất tốt. Thời gian giao hàng nhanh chóng, tôi không phải chờ đợi quá lâu để nhận sản phẩm. Chất lượng sản phẩm vượt mong đợi. Tôi rất hài lòng với trải nghiệm mua hàng này. Sản phẩm chất lượng tốt, đóng gói cẩn thận, giao hàng nhanh.",2026-04-26 13:16:19,1,84,407,4.788235294117647,0.0,4,1,1,1,0.0,0,1,0,0,0.6488336238153597
844223e3884f272e5514cc3f7f5eda957a40e5a168ae1e56ba9630d37d56ea13,"Coolmate là thương hiệu thời trang nam áp dụng công nghệ thời đại 4.0 vào mua sắm giúp phái mạnh tiết kiệm tối đa thời gian, tiền bạc mà vẫn lựa chọn được những món đồ chất lượng nhất. Ngay từ khi mới ra mắt, thương hiệu thời trang này đã nhanh chóng “chiếm trọn spotlight” và được nhiều bạn trẻ yêu thích từ chất lượng sản phẩm tới dịch vụ chăm sóc khách hàng.",2024-05-06 11:21:17,0,75,361,4.75,0.0,0,1,1,1,0.0,0,0,0,0,0.2958982376886186
1ca5489a28b584a50f88c720dbdff5d81d3700218b5a41c6110b7dbb487eb791,"Chất lượng sản phẩm:tuyệt vời Đúng với mô tả:hoàn toàn chính xác Áo đẹp hoàn hảo, chất vải mềm mịn, mát, đường may chắc chắn, chỉn chu đều thẳng tắp, vô cùng đáng đồng tiền bát gạo. Shipper giao hàng chu đáo và thân thiện. Cảm ơn Coolmate nhiều lắm và vô cùng yêu thích và ngưỡng mộ cách các bạn làm thời trang, vô cùng yêu thương và bảo vệ môi trường.",2023-11-09 01:18:45,1,73,352,4.756756756756757,0.0,3,3,2,0,0.0,0,1,0,0,0.8108710354892648
f7502b2b4fb5e9a3d5dcb8ca72152513930d37effd32734bdb1b3e2773cbac7c,Coolmate thì brand này ok từ chất vải đến form Local brand recommend cho nam giới. Màu và kiểu dáng phù hợp với style mình.,2024-12-13 17:10:58,0,25,123,4.730769230769231,0.0,4,1,1,3,0.0,0,0,0,0,0.09520359721825039
53d3286c1bdd9aa3bd5b1934654180f7073942977d68b6ffb565169495193c6b,"Shop giao hàng nhanh, đóng gói hàng cẩn thận, shop nhiệt tình hỗ trợ, shipper thân thiện, sản phẩm đúng hình chất lượng tốt giá phải chăng",2025-06-21 11:15:22,0,27,138,4.928571428571429,0.0,0,1,1,0,0.0,0,0,0,0,0.12148874106501588
64e049d2e93e5bd5cf1c2d1885160a48cabda24fb1afd3e87b34442b5bea1d0c,"Săn được giá tốt trên live, rất hài lòng. Áo polyester mặc thể dục thể thao thoáng khí, có thể mặc sinh hoạt thường ngày được, bộ sưu tập này có rất nhiều màu hay",2025-07-24 22:41:00,0,35,162,4.5,0.0,0,1,1,1,0.0,0,0,0,0,0.043225295458676656
55bc1af11ba7fa1ee397c04f5eff2c3fc0676b6f448cc2543b299222b0195ef8,"Đúng với mô tả:ok Chất liệu:thun Màu sắc:xám Chất mềm mịn mỏng mát. Đóng gói hộp xịn xò lắm, ko nghĩ là cái áo chưa tới 100k đâu ạ",2022-10-23 22:12:20,0,29,130,4.333333333333333,0.0,4,1,1,1,0.0,0,0,0,0,0.015132547260328517
8545fd2d31aef4b801121f4136751aafd9ff1947f8398940cd51adfa683dd36e,Màu sắc:grey Chất liệu:good Đúng với mô tả:đúng Áo mẵ khá thoáng mát hợp anh em mặc thể dục thể thao hoặc đi tập Thấm hút mồ hôi tương đối,2023-06-04 12:09:07,0,30,138,4.451612903225806,0.0,5,1,1,1,0.0,0,0,0,0,0.039080176692925545
3a31fc6c352ab2227b608157f2a0e12456fae20e47e773eccfeab31f924aa798,"Chất liệu:thoải mái Màu sắc:màu đẹp Đúng với mô tả:chuẩn với mô tả Màu chuẩn, size ok, mình cứ lo là chật quá mà người mình ốm sợ nó xấu mà lên form cũng đẹp",2023-05-25 14:52:47,0,35,157,4.361111111111111,0.0,4,1,1,0,0.0,0,0,0,0,0.05848878771705142
d1e492bdfe99c92a51fa1133ff1ce992165f25ab77a5c17a0bc767f0f6c6e150,Thấm hút:ok Vật liệu:ok Độ bền:ok dịch vụ tốt giao hàng nhanh đóng gói cẩn thận lần sau sẽ mua lại cua shop 100 lần nữa mọi ngừoi nên mua nha,2026-05-03 07:28:43,0,31,141,4.40625,0.0,4,1,1,1,0.0,0,0,0,0,0.007975032618422515
1c6e09431933d830fe60ac7d11d16f05df7cd870c7c896c91751dd09c30b7dc3,"Thấm hút:ok Vật liệu:ok Độ bền:ok Shop chuẩn bị và giao hàng nhanh. Chất lượng sản phẩm tốt, vật liệu mát, dầy vừa phải. Chất lượng hợp lý với giá tiền. Sẽ mua tiếp để ủng hộ.",2026-04-03 07:04:08,0,37,175,4.605263157894737,0.0,4,2,1,1,0.0,0,0,0,0,0.045801307947124344
32c5f9a9ab7bf51986bc859e9a81e9d728dfc28fe758833dc457074f1e28c866,"Thấm hút:ok Vật liệu:ok Độ bền:ok Shop giao hàng nhanh, đóng gói cẩn thận, sản phẩm đúng mô tả. Sẽ ủng hộ lần sau! Hàng nhận được rất ưng, chất lượng tốt trong tầm giá. Shop phục vụ nhiệt tình. Sản phẩm ok, giống hình, dùng ổn. Giao hàng nhanh, đáng mua.",2026-04-10 23:12:10,0,52,254,4.7924528301886795,0.00392156862745098,6,4,1,0,1014.1814814814815,0,0,0,0,0.6939993013581885
dce887d3d342f67292ccb914396b29e2f93f20153ee783a4763932715d0a668f,"Ok, đây là bài đánh giá 51 từ cho Shopee: Sản phẩm nhận được đúng như mô tả của shop, chất lượng rất ổn so với giá tiền, đóng gói cẩn thận, chắc chắn, giao hàng nhanh chóng, thái độ phục vụ của shop nhiệt tình, hỗ trợ khách hàng chu đáo, nói chung là rất hài lòng, sẽ tiếp tục ủng hộ shop trong những lần mua sắm tiếp theo. Bạn có muốn mình viết thêm vài bản khác cũng đủ 51 từ để bạn lựa chọn không?",2025-08-19 14:28:17,0,89,400,4.444444444444445,0.0,4,1,1,0,0.0,0,0,0,0,0.30771436582569894
f7bd7423415df0014c40701ba967c0a3ac878c13e4d4d750260166abd2a39e7d,"Mỏng, nhưng ko mỏng quá, nhiều lỗ, nhưng lỗ ko to và ko nhiều quá, form áo vừa vặn ko phải bó eo và ko dài như đồ gym, vừa đúng size hằng ngày nha ae, nên mua lúc sale giá ok",2024-10-25 17:58:44,0,42,174,4.046511627906977,0.0,0,1,1,4,0.0,0,0,0,0,0.18534135077389619
12236c931b901e306b2bfef878fa1ad6ab89e2d6d4b6f8c6c9e1c9ba1f524c1c,"Chất lượng sản phẩm:tốt Đúng với mô tả:áo đẹp giá rẻ phù hợp, chất liệu khá tốt, yên tâm khi sử dụng, giặt không bị co dễ giặt dễ sử dụng nên mua các mẹ nhé",2025-07-12 08:04:09,0,36,156,4.216216216216216,0.0,3,1,1,0,0.0,0,0,0,0,0.06896663260162036
ceeedf52c34a0f603362c9d88507e876290d0307e2bad601c19e5d75fce1527c,Chất lượng sản phẩm:ngon bo re Đúng với mô tả:dung mau xanh dep màu đẹp chiếc áo thứ 5-6 của mình rồi 1m75 69kg XL chuẩn đẹp,2025-07-27 18:07:52,0,27,124,4.428571428571429,0.0,3,4,1,1,190.99238425925927,0,0,0,0,0.17552062279300193
7ec9d288df20343cbb5fdde5e23b9ff269b20b040839537270cdd6234eda4fb2,"Chất lượng sản phẩm:ok Đúng với mô tả:đúng Vải mát mặc ở nhà thoải mái mát mẻ nha, ndndbdbdbbdbd",2023-11-11 11:53:03,0,19,96,4.8,0.0,3,1,1,1,0.0,0,0,0,0,0.052917919127888964
7b7f6fcf3d24351b96ef3bedb40eaeeab6e80501ea92e6a9adeb1ba6cb145ce5,"Giao đúng hàng, thích hợp làm quà tặng. 2 áo mua 2 mẫu khác nhau, chất lượng đi đôi giá tiền th ạ, 2 áo vải đều mát, áo navy lỗ bự và thoáng hơn. Vì tặng nên k rõ vừa k, shop cskh tốt, sẽ quay lại",2023-10-02 19:01:10,0,48,196,4.0,0.0,0,1,1,5,0.0,0,0,0,0,0.3427145840993769
anonymous_user,"Chất liệu:thoải mái Màu sắc:đen Đúng với mô tả:đúng Áo mặt mát, vận động thoải mái, vừa vặn, thấm hút mồ hôi, giao nhanh nữa, lần sau sẽ mua lại.",2023-04-17 18:15:11,0,30,145,4.67741935483871,0.0,4,8,1,1,323.09399305555553,0,0,0,0,0.42640572510254293
8072e863e1d064620c54899fc2d4e3b4935deaab682c63e507590f472300fb44,"Giao đúng mẫu, số lượng đã đặt. Vải mỏng nhẹ, mát; mặc thoải mái. Màu hồng marsala này đẹp, mặc lên người cũng sang nữa.",2025-07-11 00:05:17,0,25,120,4.615384615384615,0.0,0,2,1,2,376.0183680555556,0,0,0,0,0.2259450574482529
217e47345c7433d0927d809f7035764f8a1d59cac73fcb6fcdff3a1072bddec5,"Thấm hút:thấm hút tốt, khô nhanh Vật liệu:mềm nhẹ thoáng Độ bền:oke nha shop giao nhanh đúng và đủ đồ, mãi iuuuu",2026-04-01 13:49:53,0,22,112,4.869565217391305,0.0,4,3,2,1,1.7517824074074073,0,0,0,0,0.44742749597429304
3b301f2f84dd83b278435d968e9d95af62fe3eb6bbf145582dc3f864c09120ca,Chất lượng sản phẩm:okela Đúng với mô tả:đúng Canh sale nên mua dc với giá rẻ ổn áp so với giá mặc nhà thoải mái jxjdhdjdj,2024-07-17 17:26:32,0,26,122,4.518518518518518,0.0,3,1,1,1,0.0,0,0,0,0,0.005191750387661278
45db2cb535c5f88cfcadac3fff9f076f6ba31f6dfea1c3093041265e05793513,"Chất lượng sản phẩm:tốt Đúng với mô tả:đúng Giao hàng nhanh. Sản phẩm đẹp. Chất áo mát, nhẹ, rất hợp vs thời tiết mùa hè này.",2025-06-22 22:32:47,0,26,125,4.62962962962963,0.0,3,1,1,1,0.0,0,0,0,0,0.0032078980892909096
cb79aabab4dc0a05e7d07787c9b625bd397025fa96c5eb0123e84ec93575dff7,"Đúng với mô tả:đúng như hình Màu sắc:chuẩn Chất liệu:đẹp Giá cả hợp lý, chất vải đẹp mầu sắc chuẩn như đặt hàng. Sẽ tiếp tục ủng hộ",2023-04-08 11:56:29,0,28,131,4.517241379310345,0.0,4,1,1,2,0.0,0,0,0,0,0.038710874321834156
32c5f9a9ab7bf51986bc859e9a81e9d728dfc28fe758833dc457074f1e28c866,"Thấm hút:ok Vật liệu:ok Độ bền:ok Sản phẩm được hoàn thiện chỉn chu, chất lượng đúng như mô tả. Shop đóng gói cẩn thận, giao hàng nhanh và chăm sóc khách hàng rất chuyên nghiệp. Trải nghiệm mua sắm rất hài lòng, chắc chắn sẽ tiếp tục ủng hộ trong những lần tới. Một trong những shop hiếm hoi khiến mình cảm thấy yên tâm từ chất lượng sản phẩm đến cách phục vụ. Hàng đẹp, tinh tế, đóng gói kỹ lưỡng và giao đúng hẹn. Rất đáng để trải nghiệm. Sản phẩm đẹp, chất lượng tốt và đúng kỳ vọng. Shop tư vấn lịch sự, phản hồi nhanh và rất có tâm. Tổng thể trải nghiệm mua hàng rất chuyên nghiệp và đáng giá 5 sao.",2026-05-23 13:29:25,0,127,604,4.71875,0.0,8,4,1,0,1056.7767939814814,0,0,0,0,0.9243177662897644
b81bd46fea799acd391094fa6214804cdc993c341decdbb68dd339e5a8eec8c1,Chất lượng sản phẩm:tốt Đúng với mô tả:đúng áo đẹp mặc thích đã nua nhiều lần rất rẻ oke ship nhanh mặc đi tập oki,2025-05-28 20:54:25,0,25,114,4.384615384615385,0.0,3,4,1,1,368.86375,0,0,0,0,0.20784987760506904
169174c57d2f2b6ea9c6328cb61ecc00a9f679c493aa2d50b901899537abb39d,"Sau khi mua nhiều đồ nam thì thấy Coolmate vẫn ok nhất. Mẫu áo này dạng lưới thoáng khí, nhẹ, giặt mau khô. Ưng nha. Đã mua gần chục cái r vẫn thik loại này nhất.",2025-06-23 14:21:00,0,36,162,4.378378378378378,0.0,0,1,1,2,0.0,0,0,0,0,0.06503634085649726
1ca5489a28b584a50f88c720dbdff5d81d3700218b5a41c6110b7dbb487eb791,"Đúng với mô tả:hoàn toàn chính xác Chất lượng sản phẩm:tuyệt vời Áo đẹp hoàn hảo, chất vải mềm mịn, mát, đường may chắc chắn, chỉn chu đều thẳng tắp, vô cùng đáng đồng tiền bát gạo. Shipper giao hàng chu đáo và thân thiện. Cảm ơn Coolmate nhiều lắm và vô cùng yêu thích và ngưỡng mộ cách các bạn làm thời trang, vô cùng yêu thương và bảo vệ môi trường.",2023-11-09 01:24:30,1,73,352,4.756756756756757,0.0,3,3,2,0,0.003993055555555555,0,1,0,0,0.8171736697095366
e93ffa4491206648a84c0a0822e177c859b1470436c1ebb17fefbbbb09c898f9,"Sản phẩm tuyệt vời, đúng với mô tả. Giao hàng nhanh chóng, shipper thân thiện dễ mến Đóng gói cẩn thận, có thể thấy tâm huyết của người bán. Hộp không bị móp méo, vận chuyển rất tốt. Thời gian giao hàng nhanh chóng, tôi không phải chờ đợi quá lâu để nhận sản phẩm. Chất lượng sản phẩm vượt mong đợi. Tôi urất hài lòng với trải nghiệm mua hàng này.",2026-04-25 14:30:06,1,72,347,4.7534246575342465,0.0,3,5,1,0,622.6559490740741,0,1,0,0,0.8170262418614646
3050c7d1c84ba68f1af8822efbd9ab00d87e9065c58a08fdf14e2ce20becdcfe,Thấm hút:áo thấm hút mồ hôi tốt khô nhanh sau khi hoạt động Vật liệu:chất liệu vải nhẹ mềm mịn mặc thoáng mát Độ bền:chưa thấy co giãn sau khi giặt,2026-04-07 18:49:08,0,31,147,4.59375,0.0,2,2,1,1,394.1093402777778,0,0,0,0,0.13416128955743434
b2b9b36210dd867800be2fa668b46c7045244f90f7b52a324d8fe925f1ca590b,"Màu sắc:đen Đúng với mô tả:đúng Chất liệu:không biết Đóng gói cẩn thận, vải rờ thấy mát, mình mua tặng nên k biết độ thấm hút mồ hôi sao",2023-07-10 16:43:42,0,29,136,4.533333333333333,0.0,4,1,1,1,0.0,0,0,0,0,0.005917785073400268
f3f9d56c5ce3ee138c858f9603d385e53c259a9e4ab2f74715107fe515ebb983,Đúng với mô tả:đúng Chất lượng sản phẩm:ok Thoáng mát thấm mồ hôi; giặt mau khô Chạy bộ hoặc chơi thể thao là đẹp Mình luôn tin tưởng và ủng hộ cool mate- hàng việt nam chất lượng cao ⭐️⭐️⭐️🫡🤣,2025-01-06 19:57:28,0,40,192,4.682926829268292,0.0,5,2,1,1,0.0,0,0,0,0,0.07678266743785346
53026270b2d1a8e7aee68478ede7a9c81765e0fb8cee38a3b71df2f29d2c701c,"Sản phẩm của chúng tôi được thiết kế với chất lượng cao, đáp ứng nhu cầu của khách hàng về tính tiện lợi và hiệu quả. Với nguyên liệu thân thiện môi trường, sản phẩm không chỉ bền vững mà còn an toàn cho sức khỏe người dùng. Chúng tôi cam kết mang đến trải nghiệm tuyệt vời, đồng hành cùng khách hàng trong cuộc sống hàng ngày. Đặc biệt, giá cả hợp lý và dịch vụ hỗ trợ chu đáo là điểm mạnh giúp sản phẩm nổi bật trên thị trường. Hãy trải nghiệm và cảm nhận sự khác biệt!",2024-10-11 12:50:00,0,101,471,4.617647058823529,0.00211864406779661,0,1,1,0,0.0,0,0,0,0,0.5087002490553572
b81bd46fea799acd391094fa6214804cdc993c341decdbb68dd339e5a8eec8c1,Chất lượng sản phẩm:đẹp Đúng với mô tả:tốt áo đẹp rẻ mặc mát rất oke nua nhiều lần rồi nên mua lại nên viets tj,2025-07-19 22:54:19,0,25,111,4.269230769230769,0.0,3,4,1,1,420.9470138888889,0,0,0,0,0.253227876752427
2e0ab33ae598e22e23ca4c29a4f208d6e7177f3d052981b8d7e4f03bbce0cf53,"Màu sắc:xanh Đúng với mô tả:đúng Chất liệu:không biết Áo vải thoáng, mặc được, size khá chuẩn, mua khi sale chỉ có 28k thôi 😆 nên k chê được gì",2023-10-02 14:28:02,0,30,143,4.612903225806452,0.0,4,1,1,3,0.0,0,0,0,0,0.06534160626281368
0adf0384b086954a2fd7be638ff2df4d70549da66414369fcfe206da2cca1b16,"Áo form đẹp, vải mát, mua màu xanh bóng đêm mà giống màu xanh sẫm kia, chắc phải mua thêm mấy cái sáng màu, áo coolmate chất lượng thì khỏi bàn",2023-04-08 23:13:19,0,31,143,4.46875,0.0,0,1,1,1,0.0,0,0,0,0,0.04065042319863791
c69ba222bbc06ed251394fcfbb61f0fcbd77b1e93d6130ce344f64383b2dd70b,"Đúng với mô tả:dung Chất liệu:Khong biet Màu sắc:den, xám Áo khá ổn, chất liệu mỏng, nhẹ, còn thoáng mát thì mình k biết nữa, mình ngồi điều hoà suốt ngày. Giao hàng nhanh, đóng gói đẹp. Sẽ ủng hộ shop lần sau. Ship thân thiện, mua hàng nhiều, ship đến cứ gọi điện bảo c lại có đơn 🤣",2023-07-24 10:03:19,0,60,283,4.639344262295082,0.0,4,1,1,0,0.0,0,0,0,0,0.1493746554244004
3e8110ac3093487f1f6acc73d722bcfac0537a73139d1d96a9cbd7ab6ba84b9e,"Đúng với mô tả:ddung Chất lượng sản phẩm:tốt Áo khá đẹp chất lượng vải khá tốt, mặc đi chơi thể theo khá là oke. Vải chất lượng tốt khó rách. Áo mỏng nên mặc mát mẻ. Mua thử nhưng khá hài lòng về chất lượng sản phẩm. Chuẩn bị hàng giao hàng nhanh ở HCM hôm nay đặt hôm sau đã có! Lần sau sẽ mua ủng hộ thêm!",2024-08-31 16:46:59,0,69,307,4.385714285714286,0.006493506493506494,3,3,1,0,0.0,0,0,0,0,0.3781308746154623
27208e851cd86e7bfed235d958795b2ed2788818d15abd4e25a486e873e0e7db,"Đúng với mô tả:✅️ Chất lượng sản phẩm:tốt Hàng được đóng gói và giao nhanh chóng. Chất liệu vải thoải mái, thoáng khí. Kích thước chuẩn, thích hợp khi tập đổ mồ hôi nhiều nhưng không gây mùi khó chịu. 👍",2024-10-15 23:56:17,0,41,202,4.809523809523809,0.0,3,1,1,0,0.0,0,0,0,0,0.05525530596989637
326becdca7eb23504dc4cc65c2a27261467db5baf7d45b4548c0b7cc4d6b059b,"Đúng với mô tả:ok Chất lượng sản phẩm:ok Chất này mát và rất nhanh khô ai dạng đổ mồ hôi nhiều không cần lo luôn, gió 1 tý là khô ngay",2024-10-26 16:35:54,0,31,134,4.1875,0.0,3,1,1,1,0.0,0,0,0,0,0.018055156831468452
2ff32f5358cd21b7653815714fae0d7d6766608003f771310684ffb0b7bfecdf,"Sản phẩm tuyệt vời, đúng với mô tả. Giao hàng nhanh chóng, shipper thân thiện dễ mến Đóng gói cẩn thận, có thể thấy tâm huyết của người bán. Hộp không bị móp méo, vận chuyển rất tốt. Thời gian giao hàng nhanh chóng, tôi không phải chờ đợi quá lâu để nhận sản phẩm.",2025-06-06 13:03:09,0,55,264,4.714285714285714,0.0,2,1,1,0,0.0,0,0,0,0,0.15085858864600005
e5a44c8139e3cbcf76e38e8392d7b1cec57eb67f681f50ca42bf728848f043f7,"Chất lượng sản phẩm:ok Đúng với mô tả:ok Chất vải mỏng, mát, mặc rộng rãi thì nên lấy hơn 1 size, shop hỗ trợ đổi trả nhanh chóng, hình ảnh chỉ minh hoạ lấy xu",2025-08-09 23:42:11,1,35,159,4.416666666666667,0.0,3,1,1,1,0.0,0,0,0,1,0.4550479012357105
996df77506ad7f17bfad6a539f8571167e43f62a0752921d41bcfc01404a0c6d,"Màu sắc:den Chất liệu:tot Đúng với mô tả:ngon Thật sự mình hay đọc feedback của ngta để mua sp, lần đầu mua hàng của shop phải nói là quá ưng, áo mỏng nhẹ, quần mát dễ chịu, mua 1 lúc 3 cái và sẽ mua tiếp ủng hộ shop, còn đc tặng đôi găng tay xịn xò quá",2023-08-22 11:44:39,0,58,253,4.288135593220339,0.0,4,1,1,2,0.0,0,0,0,0,0.12862165480429175
eccce73ac184b53e49422074994d21320b0b4be16d9239ba030e0bd5f60cb01d,"Sản phẩm này thật tuyệt vời! Thiết kế hiện đại, chất lượng cao cấp và trải nghiệm người dùng tuyệt vời. Tôi rất hài lòng với sản phẩm này, nó đáp ứng được mọi nhu cầu của tôi. Sẽ tiếp tục sử dụng và giới thiệu cho bạn bè!",2025-08-15 22:33:35,0,49,221,4.42,0.009009009009009009,0,1,1,1,0.0,0,0,0,0,0.21335779623314927
8cfd5983039b66b1798621e2211e723b60e483980e3e69baa52e65d94c664adf,"Chất lượng sản phẩm:tốt Đúng với mô tả:có Đóng gói cẩn thận giao hàng nhanh, chất lượng áo vẫn tốt như lần mua trước, vải mặc mât, nhanh khô, ko bai dãn",2024-06-02 20:46:27,0,32,152,4.606060606060606,0.0,3,2,1,0,287.3121296296296,0,0,0,0,0.15910796242248107
edeba50477a74d4a94924d3bb86fe55b92702e11cc4ffa8ca491cf6fcd353b8e,"Đúng với mô tả:ok Chất lượng sản phẩm:ok Áo đẹp, y hình. Giao hàng nhanh, gói hộp xinh đẹp, giá rẻ mà chất lượng quá ưng. Mình mua cho cả nhà mặc luôn :D",2025-11-16 23:56:24,0,34,153,4.371428571428571,0.0,3,1,1,0,0.0,0,0,0,0,0.05573137065236737
2aa6380196b2be7f429f304fe137c987db30746f05de5aebcc78bb1e5b4a08c0,"Mua đợt sale nhưng shop vẫn giao hàng khá nhanh chóng. Chất vải mát, nhẹ. Đóng gói xinh lắm ấy. Ai mà mua tặng thì rất ok luôn. Hộp đóng gói sang, xịn, lịch sự. 10/10 cho shop.",2023-06-20 21:31:22,0,38,176,4.512820512820513,0.0,0,1,1,0,0.0,0,0,0,0,0.10034352679387767
18ecc93d621b56097083b681e74659dbcd70235e0f9ab1d0e20bd209abc7e556,"Thấm hút:ổn Vật liệu:nhẹ, thoáng mát Tôi không chụp được hình nhưng thấy ck tôi mang đẹp, vừa vặn, màu này không dìm da, dễ mặc",2026-05-07 01:12:10,0,26,127,4.703703703703703,0.0,3,1,1,1,0.0,0,0,0,0,0.004632497204720887
546f932e93d2522ad5f0769243309e46bf7f8565e62f1e68709166dadb00c7b3,Đúng với mô tả:dung mo ta Chất lượng sản phẩm:chất lượng tốt shop giao hàng nhanh. vải đẹp đóng gói cẩn thận,2024-11-10 20:42:31,0,22,108,4.695652173913044,0.0,3,1,1,2,0.0,0,0,0,0,0.06801646643143151
2ce5996ea0290bb3b8cc43ec44dc33066f67064fee78d8dbc5613a048ea60bab,"Chất lượng sản phẩm:tốt Đúng với mô tả:đúng Đã nhận được hàng đúng thời gian, đúng sản phẩm. Chất lượng tốt",2026-05-26 16:59:17,0,21,107,4.863636363636363,0.0,3,1,1,3,0.0,0,0,0,0,0.14309696547900266
e5519325d1576b17bc9f506a8dbca4b2484dab83a4cdf02f7d938792690c604c,"Chất liệu:Đẹp Màu sắc:tốt Nói chung là mua coolmates đẹp rẻ và xịn sẽ ủng hộ tiếp nữa ạ, chứ khum có thấy đâu giá tốt lại rẻ bằng mãi đỉnh nha",2022-10-14 12:27:18,0,32,142,4.303030303030303,0.0,3,1,1,0,0.0,0,0,0,0,0.057601390721309945
c8aca769cc818697ef695eb49f6dddfa1bf087e9cddb2d57011d833c0713c8c5,Chất liệu:tạm được Màu sắc:sáng Đúng với mô tả:đúng Chất vải mỏng nhẹ.chắc cũng mát không được mặc nên đâu có biết.được cái màu sắc cũng được.cái cổ rộng hơn xíu thì tốt.,2023-09-17 08:18:41,0,33,170,5.0,0.0,4,1,1,1,0.0,0,0,0,0,0.04758199327974957
c51fd16abef2d20be4aad2bb4e67811ba5799d5b5dae21d2d102ce26c99f77b1,Chất liệu:cotton Màu sắc:chuẩn Đúng với mô tả:chuẩn Mình chưa test thực sp vì mình mua tặng nên để ng nhận mặc thử xong sẽ đánh giá chính xác hơn. Tuy nhiên mình tin sp shop uy tín nè. Shop soan hàng nhanh lắm 💓💓💓 cám ơn shop nhiều lăm nha,2023-03-11 20:05:02,0,51,239,4.596153846153846,0.0,4,1,1,1,0.0,0,0,0,0,0.05159294810415376
0052fc97014f3495b7c8e9de6e29e3886c704294fc8d5e95e71efbf8eafed121,"Chất lượng trên cả mong đợi, giao hàng nhanh như chớp!"" ""Sản phẩm đẹp xuất sắc, đúng như hình, shop uy tín 5 sao."" ""Đóng gói cẩn thận, giá cả hợp lý, sẽ ủng hộ shop dài dài."" ""Mình đã mua nhiều lần ở shop này, chưa bao giờ thất vọng."" ""Hàng đẹp, giá tốt, phục vụ nhiệt tình, không có gì để chê.""",2025-09-15 01:18:25,0,64,295,4.538461538461538,0.0033783783783783786,8,1,1,0,0.0,0,0,0,0,0.3819241357963021
2914653dee5186d2e49b8f75809dfa19d4f2f4993ea5cb91445764ab2573265f,"Chất lượng sản phẩm:Vải thoáng mát, thấm hút tốt Chất liệu vải thoáng mát, đường chỉ may chắc chắn, giá sale rẻ, có điều ko có hoạ tiết gì nhìn hơi thô, sp tốt, đóng hộp cẩn thận.",2024-07-08 23:15:18,0,38,179,4.589743589743589,0.0,2,1,1,4,0.0,0,0,0,0,0.14023815230101738
64491de5510467c59e665443d5f9f296c5d279d9eb59302078bc7d6523fe8c16,Lần trước mình đặt nhầm sz liên hệ shop đổi rất nhiệt tình. Tks shop Sản phẩm chính hãng. Giá cả hợp lý. Shop tư vấn rất nhiệt tình. Săn sale nên được giá khá tốt. Sẽ ủng hộ tiếp Hình ảnh mang tính chất nhận xu,2023-10-17 11:07:48,1,47,210,4.375,0.0,4,1,1,2,0.0,0,0,0,1,0.499557311258023
6a0737c24fa971627dd3e39e41b03dd3edb65011e15cc5938ae6f01b7e08acea,"Chất lượng sản phẩm:chats meemf thoansg mays Đúng với mô tả:đúng với mô tả Chất mềm thoáng mát, áo này rẻ mà mát, áo đắt hơn thì lại k mát bằng. Nhà mình đã mua đến 5 caia áo chất này.",2025-07-26 15:49:42,0,41,184,4.380952380952381,0.0,3,2,2,1,0.0,0,0,0,0,0.3276793974907843
cf10e7321143fdd3a3f67b39d3a996951c23d4b999e1c92ec8229e3912542138,"Đúng với mô tả:ok Chất lượng sản phẩm:ok Vải ok, mua loại vải cool mát thiệt, ck t bị khoái, các mẫu thường khác thì mình thấy cũng ok ko quá đặc sắc nhưng thun thoải mái. Thích cái mà mua về mặc liền đc ko cần giặt lần đầu",2025-09-26 23:55:03,0,50,223,4.372549019607843,0.0,3,1,1,5,0.0,0,0,0,0,0.28723382932571845
2622b925fbbc1634457799175b098541a17518e74d25f0701b048d6a1b724f94,"Đồ Coolmate chất lượng, giá săn sale nên ổn, vải đẹp, đúng size, hàng tặng cũng chất lượng lắm. Đã mua, ưng ý, giờ cứ chờ sale là mua cho chồng và con trai thôi.",2025-08-11 09:51:23,0,35,161,4.472222222222222,0.0,0,1,1,1,0.0,0,0,0,0,0.043225295458676656
bc2a8ce68b885996c2188f8b2fbc44720cde368cc47a3f9802889620ea2702d2,"Đúng với mô tả:giống với hình Chất lượng sản phẩm:tốt Không có gì để chê. Áo mặc mát mẻ, chất lượng tốt. Giao hàng nhanh chóng",2024-12-12 23:35:42,0,26,126,4.666666666666667,0.0,3,1,1,1,0.0,0,0,0,0,0.0032078980892909096
4de0f639d04576f55e7eb36b7db526a2078a6e2456fe92ec54a11233ff29c209,"Áo chất thể thao nhẹ thoáng khí, mặc vừa vặn. Mình mua mấy lần rồi lần nào cũng ưng. Sẽ ủng hộ shop nữa. Cho shop 5 sao luôn",2023-07-07 21:54:58,0,29,124,4.133333333333334,0.0,0,1,1,1,0.0,0,0,0,0,0.043071915307990864
47e7327da38285b729ff2889d98243bc238568e98ad9a995d6e0a0fd0e383f94,"Đúng với mô tả:đúng Chất lượng sản phẩm:tốt Hàng này đẹp nên mua vì chất lượng model thể thao, trẻ trung, hấp dẫn khi mặc.",2024-12-18 19:13:14,0,25,122,4.6923076923076925,0.0,3,1,1,1,0.0,0,0,0,0,0.007900543097710445
7f21d68c1149df8320c5fb9693739a39de88d49ab521264f2e546eb901187129,"Giao hàng nhanh, đóng gói cẩn thận và đúng sản phẩm. Áo mặc mát mềm",2026-05-03 11:49:46,0,15,67,4.1875,0.0,0,1,1,1,0.0,0,0,0,0,0.12840149452432642
eff5cb7b4cd935a7c1c90757b7c67eb7d5ad764db1dcc850beaf5ea795da8e55,"Đúng với mô tả:Đúng với mô tả Chất lượng sản phẩm:Tốt Gói hàng cẩn thận, giao hàng nhanh, sản phẩm tốt, giá thành tốt, hài lòng",2025-08-27 21:16:37,0,26,127,4.703703703703703,0.0,3,1,1,1,0.0,0,0,0,0,0.004632497204720887
6023d4ad310fdc79c4d228d5f2cc43bf95bcae0b3290fc085b29baff428077bb,Chất liệu:Tốt Màu sắc:Đúng mô tả Đúng với mô tả:Chuẩn Luôn hài lòng với chất lượng quần áo của CoolMate. Đã mua lần này là lần thứ n rồi ạ 😍,2023-06-26 06:46:04,0,31,140,4.375,0.0,4,1,1,1,0.0,0,0,0,0,0.007975032618422515
b0595453d94f339852941321417d3c69ea1ed99672ee543d09ce213763ac68cd,"Đúng với mô tả:Đúng Coolmate thương hiệu tốt, chất lượng sản phẩm phù hợp với giá tiền. Đóng gói cẩn thận.",2023-11-23 17:35:45,0,21,106,4.818181818181818,0.0,2,1,1,1,0.0,0,0,0,0,0.06557942439455355
c027bb526db5b231120f131357dc632c639b7f868c8f05c8091733f2d853164f,Màu sắc:Đen Đúng với mô tả:Hoàn toàn đúng với mô tả Áo đẹp lắm mọi người ạ. Shop đóng gói hàng rất cẩn thận. Chất lượng hông có gì để mà phàn nàn nên mua nha mọi ngườiii ơiii. Xứng đáng đồng tiền bỏ ra ❤ Sẽ tiếp tục ủng hộ shop trong những lần tiếp theo!,2023-06-02 23:25:40,0,57,254,4.379310344827586,0.00392156862745098,6,1,1,2,0.0,0,0,0,0,0.30549059275315366
68cb2bf86ba84319adeba73baeec36d2575e9d9a4054d0d669af464b722c9c1a,"Đúng với mô tả:ok Chất lượng sản phẩm:ok Giao hàng nhanh, đóng gói cẩn thận. Chất liệu ổn áp so với giá cả.",2023-11-28 20:21:46,0,23,107,4.458333333333333,0.0,3,1,1,1,0.0,0,0,0,0,0.028533212218634085
bcd84ddd12d250b2aa0b9b5b048e4abec9955fc8380d98d0c8cc6781eb514fba,"Sản phẩm thật sự tuyệt vời! Chất lượng vượt xa mong đợi, thiết kế đẹp mắt và rất bền. Dịch vụ giao hàng nhanh chóng, đóng gói cẩn thận. Giá cả hợp lý so với chất lượng. Tôi rất hài lòng và sẽ giới thiệu cho bạn bè. Chắc chắn sẽ ủng hộ lần sau!",2024-12-07 00:01:27,0,55,243,4.339285714285714,0.00819672131147541,0,1,1,0,0.0,0,0,0,0,0.27443553970499585
81f5bd1019761f8f7b089825bf41d11c97bd1e2bdc6bf699ba76dd4ac15c3939,"Màu sắc:xanh navy, xám Đúng với mô tả:đúng Chất liệu:mát Chất lượng tốt. Mặc mát. Shop nhiệt tình. Hướng dẫn đổi size nhanh chóng. 5 sao",2023-05-26 13:10:30,0,26,136,5.037037037037037,0.0,4,1,1,1,0.0,0,0,0,0,0.05343458078035517
e1e0535439a82f2cc05860ff23cc999dd74dd497b7d50b7b20e91ef479d97973,"Thấm hút:đúng Vật liệu:đúng Độ bền:đúng Sản phẩm đóng gói cẩn thận, giao hàng nhanh, chất lượng phù hợp với giá tiền Sẽ ủng hộ lần sau",2026-05-01 21:22:42,0,27,134,4.785714285714286,0.0,5,2,1,1,307.5100115740741,0,0,0,0,0.15826822904220522
b81bd46fea799acd391094fa6214804cdc993c341decdbb68dd339e5a8eec8c1,"Chất lượng sản phẩm:tốt Đúng với mô tả:đúng Áo mỏng nhẹ giá vừa phải, mặc sẽ mát lắm đây, phù hợp chơi thể thao rất ok",2024-05-25 00:10:37,0,26,118,4.37037037037037,0.0,3,4,1,0,0.0,0,0,0,0,0.22216391931108218
d5919d46b34f9e3c9de57422e4eb440d79c1968cbb70dcaf364b8fc2b7b17952,Thặt sự ko có j để nói vì sản phẩm quá đẹp từ chất vải đến đường kim mũi chỉ mình mua hàng ở cool vài lần và chưa lần nào làm mình thất vọng cả,2022-03-18 10:50:07,0,36,143,3.864864864864865,0.0,0,1,1,1,0.0,0,0,0,0,0.0968609743547993
e700a8d64d47bae37384e723aef33257067c7646879553d6a2e720c70053b1cc,"Hàng gửi đi nhanh cực, đóng gói kỹ và áo chất lượng. Không ngờ săn được giá hời quá mà sản phẩm lại rất tốt, mỏng và thoáng 👍",2024-10-11 13:06:26,0,29,125,4.166666666666667,0.0,0,4,1,1,488.3421064814815,0,0,0,0,0.3466798435159708
dc562659721bc79eca61637aab9ac68fdb7ab24d60a12ecb008af328ba482c05,"Thấm hút:Áo thấm hút mồ hôi rất tốt, khô nhanh sau khi vận động.Chất liệu vải nhẹ, mềm mại và thoáng mát khi mặc. Vật liệu:Chất liệu vải nhẹ, mềm mại và thoáng mát khi mặc. Độ bền:Có vẻ như chất liệu ổn định nhưng chưa dùng lâu nên khó đánh giá.",2026-04-05 10:15:29,0,52,245,4.622641509433962,0.0,2,1,1,0,0.0,0,0,0,0,0.11703836499684919
25b47a2a4f3658784bf7a33782f1875b7789163ec22c49640dc50ac9f27a2fb8,"Chất lượng sản phẩm:đẹp Đợt sale này phải mua 4-5 đơn rồi 1tr tiền hàng nhưng đồ chất lượng quá, mua cho cả mình và bố mặc quá oke",2025-03-30 14:01:03,0,29,130,4.333333333333333,0.0,2,1,1,2,0.0,0,0,0,0,0.05461739604051415
2538359593425cd1c7b12eb00f962ec69388992331d8841974378a57339e09e6,Chất liệu:thoáng mát Đúng với mô tả:giống như hình Màu sắc:đen Mỏng nhẹ giá phù hợp Chất lượng sản phẩm tốt nhe Mình mua rất nhiều đồ bên này cho chồng mình rồi,2023-10-19 11:45:53,0,33,160,4.705882352941177,0.0,6,1,1,1,0.0,0,0,0,0,0.10007497801423981
81ca939f6055a8758b292b0dc6f125dcc66cc6da00b70eaa00ab6ad243baf0e1,Thấm hút:ko biết Độ bền:ok Áo la hàng mới không phải hàng cũ của chính hãng shop giao hàng nhanh mọi người mua trải nghiệm nhé,2026-05-04 17:07:54,0,26,126,4.666666666666667,0.0,3,1,1,2,0.0,0,0,0,0,0.034878050293951406
e23cdcc588a8869132030cb062d4f75c968870aa8aabe3b6ebee0ffcb29adac0,"Chất liệu:vải thông hơi Màu sắc:đen Đúng với mô tả:đúng với mô tả của sản phẩm Áo đẹp, thông hơi mặc rất mát, giao hàng nhanh và đóng gói cẩn thận",2022-10-17 21:18:12,0,31,146,4.5625,0.0,4,1,1,1,0.0,0,0,0,0,0.00519865169234244
1d00f07552a61513efb3d68ac5d0094be280e665d0f16a7f61de16e45f3e1ed5,"Màu sắc:xám đậm Chất liệu:polyestesa Áo đẹp, giá rẻ so với chất lượng á mng. Tag mac đầy đủ luôn dày dặn nên mua nha",2023-07-13 18:28:19,0,25,116,4.461538461538462,0.0,4,1,1,1,0.0,0,0,0,0,0.022021046633419725
37a9dcc8e5f42f3c2ab8539f6971f8af0c25cf014e234971eaac8bad45f31d14,"Chất lượng sản phẩm:tốt Đúng với mô tả:Đúng Vải mát, mặc rất ưng ý. Nói chung mua hàng của Coolmate rất nhiều nên cũng yên tâm",2025-04-09 22:09:21,0,26,126,4.666666666666667,0.0,3,1,1,1,0.0,0,0,0,0,0.0032078980892909096
2f3bbd59e053e99ecd58e629e95d9f94437fc9b2474e6ceff74b22681bead881,"Màu sắc:xám nhạt, đen, xanh navy Chất liệu:thun thể thao thấm hút Vải thun mát, thấm hút tốt, thích hợp cho việc tập gym, chạy bộ, tập thể thao. Đóng gói chỉnh chu, 10đ cho chất lượng. Mình sẽ ủng hộ thêm.",2023-04-16 17:45:00,0,42,205,4.767441860465116,0.0,3,1,1,0,0.0,0,0,0,0,0.05525530596989637
8072e863e1d064620c54899fc2d4e3b4935deaab682c63e507590f472300fb44,"Đúng với mô tả:ok Chất lượng sản phẩm:ok Áo mỏng, nhẹ tênh, mặc mát, màu chuẩn như hình. Bề nặt áo dễ bị xù nếu vướng phải vật gì đó.",2024-06-29 23:38:50,0,30,133,4.290322580645161,0.0,3,2,1,2,0.0,0,0,0,0,0.06706025659830196
83252e72b441a178849d172a4a08c558688b269568204ff6738dd0e13d05fbd3,"Quán cà phê có không gian ấm cúng, trang trí đẹp mắt và âm nhạc nhẹ nhàng. Đồ uống ngon, là cà phê và trà trái cây. Nhân viên thân thiện, phục vụ nhanh. Giá cả hợp lý, phù hợp để học tập, làm việc hoặc gặp gỡ bạn bè.",2026-04-01 07:08:28,0,50,216,4.235294117647059,0.0,0,1,1,0,0.0,0,0,0,0,0.1353215796380453
c76ab1273f71db6de6e995b7b1fceab6c141e0f6b40992338ca4f25b22f416e2,"Thấm hút:tot Vật liệu:tot Độ bền:tot Hàng đóng gói rất đẹp. Quả nhiên người bán đã gửi gắm rất nhiều tâm tư và tình cảm trong lúc gói hàng. Hộp không có dấu hiệu bị móp, chứng tỏ bộ phận vận chuyển đã nâng như nâng trứng, hứng như hứng hoa. Xin nghiêng mình cảm ơn vì tất cả.",2026-04-15 00:41:24,0,59,275,4.583333333333333,0.0,4,1,1,1,0.0,0,0,0,0,0.09856371066067512
c85886790215ea998dec6b855c537e9c3abd1edea56c6de1e7328e8bee64e6c1,"Chất lượng sản phẩm:tốt Đúng với mô tả:đúng Thời gian giao hàng siêu nhanh, đóng gói chắc chắn, đúng loại sản phẩm, dùng siêu thích, sẽ ủng hộ shop dài dài. Rất tốt, nên mua nhé mn",2024-06-06 23:28:12,0,37,180,4.7368421052631575,0.0,3,1,1,0,0.0,0,0,0,0,0.051161674808910304
4877ce008af884d9bd68f67a8bab9e7640f2eafb1ac01565231a6128cdf86f10,"Chất lượng sản phẩm:ok Đúng với mô tả:ok Mua lam quen mà thấy chất lượng ổn, phù hợp, sản phẩm đúng với mô tả. Sẽ tiếp tục ủng hộ shop",2025-09-10 00:32:01,1,30,134,4.32258064516129,0.0,3,2,1,1,5.252268518518519,0,1,0,0,0.4449107759806828
150e286cb507c3b316ee4835696bf91cc3946bd4eba4a48236484097f8983f4e,"Nên mua nhé mọi người, giao hàng nhanh chóng, đóng gói cẩn thận, mỏng nhẹ, form đẹp baljsdvdjdnshvsjdndhdnjđgbsj",2025-02-18 18:35:04,0,18,112,5.894736842105263,0.0,0,1,1,1,0.0,0,0,0,0,0.24808772315348845
1698b03fc187880ef769ed358956b3a213c087decdf287e249aa96040b40039e,Chất lượng sản phẩm:ok Đúng với mô tả:ok Đúng với.mô tả. Giá cả rất oke. Se típ tục ủng hộ shop. Nên mua nha m Ng,2026-01-30 14:19:58,0,26,113,4.185185185185185,0.0,4,1,1,0,0.0,0,0,0,0,0.09119089290339794
64a8d4a3ef9758c4ea4d2d5d3cf78a6d2d262b460668fec4f7f6c04a04458017,"Chất vải mỏng và tốt, thoáng khí tốt. Màu cũng đẹp nữa. Chỉ có 1 điều góp ý là phần cổ áo hơi nhỏ, mặc vào ôm sát trái khế rất khó chịu. Mong shop tiếp thu và cải thiện sản phẩm",2023-07-10 20:35:56,0,42,177,4.116279069767442,0.0,0,1,1,2,0.0,0,0,0,0,0.08881248052042184
fc9a056166c35b8562c5016a08c5b588fd1d4661f9a7dc002960d00191896cb1,"Đúng với mô tả:vai mát( hình ảnh minh hoạ ) Chất liệu:hơi mỏng Màu sắc:chuẩn Nhận được đúng hàng đặt, đóng gói cẩn thận, giá rẻ chất lượng ok ,giao hàng nhanh sẽ ủng hộ shop nữa",2023-10-11 13:17:48,0,37,177,4.657894736842105,0.0,4,1,1,0,0.0,0,0,0,0,0.051818181550898484
bf2ea272ad9fd1764cac72c6cceb0755e9f462a87506bd5c85165bf59ba95e29,"Đúng với mô tả:ok Chất lượng sản phẩm:ok sp dùng tốt rẽ bền , giao hàng đúng hẹn , sẽ ủng hộ tiếp khi hết hàng",2025-10-17 11:07:31,0,26,110,4.074074074074074,0.0,3,1,1,2,0.0,0,0,0,0,0.07850136475022544
0ddaa0cad34450f43fb08c0178200a3c2cf1880d5e1b5e9c167bbf24f0991d41,"Quần thể thao này thực sự là “chân ái” cho mọi buổi tập của mình! Chất liệu vải thun cao cấp mềm mịn, co giãn 4 chiều cực kỳ linh hoạt, giúp mình thoải mái thực hiện mọi động tác từ chạy bộ, gym đến yoga mà không hề bị căng tức hay hạn chế chuyển động. Thoáng khí tốt, thấm hút mồ hôi nhanh, dù tập ngoài trời nắng nóng hay trong phòng máy lạnh cũng luôn khô ráo, dễ chịu. Form dáng chuẩn, ôm vừa phải tôn lên đường nét cơ thể mà vẫn rất năng động, không hề “lộ hàng” khi squat sâu. Đường may chắc chắn, tỉ mỉ, dùng lâu không bung chỉ. Hai túi zip hai bên siêu tiện để đựng điện thoại, chìa khóa khi chạy bộ ngoài đường. Màu sắc trẻ trung, bắt mắt, dễ phối với mọi loại áo thể thao. Sau hơn 2 tháng sử dụng thường xuyên và giặt máy liên tục, quần vẫn giữ form đẹp, màu không phai, độ co giãn gần như nguyên bản. Giá thành hợp lý so với chất lượng tuyệt vời nhận được. Tóm lại: 9.5/10 – chiếc quần thể thao đáng mua nhất mình từng sở hữu! Rất recommend cho các bạn đam mê vận động!",2026-01-28 19:41:42,0,213,980,4.579439252336448,0.0030581039755351682,4,1,1,0,0.0,0,0,0,0,0.9403029721033703
4877ce008af884d9bd68f67a8bab9e7640f2eafb1ac01565231a6128cdf86f10,"Chất lượng sản phẩm:ok Đúng với mô tả:ok Mua lam quen mà thấy chất lượng ổn, phù hợp, sản phẩm đúng với mô tả. Sẽ tiếp tục ủng hộ shop",2025-09-04 18:28:45,1,30,134,4.32258064516129,0.0,3,2,1,1,0.0,0,1,0,0,0.4223999209132083
e93ffa4491206648a84c0a0822e177c859b1470436c1ebb17fefbbbb09c898f9,"Đúng với mô tả:đúng Chất lượng sản phẩm:tốt Giao hàng nhanh, áo đẹp, chất lượng, vãi mát và nhanh khô, thấm hút mồ hôi tốt. Tuyệt vờiiiii",2024-08-10 22:45:32,0,27,137,4.892857142857143,0.0,3,5,2,1,0.0,0,0,0,0,0.5095691457371248
825529daf67084cd0016240256efbf04653341ac81dbd2c4b6cd90e87b413e69,"Màu sắc:Dep, dung theo hinh anh Đúng với mô tả:Chinh xac Chất liệu:mat, nhe Sản phẩm đúng theo mô tả, chất liệu mát, thích hợp mặt vào mùa nóng, thiết kế đơn giản và hài hoà.",2023-05-24 21:41:14,0,36,174,4.702702702702703,0.0,4,1,1,1,0.0,0,0,0,0,0.011062712415984968
f10e88ee16e4b86e8b547da64fbcbb3d26dcf32b296c5bc7c4ca0a09f739ed70,"Giao hàng nhanh, số lượng đầy đủ. Chất liệu vải thun mềm, tốt. Giá cả hợp lý.",2024-10-15 16:11:36,0,17,77,4.277777777777778,0.0,0,1,1,1,0.0,0,0,0,0,0.103974394458837
d149e061571e0df96fe16ec8a370b01a6685331d209bc9025b3c9771f9b4ef58,"Mỏng, nhẹ, nhanh khô Co giãn, thoải mái Màu nâu bên ngoài nhạt hơn trên ảnh 1m75 67kg Đóng gói cẩn thận Giao hàng nhanh 310k 4 cái, 1 cái 77k, giá ok ,chất liệu vải vừa, ko mỏng quá cũg ko dày, vải này mặc thoág mát, co giản, chủ yêu mua để mặc đi ngủ, mặc ở nhà hoặc chơi thể thao, đường chỉ may đẹp ko chỉ thừa hay bụi vải, phần cổ áo có may thêm đường vải rất êm,cao m7 nặng 64kg. lúc đầu cũg hơi lăn tăn tuy nhiên rất hài lòg với SP ,cũg mua nhìu ở coolmate rồi, rất tuyệt sẽ mua tiếp",2026-01-01 06:01:44,0,111,488,4.357142857142857,0.0,6,2,1,1,12.008101851851851,0,0,0,0,0.5052623734125671
138575810007838d666196579b402e3d273f6d3c74a869618fd8a13a2dd418ca,Chất lượng sản phẩm:Tốt Đúng với mô tả:Yes Hàng coolmate thì chất lượng quá ok rồi không phải bàn. Hàng Outlet này sản xuất thu đông 2024 nên có thể nói là outtrend 1 năm rồi nhưng style basic như tui thì nó chả quan trọng gì 🤣 Deal này quá hời zồi,2025-10-08 01:01:12,0,53,248,4.592592592592593,0.0,4,1,1,1,0.0,0,0,0,0,0.06433993779995739
81c11c2dc7b6c169ce64972fcffff5f21ff615d054a46903bd48275d3943e167,"Dịch vụ giao hàng nhanh như chớp, sản phẩm chất lượng tốt, giá thành hợp lý so với thị trường. Giá cả ổn áp, chất lượng sản phẩm quá ấn tượng. Ước biết đến sốp này sớm hơn!",2026-03-31 10:52:13,0,38,172,4.410256410256411,0.005780346820809248,1,1,1,0,0.0,0,0,0,0,0.17473345305427565
7d4cbaf959744dcace901fea10947925077f9523a03930daa283b651b1482813,"Chất lượng sản phẩm tuyệt vời, đóng gói sản phẩm đẹp và chắc chắn. Shop phục vụ rất tốt, đóng hàng rất nhanh. Thời gian giao hàng cũng nhanh.",2024-08-09 08:21:30,0,29,141,4.7,0.0,0,1,1,0,0.0,0,0,0,0,0.09807634736639577
993682deea2596f90a7e61fe0a74bc72c60da808552dd22e7e8d8752b98acc49,"Chất liệu:GOod Màu sắc:ok Đúng với mô tả:yes Chất liệu quá ổn so với mức giá. Ủng hộ hàng Việt, chúc thương hiệu mạnh hơn nữa vươn ra quốc tế. Mong Coolmate có thêm sp cho bé trai",2022-11-18 11:27:15,0,38,179,4.589743589743589,0.0,4,1,1,2,0.0,0,0,0,0,0.0381848271822425
3af3c65bb3d5b33a52672a360ba3f83dc74ba6f7e27e237044ca27e0865f26ac,"thoughts Nếu ưu tiên sự thực dụng, **Royal M368** là lựa chọn số một với kính âm tiện lợi và thiết kế ôm sát an toàn. Ngược lại, **Nón Sơn** khẳng định đẳng cấp qua độ bền sơn vượt trội và sự thông thoáng tối đa. Royal dành cho người hay di chuyển, còn Nón Sơn hoàn hảo để dạo phố thời trang.",2026-04-21 13:44:59,0,63,292,4.5625,0.0,1,1,1,0,0.0,0,0,0,0,0.19881356141312798
eb1f70a95f57b8804231587924d942a8fdef4826fdcfc9080c6ababa07754aa1,"Màu sắc:sáng hơn so với tưởng tượng Đúng với mô tả:đúng Chất liệu:mát và thoát mồ hôi Áo ổn, giá ok, đường may đẹp, nên mua",2023-08-01 00:11:39,0,26,123,4.555555555555555,0.0,4,1,1,2,0.0,0,0,0,0,0.042220898554098364
47526f291c41a98403a7a5b61e8d4601181fa0e8e07b8bdaf97e9f190cfc2a28,"Sản phẩm rất chất lượng, đóng gói cẩn thận, mình rất hài lòng về dịch vụ, sẽ ủng hộ thêm lần sau",2024-03-13 19:32:21,0,22,96,4.173913043478261,0.0,0,1,1,1,0.0,0,0,0,0,0.07295030729402795
938425c4f0ea2ee8608cd684e82fb3716f0a105055c36e67a8068c83c968c032,"Màu sắc:đen Đúng với mô tả:đúng Chất liệu:vải poly mỏng, có lỗ theo hướng dẫn là mình mặc sz L nhưng mình vẫn mua 2XL thì mặc rất vừa ko bị cộc. vải thoáng dùng chạy bộ thể thao.",2023-09-20 14:47:56,0,39,178,4.45,0.0,4,1,1,1,0.0,0,0,0,0,0.015480368420539382
f5df9d3d7e3c6ed8b2a4b2f1205f1c91c9ad3c6f924a46e1515f72061acb31cf,"Chất lượng sản phẩm:hàng tốt Dạo này Coolmate không còn để trong hộp riêng của Coolmate nữa, có thể để tiết kiệm",2024-12-17 22:48:56,0,22,112,4.869565217391305,0.0,2,1,1,2,0.0,0,0,0,0,0.10267798013838332
6dfb4b4310aed8217427c2370889047a51c33854e165bc45c4b1333ce027d3eb,"Sản phẩm đúng kích thước, màu sắc, chất liệu như mô tả. Giao hàng nhanh. Nếu áo có size lớn hơn nữa thì tốt hơn.",2026-04-08 18:45:02,0,25,112,4.3076923076923075,0.0,0,1,1,1,0.0,0,0,0,0,0.059892301779710264
15dcf8ed30342f94a8c551b102aadc99efe56229eda69c3d5d76a9424f298348,"Chất lượng sản phẩm:yess Đúng với mô tả:đúng Áo đẹp, mặc mát, thấm hút mồ hôi tốt, mặc đi tập hoặc chạy thể dục thể thao ok",2025-06-30 20:31:07,0,27,123,4.392857142857143,0.0,3,2,1,1,389.879375,0,0,0,0,0.12487145097343234
c6f52508d5486c37c6a639af99b42457e64aba62307f86069cefdafbb14e5b57,Chất lượng sản phẩm:tốt Đúng với mô tả:đúng mẫu mã Shop giao hàng nhanh và đóng gói cẩn thận. Sản phẩm đúng mô tả và sử dụng ok.,2024-07-11 19:44:17,0,28,128,4.413793103448276,0.0,3,1,1,2,0.0,0,0,0,0,0.03365695558890566
9cf2234a3fe92881c3cd3144f992466ddda03ad988f16a6041b44238794b3de9,,2023-03-05 11:05:40,1,0,0,0.0,0.0,0,1,1,0,0.0,1,0,0,0,0.8493525948021347
f4d41df82169e672ad26a80d06313d3c1e0939017eebdee0f4c4fb5075fee41e,"Áo mặc đẹp, chất thoáng mát, thoải mái lắm, đóng gói nhìn chuyên nghiệp. Lần đầu mua của Coolmate, nếu áo bền sẽ ủng hộ dài dài.",2023-06-10 19:21:52,0,27,128,4.571428571428571,0.0,0,1,1,1,0.0,0,0,0,0,0.04184326519664799
e562aa71c66348f44a87585c6eafc7e285a5182c9a8c71be540a6f2044336301,"Đúng với mô tả:dun Hàng giao cũng khá nhanh. Đunhs chất lượng sp giá từ 57-65k , ổn hết á.. bán vậy mình mua 11 cái mặc cả năm luôn.",2024-12-16 10:57:44,0,30,132,4.258064516129032,0.0,2,1,1,2,0.0,0,0,0,0,0.05465565688066194
bdce33fe14999f0d6ed78f928431f9a20555b0896948763280359b0735e9a024,"Shop đóng gói hàng cẩn thận giao hàng nhanh, sản phẩm giá cả phải chăng, sử dụng tốt chất áo mát mình mua cho bố, bố mình ưng lắm sẽ ủng hộ tiếp ạ hình ảnh và vid mang tính chất nhận xu thôi ạ",2023-05-05 12:31:52,1,45,192,4.173913043478261,0.0,0,1,1,0,0.0,0,0,0,1,0.5371028391045418
99052ab331676d79d4a3fbd9e33ee030cad293e8f32fd597f09f2c271e5dfb63,"Sản phẩm đúng như qc, chất mềm thấm mồ hôi, thoáng khí, màu đúng như mô tả",2026-04-07 21:58:45,0,17,74,4.111111111111111,0.0,0,1,1,4,0.0,0,0,0,0,0.24811037748556963
e700a8d64d47bae37384e723aef33257067c7646879553d6a2e720c70053b1cc,"Đúng với mô tả:dep Màu sắc:nhu hinh Chất liệu:mat Hàng rất đẹp, chất lương dv hãng collmate rất tuyệt, chính sách đổi hàng tốt, đồ đẹp, nên mua, Chậm... như thỏ Chó thì mổ mổ Gà thì liếm la Dữ như quả ng Nhu mì gã cọp Cò thì phốp pháp Bò thì ốm o Cá thì la fo Im như trẻ nhỏ Chậm như cô thỏ Lẹ như cụ rùa... Phỏng theo Và nói ngược",2023-06-11 04:53:48,0,76,331,4.298701298701299,0.0,8,4,1,0,0.0,0,0,0,0,0.523872491350607
28be8d9fc7dde6dadf15f1d6b3b8a9765dca2ba37d7f719ec7377f3194f7860b,"Chất lượng sản phẩm:vải polyeste Đúng với mô tả:đúng với mô tả Áo chơi thể thao, mỏng nhẹ. Mình nữ lấy size M mặc thoải mái",2024-11-05 18:20:30,0,26,123,4.555555555555555,0.0,3,1,1,1,0.0,0,0,0,0,0.004308428031451762
a66100832531f8b7f5ab1a181fc2e670259eb046890d23ab85804412853d8e18,"Đúng với mô tả:dung Màu sắc:đen Chất liệu:mát Đồ của coolmate mình đã mua rất nhiều, chất liệu tốt mà giá hạt rẻ, cả tủ đồ toàn coolmate",2023-09-28 12:53:15,0,28,136,4.689655172413793,0.0,4,1,1,0,0.0,0,0,0,0,0.05407030019259183
9b3d5af8809441f05bd97990d95d7839d6e0c6db5fbb30e8208001f35159dcf3,Chất lượng sản phẩm:tốt mát Đúng với mô tả:đúng với mô tả sản phẩm tốt máy hình ảnh và video mang tính chất minh họa mong shop thông cảm,2024-10-23 09:44:39,0,29,136,4.533333333333333,0.0,3,1,1,1,0.0,0,0,0,0,0.001551265928030173
94779732cf6bd6812a63ab84659563ed593c7a7be388f95b1af805770a92de60,Chất liệu:ổn Màu sắc:Ok Đúng với mô tả:đúng mua về mấy bà chị kêu màu già thế 😅 nhưng thui lỡ ròi biết làm thế nào rút kinh nghiệm nần sau,2023-04-12 09:29:33,0,31,138,4.3125,0.0,6,1,1,1,0.0,0,0,0,0,0.11282416729507445
881a58c0c81b9d1ad1914840649f6405984c0bab88986923f9204d38bba4deaf,Chất liệu:cotton lỗ kim Màu sắc:như hình chụp nha Đúng với mô tả:sản phẩm như mô tả Shop giao hàng nhanh Đóng gói cẩn thận,2022-09-09 20:26:50,0,25,122,4.6923076923076925,0.0,5,1,1,1,0.0,0,0,0,0,0.04627939125697352
28df25c53231862a9449f60281d4e2a5218df8425067390497d1a1345c69e8bc,Màu sắc:xám Chất liệu:vải Shop giao hàng và đóng gói trong hộp đẹp. Sản phẩm coolmat luôn ok trong tầm giá. Áo mặc mát và mỏng phù hợp thể thao. Sẻ ủng hộ những sản phẩm trong tương lai.,2023-03-25 06:33:43,0,39,186,4.65,0.0,3,1,1,0,0.0,0,0,0,0,0.05290254269718775
7f607b1365f27e40e9a5d167362ebdd4b94c91a5d9d3f0ba84652eadb0e50e67,"Đúng với mô tả:ok Chất lượng sản phẩm:tạm Sản phẩm chất lượng vượt xa mong đợi. Rất ấn tượng dịch vụ và đóng gói sản phẩm. Sản phẩm tuyệt vời đúng với mong đợi. So với các sản phẩm hàng hiệu một 9 một 10. Dịch vụ khách hàng rất thân thiện và hỗ trợ nhiệt tình. Sản phẩm đáng để mua, sẽ ủng hộ tiếp. Sản phẩm nhận được giống như mô tả trên trang Facebook. Màu sắc và kiểu dáng của sản phẩm đúng mẫu.",2024-09-13 20:21:26,0,87,398,4.5227272727272725,0.0,10,1,1,1,0.0,0,0,0,0,0.5024502867813578
anonymous_user,"Chất liệu:vải poly Màu sắc:xanh bóng đêm Đúng với mô tả:đúng size L Áo mặc rất thoáng mát , phù hợp cho các hoạt động thể thao",2022-05-29 15:59:50,0,27,126,4.5,0.0,4,8,1,2,0.0,0,0,0,0,0.4088151224938396
1a7eb995e506b43fc58102a5d7b4b94b616508efc4bea9fa373a6d3c37c40cad,"Thấm hút:raa Vật liệu:toot Độ bền:bt Tai nạn xảy ra rạng sáng 5/8/2025 trên quốc lộ 1 hướng từ Cần Thơ qua Vĩnh Long, đoạn qua xã Phú Quới, khi tài xế cầm lái chiếc VinFast VF 3 biển kiểm soát 64A 318.71 đã đâm vào đuôi chiếc xe rác đang dừng đỗ ven đường. Tai nạn xảy ra vào sáng sớm nên cú đâm có tốc độ cao nên đã ghi nhận có ngư",2026-05-08 08:43:25,0,75,332,4.368421052631579,0.0,6,2,1,0,81.8899074074074,0,0,0,0,0.38448433339156785
6ac0523ffe1e38e465a5ee88e40f0613a6ee6eaf2d4d6975332a03af96ac85f9,Thấm hút:tốt Vật liệu:tốt Độ bền:tốt Chất vải màu xám hình như mỏng hơn so với màu xanh rêu đợt mua trước đó thì phải. Này cảm nhận cá nhân thôi nghen. Bận mát chuẩn form,2025-12-17 21:20:50,0,36,170,4.594594594594595,0.0,4,1,1,0,0.0,0,0,0,0,0.05282071881286701
a2c930600b5e3e4bbd0a0c933f4a405b47adb6250e99b098695ed16fb443dcca,"Mỏng nhẹ mát. Chất lượng tốt, hàng được đóng gói cẩn thận trong hộp nhìn rất chỉn chu. Hài lòng lắm. Chúc shop làm ăn phát đạt.",2023-10-10 11:42:19,0,27,127,4.535714285714286,0.0,0,1,1,1,0.0,0,0,0,0,0.043429178235020904
e0652940a9ecdd353746b31c707a246ab664b781d1294b4497939387f755948e,"Shop đóng gói cẩn thận, đúng loại, đủ hàng, giao nhanh. Chất vải mỏng, thoáng mát 🥰🥰🥰",2022-11-16 19:34:43,0,17,85,4.722222222222222,0.0,1,1,1,2,0.0,0,0,0,0,0.1341842856910638
9c8b574acaedc0b6ea1361ff6a497bb279655b6e1c3f7443dbb9984587ef62e4,Thấm hút:thấm hút mồ hôi tốt Vật liệu:thoangs khí Độ bền:chưa biết Shop đóng hàng cẩn thận giao hàng nhanh ! Đúng Size và mầu đã đặt !Sip 5 sao !,2026-04-10 04:03:36,0,31,145,4.53125,0.02054794520547945,4,2,1,0,0.0,0,0,0,0,0.3928269132314958
37076f995f3fa7fc7ee6f5957134652b9bbd1f2a9801f5e7540772425df21541,"Thấm hút:thoáng mát Vật liệu:cotton Độ bền:bền Ship nhanh, đóng gói kĩ, vải mỏng thoáng mát, maug sắc đa dạng",2026-04-03 21:23:12,0,20,109,5.190476190476191,0.0,4,1,1,1,0.0,0,0,0,0,0.12774417173321534
af208b37337603570f73ec94a85ead4de9f8a851ce500d940d164ae5056c090b,"Thấm hút:vai cotton thấm hút mồ hơi, có lỗ thoát khí, hợp cho mùa hè Vật liệu:Chat lieu nhe, tham hut mo hoi. Sieu ung ý Độ bền:M mặc khá nhiều áo cool mate và còn mua lam đồng phục cho xty. Mn ai cũng rất ưng",2026-03-30 20:58:08,0,47,209,4.354166666666667,0.0,2,1,1,0,0.0,0,0,0,0,0.08887587302322776
26e9d8bc8fde611658da8d86085f44852a5e8cc37c7443fc17780680871d65ad,"Áo thấm hút mồ hôi tốt, co dãn, vải mỏng mát và nhẹ không bị đổ lông Mặc đi tập gym , chạy bộ thoải mái",2025-02-27 20:31:51,0,26,103,3.814814814814815,0.0,1,4,1,2,0.0,0,0,0,0,0.32925848023964377
b81bd46fea799acd391094fa6214804cdc993c341decdbb68dd339e5a8eec8c1,"Đúng với mô tả:đúng Chất lượng sản phẩm:tốt Áo rẻ đẹp mát mặc chơi thể thao oke, ship nhanh gọn sp rất oke đã mua nhiều lần",2025-03-27 11:15:56,0,27,123,4.392857142857143,0.0,3,4,1,1,306.46202546296297,0,0,0,0,0.17953608572303564
2a3c6277203d77bb13aa57b17fe1b290d34221db9737752642343d606839333f,"Sản phẩm tốt, tuy gói hàng chưa theo lưu ý của mình nhưng sản phẩm mặc rất mát nha ạ, giá thành tốt, bọc hàng cẩn thận",2022-01-07 11:29:21,0,27,118,4.214285714285714,0.0,0,1,1,1,0.0,0,0,0,0,0.05250107761394481
81d0584fa1972a264f2e349520ba0e714c772c0faed14458429bc35a2f7429d7,"Đúng với mô tả:đẹp Chất lượng sản phẩm:đẹp Giao hàng nhanh, quần áo đẹp, chất lượng, mặc mát mẻ thoải mái khi vận động",2024-07-11 15:41:13,0,24,118,4.72,0.0,3,1,1,4,0.0,0,0,0,0,0.13767045178176987
212f33180713039efb58cc35f339074f16e3363df2a5eb4bd68d35c1b6c95b61,3xl nhưng ko quá lớn nha mặc thoải mái có thể mặc thay áo bthg ko nhất thiết đi tập. áo đi tập nhanh khô thoáng dễ vận động,2025-04-12 18:26:41,0,29,123,4.1,0.0,0,1,1,1,0.0,0,0,0,0,0.043071915307990864
8c8ad7a85324e44b5e5cbc510c12722957feb92ff44a8afa42584f5f744f5620,"Mình thích loại vải mềm, co giãn, chạy hay ngồi xổm không bị cấn. • Quần mà thấm mồ hôi nhanh, khô nhanh thì lúc tập xong thấy dễ chịu hơn hẳn. • Có túi khóa kéo thì yên tâm để điện thoại, chìa khóa, không sợ rơi. • Form gọn gàng, mặc ra ngoài đi cà phê cũng không bị nhìn như mới đi tập về 😅. Nói chung một chiếc quần thể thao tốt với mình là kiểu vừa tiện để tập luyện, vừa đa dụng để mặc hằng ngày, cảm giác tự tin khi mặc chứ không bị luộm thuộm.",2025-08-19 11:03:37,0,103,450,4.326923076923077,0.0,5,1,1,0,0.0,0,0,0,0,0.394051582000165
30bb47a18df9d51fe564aa494d21eb136e4bbedc080ace72e5a17ac208de2e22,"Chất liệu:vải thun Màu sắc:xanh navy Đúng với mô tả:đúng Vải mặc mát, rẻ bền đẹp, tham gia các hoạt động thể thao rất tốt",2023-08-23 00:02:06,0,25,121,4.653846153846154,0.0,4,1,1,1,0.0,0,0,0,0,0.012352568071692062
anonymous_user,Đúng với mô tả:đúng Chất lượng sản phẩm:tốt Túi đẹp ko có nhưng. 10 điểm là 10 điểm. Khóa kéo chắc chắn. Túi chuẩn ko rộng ko chật nói chung là vừa khít. Nhân viên tư vấn hỗ trợ cực kì nhanh. Túi đáng đồng tiền bát gạo . Nên mua nhé ae. Bỏ mấy triệu mua cái loa thì mua cái túi k đáng bao nhiêu,2024-08-27 06:14:04,0,67,294,4.323529411764706,0.0,3,8,1,1,820.5932175925926,0,0,0,0,0.6147207680920294
1ca5489a28b584a50f88c720dbdff5d81d3700218b5a41c6110b7dbb487eb791,"nhìn chung sản phẩm này khá tốt với mức giá hợp lý. Người bán chuẩn bị và đóng gói hàng kĩ lưỡng, hàng không bị móp méo hay hư hỏng gì trong quá trình vận chuyển. Giao hàng khá la nhanh, chỉ đặt trong vòng 1-2 ngày đã nhận được sản phẩm. Sẽ tiếp tục ủng hộ Shopee",2024-10-26 22:31:37,0,58,263,4.4576271186440675,0.0,0,3,1,0,352.8839351851852,0,0,0,0,0.3819202766596126
3ca7a8ed56443286be397d15dd8576b31b1f03a6242e632b6187a8c1bbc7660a,"Áo đẹp quá trời,đường may cẩn thận,cái hộp đựng cũng lịch sự luôn,săn sale được giá hời nè, đồ của coolmate chuẩn size,shop chuẩn bị và giao hàng cũng siêu nhanh,đặt hàng xế trưa hôm qua,chiều nay hàng đã giao đến nhà.",2024-05-15 10:39:36,0,42,218,5.069767441860465,0.0,0,1,1,0,0.0,0,0,0,0,0.17549543266194112
26c0a0167a4bc380f19b39f7804d504838333b197d667c5dba4b4394353fcfe8,Thấm hút:Áo thấm hút mồ hôi tốt Vật liệu:Chất liệu vải nhẹ Độ bền:Chưa dùng lâu nên khó đánh giá,2026-05-18 16:59:50,0,20,96,4.571428571428571,0.0,2,1,1,1,0.0,0,0,0,0,0.05813629366835477
bd3a7e35d1cfe7e929e3ce19fc888ae705a40d3e11f67dcfa5ea16cabe71ca9b,"Sản phẩm giống mô tả, đóng gói cẩn thận, giao hàng nhanh. Sẽ ủng hộ shop lần sau! Hàng đẹp, chất lượng ổn so với giá, tư vấn nhiệt tình. Rất hài lòng!",2026-04-24 07:23:12,0,33,150,4.411764705882353,0.013245033112582781,1,2,1,1,22.667337962962964,0,0,0,0,0.3177756572416577
48f27d98de838acf0bc57a977b10e96156d9e5963f67aeb8693a3752a81cda02,"Đúng với mô tả:Đúng với mô tả Chất lượng sản phẩm:Mặc thoáng, mát Chất liệu như mô tả, mặc mát, thấm mồ hôi",2025-03-28 22:46:35,0,23,107,4.458333333333333,0.0,3,1,1,1,0.0,0,0,0,0,0.028533212218634085
cf9735dc715663eecda7236de356387214da01dfef2190c227ac8835c0b74be7,"Thấm hút:nice Vật liệu:nice Độ bền:nice Mặc đã cực, mỏng, nhẹ, dai, thoáng, trước mình hay tìm mấy mẫu áo cotton dày dặn, đổi sang mấy loại thể thao này thấy thoải mái hẳn. Mỏng mà đã, mỏng kiểu bền ấy không phải kiểu đểu đểu. Nice!",2026-05-25 09:36:22,1,47,232,4.833333333333333,0.004291845493562232,4,2,2,1,0.0,0,1,0,0,0.7790373879021252
b2f6cc7b922a45122d2ab2dc1b9598754f2d1764815eb9846a0cd3e4db9b76c7,"Màu sắc:10d Chất vải dày , thoải mái , hộp hiếc đóng rất đẹp , áo ko có chỉ thừa , đã mua bên TTS 1 chiếc nữa",2023-09-19 10:39:47,0,28,109,3.7586206896551726,0.0,2,1,1,0,0.0,0,0,0,0,0.17635792041546194
10ffe28f2c6b46a84308cabee60208d585ccc5004fcdea87a4b82fcb6ff3ff93,"Shop giao nhanh, hỗ trợ tư vấn size dùm mình rất chính xác. Chất liệu mặc thoáng mát, không mỏng, vừa vặn. Sẽ ủng hộ thêm trong tương lai.",2022-07-12 22:02:41,0,29,138,4.6,0.0,0,3,1,0,0.0,0,0,0,0,0.2348509407506445
4f791a5eea00b907654919faa199d219bd39cce6bdd153aec4af20c316cfa04c,"Tôi đã có cơ hội sử dụng sản phẩm này trong một thời gian và tôi rất hài lòng với hiệu suất của nó. Thiết kế của sản phẩm rất tinh tế và hiện đại, phù hợp với nhiều không gian khác nhau. Chất lượng vật liệu sử dụng rất tốt, mang lại cảm giác chắc chắn và bền bỉ. Về mặt chức năng, sản phẩm hoạt động rất ổn định và hiệu quả. Các tính năng được tích hợp đầy đủ và dễ sử dụng, giúp người dùng có trải nghiệm tốt nhất. Đặc biệt, sản phẩm có khả năng tiết kiệm năng lượng, giúp giảm chi phí sử dụng. Dịch vụ hỗ trợ khách hàng cũng rất chuyên nghiệp và nhanh chóng. Mọi thắc mắc của tôi đều được giải đáp kịp thời và chu đáo. Tóm lại, đây là một sản phẩm đáng để đầu tư. Tôi rất khuyến khích mọi người nên thử và trải nghiệm.",2024-07-20 15:09:07,0,160,720,4.472049689440993,0.0,3,1,1,0,0.0,0,0,0,0,0.7459593236488821
64a9ad333d0ed12debc870af21913e1edbb8aaf4b1c87b0f9826cf8aeceb9144,"Thấm hút:ổn, được Vật liệu:thun co giãm nhẹ Shop giao nhanh, gói hàng cẩn thận và đủ số lượng",2026-05-11 08:37:46,0,19,93,4.65,0.0,3,2,1,1,707.3483680555555,0,0,0,0,0.25937545619702507
5af8a254ab4a9d8c7741ac4a63c5835034a6d0d98a1e6e2386d97a00f9370280,"Đúng với mô tả:ok Chất lượng sản phẩm:ok Săn giá rẻ, áo mặc thoải mái , chất lượng and we can do a good day at",2024-12-13 15:21:35,0,26,110,4.074074074074074,0.0,3,1,1,1,0.0,0,0,0,0,0.046477292339993356
d4794835e96f0471d50e559180cf2de5c8f57b2e725e6ab890763044c487a6e9,"Áo hơi mỏng, chất liệu thoáng mát, có nhiều lỗ thoáng, mau khô, vận chuyển nhanh",2022-05-17 11:52:07,0,16,80,4.705882352941177,0.0,0,1,1,1,0.0,0,0,0,0,0.12042943172032194
912a559d72e104119983411358f121604e233cb148a173988d599581be60cd6e,"Áo mỏng nhẹ mau khô nha anh em, mua về tập thể dục các kiểu là lụm luôn, vẫn tin dùng đồ tập của coolmate vì quá hợp lý và rẻ.",2023-10-17 22:59:29,0,31,126,3.9375,0.0,0,1,1,1,0.0,0,0,0,0,0.07256420283665475
948d3a7d7f3231ecfb984c7c4ff5e7c06716c24582fd0c7e10cdbdb98bf84034,Màu sắc:xanh Chất liệu:vẢi Áo đẹp nha đóng gói đẹp đỉnh cao giá lại rẻ nữa chứ thích hợp mang đi tặng lắm nha,2022-08-10 18:32:03,0,24,109,4.36,0.0,3,1,1,1,0.0,0,0,0,0,0.021690873322734623
b88b3795b50e2ff117da177db7e0200b7c634074267b6168cb390dcab9a62358,Đồ của Coolmate thì khỏi phải bàn cãi. Chất từ trong ra ngoài. Mỗi dịp sinh nhật còn được Coolmate tặng quà bất ngờ nữa. Ủng hộ dài dài.,2024-06-19 18:28:40,0,29,136,4.533333333333333,0.0,0,1,1,2,0.0,0,0,0,0,0.06620180174559187
bc6c826b838b85f0e5eecd1b4e02733dc1db21d560a8ef82ae015f9f7acb84f3,"Chất lượng sản phẩm:tốt Đúng với mô tả:chuẩn Áo mỏng nhẹ, nhiều lỗ thoáng khí, mát mẻ thoải mái trong ngày hè.",2024-06-27 13:14:04,0,22,110,4.782608695652174,0.0,3,4,1,1,432.5759953703704,0,0,0,0,0.2789045263936353
49b1dcf6f804914e938e31c7e119384515f489ff61e8c32d733d736846551b60,"Nhẹ, mỏng mát, giá rẻ, thấm hút mồ hôi tốt nên ưng ý. Mua ở đây nhiều lần rồi",2022-07-14 14:12:17,0,19,77,3.85,0.0,0,1,1,1,0.0,0,0,0,0,0.15115475581145182
d5a0c5a371cf673e131d8e410ad6a8d6e26eee0cc05a0bd1c807a06856daf399,"Đúng với mô tả:đúng như hình quảng cáo Chất liệu:cotton thấm hút Màu sắc:đen Mình mặc đi tập gym rất thích, cử động thoải mái, hút mồ hôi tốt không gây bí bách, châm chích. Sẽ ủng hộ Coolmate lâu dài vì sản phẩm chất lượng, dịch vụ tốt, và còn là nhà tài trợ cho Thỏ Bảy Màu nữa!",2023-07-01 10:20:05,0,60,279,4.573770491803279,0.0035714285714285713,4,1,1,1,0.0,0,0,0,0,0.19048985398472934
f55704ec30dc212f2b9e607c65c56217bdb460fe0186812166f182be6d9d4132,"Màu sắc:đen Chất liệu:vải mịn thoáng Đúng với mô tả:đúng với quảng cáo Giao hàng nhanh , đóng gối cẩn thận , sản phẩm phù hợp giá tiền , tư vấn nhiệt tình , chế độ đổi trả hàng ok , sẽ tiếp tục ủng hộ shop !!!!",2023-09-19 12:31:18,0,48,210,4.285714285714286,0.018957345971563982,4,1,1,1,0.0,0,0,0,0,0.3413146174279465
09216990ba6c809655738d6a52408b972f7f553504e40a068677937394e8d166,Đúng với mô tả:đúng Chất lượng sản phẩm:tốt mát thoải mái Sản phẩm bận rất oke.sẽ tiếp tục ủng hộ nhà coolmat,2025-08-09 17:07:33,0,22,109,4.739130434782608,0.0,3,1,1,3,0.0,0,0,0,0,0.1219290034498012
3fd05b00bfcd53b1e208c4ea93250ffbc210b6ee7a647725b743a1024aeadf72,"Thấm hút:chưa mặc nhưng theo cảm quan thì thấm hút tốt Vật liệu:nhẹ, mỏng, thoáng Độ bền:chưa rõ",2026-04-07 11:05:00,0,18,96,5.052631578947368,0.0,2,1,1,1,0.0,0,0,0,0,0.13662618628841053
ad8108ac059982470b2f26e5ff801dca9cfa9c426448e4a90093ce7d22fc7e6c,"Đúng với mô tả:good Chất lượng sản phẩm:good Sản phẩm đẹp như hình mô tả nhé, hi vọng dùng bền đẹp.",2025-10-14 18:03:16,0,21,99,4.5,0.0,3,1,1,1,0.0,0,0,0,0,0.03571849094284428
d5a5fa758e5845cb547389682b8585136158270f9c09250542e45826a6b6baf8,Chất liệu:mát Màu sắc:đen Đúng với mô tả:đúng Đã mua lần 2 của coolmate. Áo mặc rất thoáng. Ko bị bí ko bị chảy mồ hôi nhiều như những áo thun khác. Sẽ còn ủng hộ coolmate lâu dài. Đóng gói cẩn thận. Giao hàng ko quá lâu,2022-11-15 18:25:36,0,48,220,4.489795918367347,0.0,5,1,1,0,0.0,0,0,0,0,0.13218584740173916
fef74fd32c90d01f38ce4cd3a87013a240c347aa4358b154f175b70083eccd26,"Chất lượng sản phẩm:ok mỏng nhẹ Đúng với mô tả:như mô tả Giao hàng chậm. Đóng gói cẩn thận. Áo màu xanh graphic k tôn da lắm, mặc vào hơi bị đen còn lại ổn.",2024-07-11 16:08:00,0,35,156,4.333333333333333,0.0,3,1,1,5,0.0,0,0,0,0,0.23225648599380722
9681e42710cf63dc24259151d9832ff70aef307b7610424b0e8734592f4c5f22,Chất liệu:tốt Áo mặc rất vừa màu rất đẹp Nói chung là rất nên mua Ok hàng coolmate lúc nào cũng rất chuẩn,2023-03-14 10:48:29,0,23,105,4.375,0.0,2,1,1,1,0.0,0,0,0,0,0.05042334006957985
cf9735dc715663eecda7236de356387214da01dfef2190c227ac8835c0b74be7,"Thấm hút:nice Vật liệu:nice Độ bền:nice Mặc đã cực, mỏng, nhẹ, dai, thoáng, trước mình hay tìm mấy mẫu áo cotton dày dặn, đổi sang mấy loại thể thao này thấy thoải mái hẳn. Mỏng mà đã, mỏng kiểu bền ấy không phải kiểu đểu đểu. Nice!",2026-05-25 09:38:27,1,47,232,4.833333333333333,0.004291845493562232,4,2,2,0,0.0014467592592592592,0,1,0,0,0.7983313950504803
1116329f57b75c04ee409d656250b66a2aa0e83649de30431c7ee32874b5b529,"Ship siêu nhanh và cẩn thận. Mua coolmate nhiều lần, ưng nhất khoản dịch vụ KH. So vừa in, cho 10 điểm",2022-03-16 19:24:55,0,22,102,4.434782608695652,0.0,2,1,1,1,0.0,0,0,0,0,0.0502901126387985
f9cbbcf7bf184dff70d667c144ee49327073f99bf5f1ab72239fa3327c72e3bb,Thấm hút:tốt Vật liệu:tuyệt vời Độ bền:cao Đúng đơn hàng. Chất lượng quúa tốt so với giá tiền. Thuợng hiệu uy tính. Thak sop. Sẻ quay lại mua thêm.,2026-03-14 11:14:07,0,29,147,4.9,0.0,4,3,1,0,8.83013888888889,0,0,0,0,0.17014660879135707
aada7459bcb3872156d8b804dee270668239379cb56fa3f62478cb823ea1683a,Đúng với mô tả:đúng mô tả sản phẩm Chất lượng sản phẩm:chất lượng ok Giao hàng nhanh đóng gói đẹp áo lên phom đẹp mát,2025-02-27 11:28:04,0,25,117,4.5,0.0,3,1,1,1,0.0,0,0,0,0,0.011050373096934336
f0e3a2296ff65de9c209e022579a088f3f83b62bac528e3e8a8c260358c0f221,Chất lượng sản phẩm:very good Đúng với mô tả:đúng FBI tiến hành cuộc truy lùng trực tuyến trên khắp nước Mỹ để tìm kẻ ám sát Charlie Kirk - đồng minh của Tổng thống Donald Trump. Tổng thống Donald Trump gọi cái chết của Charlie Kirk là “một thời khắc đen tối của nước Mỹ” và tuyên bố sẽ truy tặng Kirk Huân chương Tự do Tổng thống.,2025-09-12 20:57:15,0,68,331,4.797101449275362,0.0,5,1,1,3,0.0,0,0,0,0,0.26818232972392847
4cc0652d0adcb627f0de3663beba219d161caa797c12cdf2ff0fd94d6eb16c74,Đúng với mô tả:đúng Chất lượng sản phẩm:phù hợp giá thành. Đã mua nhiều lần. Chất lượng phù hợp giá thành.,2025-02-03 10:38:53,0,21,106,4.818181818181818,0.0,3,1,1,1,0.0,0,0,0,0,0.04402738680931762
8e6cb5de3d4261d0b135f0200dd1f75778b384f7adc804c801dde30f88c3e582,"Áo chất lượng, vải mát, có lỗ li ti rất mát, bạn nào hay vận động nhiều sợ nóng thì nên mua áo này, trước mình đã từng mua các loại áo khác của coolmate thấy chất lượng cũng rất ổn",2024-03-06 20:02:35,0,41,180,4.285714285714286,0.0,0,1,1,1,0.0,0,0,0,0,0.06290300243097544
2efcc9072e847f5df92a8deb3967a34ee26f7e6d3ccfd6e3f5443a79183d7b6f,"Đúng với mô tả:tốt Chất lượng sản phẩm:tốt Giao hàng nhanh chóng và vui vẻ, chất lượng sản phẩm tốt cho shop năm sao về chất lượng và giá cả",2025-09-29 08:14:34,0,30,140,4.516129032258065,0.0,3,1,1,0,0.0,0,0,0,0,0.0450555961382502
620767368fce646deb2c595c9acd2cc426554bbf2b9d24e0cbe370a9d10ddcd7,"Chất lượng sản phẩm:ok Đúng với mô tả:dung Sh giao hàng nhanh, săn sale dc giá tốt, vải thoáng mát nên mua nha các mẹ",2025-06-12 18:18:54,0,25,117,4.5,0.0,3,1,1,1,0.0,0,0,0,0,0.011050373096934336
bd3a7e35d1cfe7e929e3ce19fc888ae705a40d3e11f67dcfa5ea16cabe71ca9b,Thấm hút:ok Vật liệu:ok Độ bền:ok Áo thấm hút mồ hôi rất tốt khô nhanh sau khi vận động chất liệu vải nhẹ mềm mại và thoáng mát khi mặc có vẻ như chất liệu ổn định nhưng chưa dùng lâu nên khó đánh giá,2026-04-01 15:22:14,0,45,200,4.3478260869565215,0.0,4,2,1,1,0.0,0,0,0,0,0.06925824975833506
83241c471353f4d62bf8a74f70999b5045e743c35ec4ed31280b0a9a0a78ff24,"Chất lượng sản phẩm:tốt Vải đẹp, đường may kỹ. Tay áo trắng hơi bị chật không thoải mái như các phom áo khác. Có quà tặng là bao tay, cám ơn shop.",2024-07-27 21:01:27,0,32,146,4.424242424242424,0.0,2,1,1,1,0.0,0,0,0,0,0.024561366018043172
9f39a14e68318c474b3cbdebe7b259799ae8bf9ea8c6255fccb3821875a40bdc,"Đúng với mô tả:đúng Chất lượng sản phẩm:Tốt Gói hàng cẩn thận hộp đẹp. Đầy đủ sản phẩm, áo mặc thoáng mát. Rất hài lòng.",2023-11-28 14:51:15,0,25,120,4.615384615384615,0.0,3,1,1,0,0.0,0,0,0,0,0.056724869140348556
913122b280aaa90f1f5c83df4579fe255cbc413b9b5b6fd9ca1d881e758ca03c,"Chất liệu:vải dệt poly Màu sắc:xanh navy Đúng với mô tả:đúng Áo mát, chất vải dệt mỏng nhẹ, thích hợp mặc mùa hè hoặc tập thể thao. Giao hàng nhanh đóng gói cực chỉnh chu",2022-07-18 11:41:19,0,35,170,4.722222222222222,0.0,4,1,1,1,0.0,0,0,0,0,0.008999880727167155
9361c0ce7e8fa4fb80426f1db0834684ed63faaaa96b0d51a0cab12485b1c0e1,"Lần đầu tiên mua hành và rất hài lòng về sản phẩm, chất vải, form dáng cũng như việc tư vấn phục vụ khách hàng rất tốt. Sẽ ủng hộ shop lâu dài.",2025-03-21 11:03:33,0,33,143,4.205882352941177,0.0,0,1,1,0,0.0,0,0,0,0,0.09441101749987242
75862523c878f1c881d96707405a345a16b92145c00225e68db13744205566f8,Chất lượng sản phẩm:tốt Đúng với mô tả:đúng Thời gian vận chuyển rất hợp lí. Tôi đã đặt hàng với tâm thế hào hứng chờ đợi để được trải nghiệm sản phẩm và tôi không hề bị chờ mỏi cổ. Có thể thấy bên vận chuyển không quản ngại thời tiết và đường xá xa xôi để đưa sản phẩm cho tôi trong thời gian ngắn nhất.,2024-10-15 15:19:01,1,67,304,4.470588235294118,0.0,3,2,1,1,0.0,0,1,0,0,0.5173001298977516
2439e2f714a178b8847731757fd776b3efeecb7a427960cfb36aa8d71be29eb3,"Hôm trước đặt set quần, chồng mình bảo chất ok. Nên đặt thêm 3 cái áo. Shop bán hàng chất lượng, giá phải chăng nếu săn được thêm mã shop",2025-04-28 11:43:10,0,30,137,4.419354838709677,0.0,0,1,1,1,0.0,0,0,0,0,0.04034376801086761
85b2df286f68f1aed240ae9c8275303f60043c36b04ae9a9f2bc8809f11d27ca,"Đúng với mô tả:đúng Màu sắc:đúng Chất liệu:mát Từ Lai lấy thân phận chuyên viên huấn luyện chó quốc tế trở thành cộng tác của Cận Thời Xuyên, dùng kĩ năng chuyên nghiệp vượt trội chinh phục mọi người, còn tặng chú chó cứu hộ “Bình An” của mình cho Cận Thời Xuyên, giúp anh ấy thoát ra",2023-06-26 11:37:55,0,58,351,5.9491525423728815,0.0,4,1,1,1,0.0,0,0,0,0,0.3322121803551889
633310d778542ce13d73bd08dedf3964f3d432467554c95cc6ec00ade4037640,"Áo màu chuẩn như hình, mặc khá mát và co giãn thoải mái, giá cũng rẻ nữa",2025-05-08 03:23:02,0,17,72,4.0,0.0,0,1,1,2,0.0,0,0,0,0,0.15367029880599492
422f2b3468ed41096e2805eaeef92e010cbf990a33c2d88eb958367c6306e1e1,"Sản phẩm xài oke , phù hợp với giá tiền , chất lượng hợp lý cũng đang hot , mn nên mua dùng thử 🫶🏻 chồng mình mặc ưng ý lắm hihi",2025-06-11 23:05:46,0,32,128,3.878787878787879,0.0,0,1,1,1,0.0,0,0,0,0,0.09089053652000405
5d5d6396d12f24c17656577f229e33a8891a45e6c1848d8e1f2549ce2025c02a,"Thấm hút:chất liệu vải mềm mại, thoáng mát Vật liệu:mỏng, nhẹ Độ bền:phù hợp mặc ở nhà hoặc đi tập thể dục thư giãn",2026-04-09 21:59:24,0,24,115,4.6,0.0,2,2,1,1,143.32006944444444,0,0,0,0,0.11026574332577462
055c69849f9e136c3cbe25fd04920f7fe8bd9ae6acf12f79c61f07c68153a8c4,Thấm hút:Ốp điện thoại dùng rất thích. Chất liệu mềm ôm khít điện thoại. Giao hàng siêu nhanh sẽ ủng hộ shop nhiệt tình khi có nhu cầu ạ,2026-04-05 14:24:22,0,29,136,4.533333333333333,0.0,0,1,1,0,0.0,0,0,0,0,0.0922921660783193
e9206f1e861f2176a46310ffb71bee7ac51ad90620d3ca3e189ca03523b636f2,"Chất lượng sản phẩm:good Hình ảnh mang tính chất minh hoạ. Sản phẩm có chất vải đẹp, mặc mát dễ mix đồ và mùa hè mặc cực kỳ thoải mái. Giá còn rẻ nữa mình mua hai áo chỉ có 100 cành",2024-05-04 15:58:36,1,42,181,4.209302325581396,0.0,2,1,1,0,0.0,0,0,0,1,0.5030537646949493
1395fc1def842872ac04e2cd8566a47ed4502cb9ada637307f32cdee5f053909,"Hàng chuẩn, đóng gói cẩn thận, giao hàng nhanh. Shop phục vụ tốt.",2026-04-01 07:37:02,0,13,65,4.642857142857143,0.0,0,1,1,1,0.0,0,0,0,0,0.15736497151455384
fde43bd3dff35347eb596b7eb88e8dc2edc093e882f64e8abd20cc232c746610,"Chất liệu:thun Màu sắc:xám đậm Đúng với mô tả:hơi rộng Shop giao hàng rất nhanh dù HN gửi TpHCM. Áo mỏng mát, phù hợp đi tập. Tuy nhiên phom áo khá rộng, hơi thùng thình nếu lựa theo cân nặng mà shop ghi chú. Ae nào dân tập nên lùi 1 size nhé.",2022-11-14 12:57:23,0,53,243,4.5,0.0,4,1,1,1,0.0,0,0,0,0,0.06069703096654386
7f92cc2db85ed1a1b4266bfc2d08a5381327041a7d85d070fb7a4c01a1a675af,"Màu sắc:xanh than Đúng với mô tả:đúng mô tả Chất liệu:mát Hình ảnh minh hoạ, áo chất liệu tốt, vừa size, shop đóng gói chu đáo",2023-06-25 23:37:22,0,26,126,4.666666666666667,0.0,4,1,1,1,0.0,0,0,0,0,0.009069717362814443
cbebcb88749d742becbc7d825e54459ff98e19cbb0a913bcbccc18fe92703f8d,Thấm hút:ao thoáng khí Vật liệu:mem mai vai the thao Độ bền:rat ben,2026-04-05 16:46:08,0,13,67,4.785714285714286,0.0,2,1,1,1,0.0,0,0,0,0,0.15504160442478737
f579c2274f4c47dc1efb73ee6404a335fb4a5d39d65be35210839351c200c06a,"Thấm hút:tốt Vật liệu:vải ok Độ bền:chưa biết Áo đẹp nha cả nahf, giá rẻ nên mua mhes, giao hàng nha, shipper giao hàng thân thiện, hjnhf ảnh mang tính chất nhận xu",2026-05-10 11:34:45,1,33,164,4.823529411764706,0.0,4,1,1,0,0.0,0,0,0,1,0.490707589041685
d90b70693f8dd7adc5db46aa93b00d29e8fa327d84c3575f2c0f4fa67449dec0,"Sản phẩm giá rẻ nhưng xhaast lượng rất ok nè, từ màu chất vải và đường may đàng hoàng chứ k thừa chỉ or vải dởm",2025-04-20 17:23:33,0,26,111,4.111111111111111,0.0,0,1,1,0,0.0,0,0,0,0,0.11123482696788298
10ffe28f2c6b46a84308cabee60208d585ccc5004fcdea87a4b82fcb6ff3ff93,"Thấm hút:tốt Vật liệu:thun co giãn Độ bền:tốt Áo co giãn tốt, thoáng mát, thấm hút ko bị ám mùi mồ hôi",2026-01-03 19:21:15,0,22,102,4.434782608695652,0.0,4,3,1,1,1270.8878935185185,0,0,0,0,0.45002115875617
1187296557fd40f1abbf555b3214592f6b71286f31d4b6354feadba2495e8476,"Đúng với mô tả:Đúng mô tả Chất lượng sản phẩm:Tốt Chất liệu lỗ kim mỏng mát, k bị mỏng quá. Áo chống nhăn khá tốt, co dãn tốt.",2024-05-29 20:17:41,0,28,126,4.344827586206897,0.0,3,3,1,2,0.0,0,0,0,0,0.12517250369579297
00546b26b424b163776f2cc6197f442fd528cef6506c7dc5b3166ca11909fdf1,"Chất lượng sản phẩm:ổn Đúng với mô tả:đúng Sản phẩm chất lượng ok, giá được discount nữa nên rất ổn",2025-03-30 18:10:51,0,20,99,4.714285714285714,0.0,3,1,1,1,0.0,0,0,0,0,0.04005212680285944
2a779472d9b3efa346697a2bc9cb5f868eeb99d4721f2f418d8616d90f19b653,"Vật liệu:chât liệu nhẹ nhàng thoáng mát Rất thoải mái với đồ của CoolMate, đặt nhiều nên mã giảm cũng nhiều",2026-05-09 23:34:48,0,21,107,4.863636363636363,0.0,2,1,1,3,0.0,0,0,0,0,0.16632559739910835
f4591c7424066f9147fad66779a376a6410e4681c4ee5b1d3624b214600c6b1a,"Đúng với mô tả:đúng mô tả Chất liệu:Tốt Màu sắc:đẹp Áo mặc đẹp lắm luôn, chất liệu thoáng mát nên ông xã mình rất ưng. Sẽ mua thêm những màu khác nữa",2022-10-07 19:51:18,0,32,149,4.515151515151516,0.0,4,1,1,0,0.0,0,0,0,0,0.05233062576647715
02dddb24a90a25f20af05d9bf8f714168ccbf6a6ed42b34947b7fcb56a633473,"Mẫu Recycle này sờ thì nhám hơn mẫu cotton basics, cảm thấy ko mượt mịn bằng nhưng mặc lên thì cũng đẹp, vải có nhiều lỗ nên mát (đã mặc nguyên ngày). Màu rêu xanh đen sẫm lạ mắt nhưng kể ra tay áo dài thêm 1-2cm thì thấy đẹp hơn. Cao 1m70, nặng 65kg mặc L vừa nhé. 5 sao",2022-06-19 09:43:45,0,61,271,4.370967741935484,0.0,0,1,1,4,0.0,0,0,0,0,0.2736943543851161
179b513a9cafcb83b763f5879117c3c7711ec16b589511249d0c38b1c7151c62,Đúng với mô tả:giống như quảng cáo Chất lượng sản phẩm:dùng lâu mới biết Áo thoáng mát thích hợp mặc mùa hè,2025-03-21 17:01:35,0,22,107,4.6521739130434785,0.0,3,1,1,1,0.0,0,0,0,0,0.03104330184868478
52b76f9ccf1bb1a499d160cb54fc0022248107359cce4fda8a551612858ea2c2,"Chất lượng sản phẩm:tốt Đúng với mô tả:đúng Mặc rộng rãi thoải mái, thoáng mát. Tui đã mua 3 cái để dùng dần.",2023-11-13 19:51:19,0,23,109,4.541666666666667,0.0,3,1,1,1,0.0,0,0,0,0,0.025501797883118172
418ff59fc744781611fcc49b5ef6b246335660301409bf91aabfcad564640433,"Thấm hút:xong Vật liệu:tot vua Độ bền:ko biet Chưa xài nhưng thaya vải hơi dày nặng chứ không như cool mate thật là mỏng tabh, nhje hơn và mát hơn nha mọi người , day có thể là hàng fake.",2026-05-16 12:51:51,0,40,187,4.560975609756097,0.0,4,2,1,4,254.11908564814814,0,0,0,0,0.22394872462176713
efa876f054db5faf35916ed0f69112dd9a88b4da1583e019dd0334e4183ef182,Thấm hút:Thấm hút: Sản phẩm thấm hút mồ hôi nhẹ mát thoáng dễ chịu khi mặc và rất tốt,2026-05-26 19:21:22,0,19,85,4.25,0.0,0,1,1,1,0.0,0,0,0,0,0.0831234608173403
1bd4be8fc229ea69dcaf945cfcad8065c9a9316f41a7de4f02a3fd4ac24a8de5,"Thấm hút:áo thấm hút tốt, phù hợp cho vận động Vật liệu:vải mềm, nhẹ, thoáng khí Độ bền:thấy ổn Áo ổn, rất tốt, mát mẻ, thoáng khí",2026-04-11 08:38:03,0,27,130,4.642857142857143,0.0,4,1,1,0,0.0,0,0,0,0,0.05541739559324043
a3d2a80f2b05e5733cf00fc1392955726a35fd248e6b6fdc7c24ae2bd1c342db,"Đúng với mô tả:đúng với mô tả Chất liệu:thun Màu sắc:xám Hàng giao đúng mẫu , size, đúng với chất lượng, vưad túi tiền, nên mua.",2023-05-30 22:26:40,0,26,128,4.7407407407407405,0.0,4,1,1,1,0.0,0,0,0,0,0.013449989011246184
c3855bc042988d83d15eadf163110b2a67ff81391dcd77e4cbce2ff8896b6823,"Quá ưng ý với shop, hậu mãi tuyệt vời. Mặc rộng cắt mác các thứ rồi. Vẫn cho đổi size, còn ko mất phí 👌",2023-07-28 12:18:32,0,25,103,3.9615384615384617,0.0,0,1,1,1,0.0,0,0,0,0,0.08747132665415562
0210b6720eb201a7a212c45fafc9e8fb89846dd4abe9859e60492e8f93d4ff63,"Áo thun coolmate mỏng nhẹ, thoáng khí, cầm lên vải rất mềm. Sau một thời gian sd nếu sản phẩm bền tốt sẽ quay lại ủng hộ thêm ạ.",2025-08-14 00:44:23,0,29,128,4.266666666666667,0.0,0,1,1,3,0.0,0,0,0,0,0.11180589759760444
54597d77ead7136c39ca2597ac824f9386506dc258f77ad4cdeb4bbcbbc50e9f,"Chất liệu:mềm, mát Màu sắc:xanh than Đúng với mô tả:đúng Áo dành cho vận động, mặc rất nhẹ, chất vải thoáng mát không gây cọ, kích ứng da. Vừa size",2022-10-02 00:28:10,0,30,147,4.741935483870968,0.0,4,1,1,1,0.0,0,0,0,0,0.01019163676458971
